timestamp,set_val,lux_raw,lux_corrected,visible,ir,sensor_settings,dark_offset_lux
2026-09-01T11:56:42.972987,0.2,465.11999999999995,465.11999999999995,3506,1025,MED  / 100ms,0.0
2026-09-01T11:56:42.977974,0.2,465.11999999999995,465.11999999999995,3506,1025,MED  / 100ms,0.0
2026-09-01T11:56:42.982422,0.2,465.11999999999995,465.11999999999995,3506,1025,MED  / 100ms,0.0
2026-09-01T11:56:42.987530,0.2,465.11999999999995,465.11999999999995,3506,1025,MED  / 100ms,0.0
2026-09-01T11:56:42.991925,0.2,465.11999999999995,465.11999999999995,3506,1025,MED  / 100ms,0.0
2026-09-01T11:56:42.996254,0.2,465.11999999999995,465.11999999999995,3506,1025,MED  / 100ms,0.0
2026-09-01T11:56:43.000882,0.2,465.11999999999995,465.11999999999995,3506,1025,MED  / 100ms,0.0
2026-09-01T11:56:43.005374,0.2,465.11999999999995,465.11999999999995,3506,1025,MED  / 100ms,0.0
2026-09-01T11:56:43.009752,0.2,465.11999999999995,465.11999999999995,3506,1025,MED  / 100ms,0.0
2026-09-01T11:56:43.014081,0.2,465.11999999999995,465.11999999999995,3506,1025,MED  / 100ms,0.0
2026-09-01T11:56:43.018444,0.2,465.11999999999995,465.11999999999995,3506,1025,MED  / 100ms,0.0
2026-09-01T11:56:43.022767,0.2,465.11999999999995,465.11999999999995,3506,1025,MED  / 100ms,0.0
2026-09-01T11:56:43.027072,0.2,465.11999999999995,465.11999999999995,3506,1025,MED  / 100ms,0.0
2026-09-01T11:56:43.031385,0.2,465.11999999999995,465.11999999999995,3506,1025,MED  / 100ms,0.0
2026-09-01T11:56:43.035691,0.2,465.11999999999995,465.11999999999995,3506,1025,MED  / 100ms,0.0
2026-09-01T11:56:43.040220,0.2,464.9568,464.9568,3505,1025,MED  / 100ms,0.0
2026-09-01T11:56:43.044658,0.2,464.9568,464.9568,3505,1025,MED  / 100ms,0.0
2026-09-01T11:56:43.048983,0.2,464.9568,464.9568,3505,1025,MED  / 100ms,0.0
2026-09-01T11:56:43.053300,0.2,464.9568,464.9568,3505,1025,MED  / 100ms,0.0
2026-09-01T11:56:43.058203,0.2,464.9568,464.9568,3505,1025,MED  / 100ms,0.0
2026-09-01T11:56:43.062477,0.2,464.9568,464.9568,3505,1025,MED  / 100ms,0.0
2026-09-01T11:56:43.066734,0.2,464.9568,464.9568,3505,1025,MED  / 100ms,0.0
2026-09-01T11:56:43.071063,0.2,464.9568,464.9568,3505,1025,MED  / 100ms,0.0
2026-09-01T11:56:43.075337,0.2,464.9568,464.9568,3505,1025,MED  / 100ms,0.0
2026-09-01T11:56:43.079595,0.2,464.9568,464.9568,3505,1025,MED  / 100ms,0.0
2026-09-01T11:56:43.083850,0.2,464.9568,464.9568,3505,1025,MED  / 100ms,0.0
2026-09-01T11:56:43.088129,0.2,464.9568,464.9568,3505,1025,MED  / 100ms,0.0
2026-09-01T11:56:43.092394,0.2,464.9568,464.9568,3505,1025,MED  / 100ms,0.0
2026-09-01T11:56:43.096687,0.2,464.9568,464.9568,3505,1025,MED  / 100ms,0.0
2026-09-01T11:56:43.100951,0.2,464.9568,464.9568,3505,1025,MED  / 100ms,0.0
2026-09-01T11:56:43.105228,0.2,464.9568,464.9568,3505,1025,MED  / 100ms,0.0
2026-09-01T11:56:43.109491,0.2,464.9568,464.9568,3505,1025,MED  / 100ms,0.0
2026-09-01T11:56:43.113748,0.2,464.9568,464.9568,3505,1025,MED  / 100ms,0.0
2026-09-01T11:56:43.118022,0.2,464.9568,464.9568,3505,1025,MED  / 100ms,0.0
2026-09-01T11:56:43.122314,0.2,464.9568,464.9568,3505,1025,MED  / 100ms,0.0
2026-09-01T11:56:43.126595,0.2,464.9568,464.9568,3505,1025,MED  / 100ms,0.0
2026-09-01T11:56:43.130864,0.2,464.9568,464.9568,3505,1025,MED  / 100ms,0.0
2026-09-01T11:56:43.135124,0.2,464.9568,464.9568,3505,1025,MED  / 100ms,0.0
2026-09-01T11:56:43.139376,0.2,464.9568,464.9568,3505,1025,MED  / 100ms,0.0
2026-09-01T11:56:43.143794,0.2,464.9568,464.9568,3505,1025,MED  / 100ms,0.0
2026-09-01T11:56:43.148056,0.2,464.9568,464.9568,3505,1025,MED  / 100ms,0.0
2026-09-01T11:56:43.152332,0.2,464.9568,464.9568,3505,1025,MED  / 100ms,0.0
2026-09-01T11:56:43.156649,0.2,464.9568,464.9568,3505,1025,MED  / 100ms,0.0
2026-09-01T11:56:43.160922,0.2,464.9568,464.9568,3505,1025,MED  / 100ms,0.0
2026-09-01T11:56:43.165191,0.2,464.9568,464.9568,3505,1025,MED  / 100ms,0.0
2026-09-01T11:56:43.169470,0.2,464.9568,464.9568,3505,1025,MED  / 100ms,0.0
2026-09-01T11:56:43.173754,0.2,464.9568,464.9568,3505,1025,MED  / 100ms,0.0
2026-09-01T11:56:43.178025,0.2,464.9568,464.9568,3505,1025,MED  / 100ms,0.0
2026-09-01T11:56:43.182286,0.2,464.9568,464.9568,3505,1025,MED  / 100ms,0.0
2026-09-01T11:56:43.186571,0.2,464.9568,464.9568,3505,1025,MED  / 100ms,0.0
2026-09-01T11:56:43.190838,0.2,464.9568,464.9568,3505,1025,MED  / 100ms,0.0
2026-09-01T11:56:43.195108,0.2,464.9568,464.9568,3505,1025,MED  / 100ms,0.0
2026-09-01T11:56:43.199388,0.2,464.9568,464.9568,3505,1025,MED  / 100ms,0.0
2026-09-01T11:56:43.203656,0.2,464.9568,464.9568,3505,1025,MED  / 100ms,0.0
2026-09-01T11:56:43.207919,0.2,464.9568,464.9568,3505,1025,MED  / 100ms,0.0
2026-09-01T11:56:43.212180,0.2,464.9568,464.9568,3505,1025,MED  / 100ms,0.0
2026-09-01T11:56:43.216449,0.2,464.9568,464.9568,3505,1025,MED  / 100ms,0.0
2026-09-01T11:56:43.220719,0.2,464.9568,464.9568,3505,1025,MED  / 100ms,0.0
2026-09-01T11:56:43.224982,0.2,464.9568,464.9568,3505,1025,MED  / 100ms,0.0
2026-09-01T11:56:43.229249,0.2,464.9568,464.9568,3505,1025,MED  / 100ms,0.0
2026-09-01T11:56:43.233519,0.2,464.9568,464.9568,3505,1025,MED  / 100ms,0.0
2026-09-01T11:56:43.237785,0.2,464.9568,464.9568,3505,1025,MED  / 100ms,0.0
2026-09-01T11:56:43.242049,0.2,464.9568,464.9568,3505,1025,MED  / 100ms,0.0
2026-09-01T11:56:43.246494,0.2,464.9568,464.9568,3505,1025,MED  / 100ms,0.0
2026-09-01T11:56:43.250764,0.2,464.9568,464.9568,3505,1025,MED  / 100ms,0.0
2026-09-01T11:56:43.255037,0.2,464.9568,464.9568,3505,1025,MED  / 100ms,0.0
2026-09-01T11:56:43.259308,0.2,464.9568,464.9568,3505,1025,MED  / 100ms,0.0
2026-09-01T11:56:43.263597,0.2,464.9568,464.9568,3505,1025,MED  / 100ms,0.0
2026-09-01T11:56:43.267877,0.2,464.9568,464.9568,3505,1025,MED  / 100ms,0.0
2026-09-01T11:56:43.272159,0.2,464.9568,464.9568,3505,1025,MED  / 100ms,0.0
2026-09-01T11:56:43.276424,0.2,464.9568,464.9568,3505,1025,MED  / 100ms,0.0
2026-09-01T11:56:43.280686,0.2,464.9568,464.9568,3505,1025,MED  / 100ms,0.0
2026-09-01T11:56:43.284950,0.2,464.9568,464.9568,3505,1025,MED  / 100ms,0.0
2026-09-01T11:56:43.289239,0.2,464.9568,464.9568,3505,1025,MED  / 100ms,0.0
2026-09-01T11:56:43.293513,0.2,464.9568,464.9568,3505,1025,MED  / 100ms,0.0
2026-09-01T11:56:43.297785,0.2,464.9568,464.9568,3505,1025,MED  / 100ms,0.0
2026-09-01T11:56:43.302072,0.2,464.9568,464.9568,3505,1025,MED  / 100ms,0.0
2026-09-01T11:56:43.306337,0.2,464.9568,464.9568,3505,1025,MED  / 100ms,0.0
2026-09-01T11:56:43.310617,0.2,464.9568,464.9568,3505,1025,MED  / 100ms,0.0
2026-09-01T11:56:43.314882,0.2,464.9568,464.9568,3505,1025,MED  / 100ms,0.0
2026-09-01T11:56:43.319149,0.2,464.9568,464.9568,3505,1025,MED  / 100ms,0.0
2026-09-01T11:56:43.323411,0.2,464.9568,464.9568,3505,1025,MED  / 100ms,0.0
2026-09-01T11:56:43.327672,0.2,464.9568,464.9568,3505,1025,MED  / 100ms,0.0
2026-09-01T11:56:43.331942,0.2,464.9568,464.9568,3505,1025,MED  / 100ms,0.0
2026-09-01T11:56:43.336214,0.2,464.9568,464.9568,3505,1025,MED  / 100ms,0.0
2026-09-01T11:56:43.340483,0.2,464.9568,464.9568,3505,1025,MED  / 100ms,0.0
2026-09-01T11:56:43.344774,0.2,464.9568,464.9568,3505,1025,MED  / 100ms,0.0
2026-09-01T11:56:43.349213,0.2,464.9568,464.9568,3505,1025,MED  / 100ms,0.0
2026-09-01T11:56:43.353490,0.2,465.11999999999995,465.11999999999995,3506,1025,MED  / 100ms,0.0
2026-09-01T11:56:43.357788,0.2,465.11999999999995,465.11999999999995,3506,1025,MED  / 100ms,0.0
2026-09-01T11:56:43.362081,0.2,465.11999999999995,465.11999999999995,3506,1025,MED  / 100ms,0.0
2026-09-01T11:56:43.366367,0.2,465.11999999999995,465.11999999999995,3506,1025,MED  / 100ms,0.0
2026-09-01T11:56:43.370653,0.2,465.11999999999995,465.11999999999995,3506,1025,MED  / 100ms,0.0
2026-09-01T11:56:43.374925,0.2,465.11999999999995,465.11999999999995,3506,1025,MED  / 100ms,0.0
2026-09-01T11:56:43.379199,0.2,465.11999999999995,465.11999999999995,3506,1025,MED  / 100ms,0.0
2026-09-01T11:56:43.383476,0.2,465.11999999999995,465.11999999999995,3506,1025,MED  / 100ms,0.0
2026-09-01T11:56:43.387757,0.2,465.11999999999995,465.11999999999995,3506,1025,MED  / 100ms,0.0
2026-09-01T11:56:43.392035,0.2,465.11999999999995,465.11999999999995,3506,1025,MED  / 100ms,0.0
2026-09-01T11:56:43.396306,0.2,465.11999999999995,465.11999999999995,3506,1025,MED  / 100ms,0.0
2026-09-01T11:56:43.400580,0.2,465.11999999999995,465.11999999999995,3506,1025,MED  / 100ms,0.0
2026-09-01T11:56:43.404849,0.2,465.11999999999995,465.11999999999995,3506,1025,MED  / 100ms,0.0
2026-09-01T11:56:43.409137,0.2,465.11999999999995,465.11999999999995,3506,1025,MED  / 100ms,0.0
2026-09-01T11:56:43.413401,0.2,465.11999999999995,465.11999999999995,3506,1025,MED  / 100ms,0.0
2026-09-01T11:56:43.417684,0.2,465.11999999999995,465.11999999999995,3506,1025,MED  / 100ms,0.0
2026-09-01T11:56:43.421957,0.2,465.11999999999995,465.11999999999995,3506,1025,MED  / 100ms,0.0
2026-09-01T11:56:43.426218,0.2,465.11999999999995,465.11999999999995,3506,1025,MED  / 100ms,0.0
2026-09-01T11:56:43.430494,0.2,465.11999999999995,465.11999999999995,3506,1025,MED  / 100ms,0.0
2026-09-01T11:56:43.434770,0.2,465.11999999999995,465.11999999999995,3506,1025,MED  / 100ms,0.0
2026-09-01T11:56:43.439044,0.2,465.11999999999995,465.11999999999995,3506,1025,MED  / 100ms,0.0
2026-09-01T11:56:43.443306,0.2,465.11999999999995,465.11999999999995,3506,1025,MED  / 100ms,0.0
2026-09-01T11:56:43.447569,0.2,465.11999999999995,465.11999999999995,3506,1025,MED  / 100ms,0.0
2026-09-01T11:56:43.451836,0.2,465.11999999999995,465.11999999999995,3506,1025,MED  / 100ms,0.0
2026-09-01T11:56:43.456291,0.2,465.11999999999995,465.11999999999995,3506,1025,MED  / 100ms,0.0
2026-09-01T11:56:43.460565,0.2,465.11999999999995,465.11999999999995,3506,1025,MED  / 100ms,0.0
2026-09-01T11:56:43.464834,0.2,465.11999999999995,465.11999999999995,3506,1025,MED  / 100ms,0.0
2026-09-01T11:56:43.469102,0.2,465.11999999999995,465.11999999999995,3506,1025,MED  / 100ms,0.0
2026-09-01T11:56:43.473367,0.2,465.11999999999995,465.11999999999995,3506,1025,MED  / 100ms,0.0
2026-09-01T11:56:43.477681,0.2,465.11999999999995,465.11999999999995,3506,1025,MED  / 100ms,0.0
2026-09-01T11:56:43.481990,0.2,465.11999999999995,465.11999999999995,3506,1025,MED  / 100ms,0.0
2026-09-01T11:56:43.486264,0.2,465.11999999999995,465.11999999999995,3506,1025,MED  / 100ms,0.0
2026-09-01T11:56:43.490530,0.2,465.11999999999995,465.11999999999995,3506,1025,MED  / 100ms,0.0
2026-09-01T11:56:43.494796,0.2,465.11999999999995,465.11999999999995,3506,1025,MED  / 100ms,0.0
2026-09-01T11:56:43.499059,0.2,465.11999999999995,465.11999999999995,3506,1025,MED  / 100ms,0.0
2026-09-01T11:56:43.503330,0.2,465.11999999999995,465.11999999999995,3506,1025,MED  / 100ms,0.0
2026-09-01T11:56:43.507602,0.2,465.11999999999995,465.11999999999995,3506,1025,MED  / 100ms,0.0
2026-09-01T11:56:43.511883,0.2,465.11999999999995,465.11999999999995,3506,1025,MED  / 100ms,0.0
2026-09-01T11:56:43.516186,0.2,465.11999999999995,465.11999999999995,3506,1025,MED  / 100ms,0.0
2026-09-01T11:56:43.520482,0.2,465.11999999999995,465.11999999999995,3506,1025,MED  / 100ms,0.0
2026-09-01T11:56:43.524750,0.2,465.11999999999995,465.11999999999995,3506,1025,MED  / 100ms,0.0
2026-09-01T11:56:43.529044,0.2,465.11999999999995,465.11999999999995,3506,1025,MED  / 100ms,0.0
2026-09-01T11:56:43.533308,0.2,465.11999999999995,465.11999999999995,3506,1025,MED  / 100ms,0.0
2026-09-01T11:56:43.537579,0.2,465.11999999999995,465.11999999999995,3506,1025,MED  / 100ms,0.0
2026-09-01T11:56:43.541843,0.2,465.11999999999995,465.11999999999995,3506,1025,MED  / 100ms,0.0
2026-09-01T11:56:43.546116,0.2,465.11999999999995,465.11999999999995,3506,1025,MED  / 100ms,0.0
2026-09-01T11:56:43.550405,0.2,465.11999999999995,465.11999999999995,3506,1025,MED  / 100ms,0.0
2026-09-01T11:56:43.554698,0.2,465.11999999999995,465.11999999999995,3506,1025,MED  / 100ms,0.0
2026-09-01T11:56:43.559130,0.2,465.11999999999995,465.11999999999995,3506,1025,MED  / 100ms,0.0
2026-09-01T11:56:43.563400,0.2,465.28319999999997,465.28319999999997,3507,1025,MED  / 100ms,0.0
2026-09-01T11:56:43.567683,0.2,465.28319999999997,465.28319999999997,3507,1025,MED  / 100ms,0.0
2026-09-01T11:56:43.571956,0.2,465.28319999999997,465.28319999999997,3507,1025,MED  / 100ms,0.0
2026-09-01T11:56:43.576221,0.2,465.28319999999997,465.28319999999997,3507,1025,MED  / 100ms,0.0
2026-09-01T11:56:43.580489,0.2,465.28319999999997,465.28319999999997,3507,1025,MED  / 100ms,0.0
2026-09-01T11:56:43.584758,0.2,465.28319999999997,465.28319999999997,3507,1025,MED  / 100ms,0.0
2026-09-01T11:56:43.589036,0.2,465.28319999999997,465.28319999999997,3507,1025,MED  / 100ms,0.0
2026-09-01T11:56:43.593303,0.2,465.28319999999997,465.28319999999997,3507,1025,MED  / 100ms,0.0
2026-09-01T11:56:43.597564,0.2,465.28319999999997,465.28319999999997,3507,1025,MED  / 100ms,0.0
2026-09-01T11:56:43.601837,0.2,465.28319999999997,465.28319999999997,3507,1025,MED  / 100ms,0.0
2026-09-01T11:56:43.606108,0.2,465.28319999999997,465.28319999999997,3507,1025,MED  / 100ms,0.0
2026-09-01T11:56:43.610372,0.2,465.28319999999997,465.28319999999997,3507,1025,MED  / 100ms,0.0
2026-09-01T11:56:43.614637,0.2,465.28319999999997,465.28319999999997,3507,1025,MED  / 100ms,0.0
2026-09-01T11:56:43.618908,0.2,465.28319999999997,465.28319999999997,3507,1025,MED  / 100ms,0.0
2026-09-01T11:56:43.623169,0.2,465.28319999999997,465.28319999999997,3507,1025,MED  / 100ms,0.0
2026-09-01T11:56:43.627437,0.2,465.28319999999997,465.28319999999997,3507,1025,MED  / 100ms,0.0
2026-09-01T11:56:43.631704,0.2,465.28319999999997,465.28319999999997,3507,1025,MED  / 100ms,0.0
2026-09-01T11:56:43.635976,0.2,465.28319999999997,465.28319999999997,3507,1025,MED  / 100ms,0.0
2026-09-01T11:56:43.640245,0.2,465.28319999999997,465.28319999999997,3507,1025,MED  / 100ms,0.0
2026-09-01T11:56:43.644505,0.2,465.28319999999997,465.28319999999997,3507,1025,MED  / 100ms,0.0
2026-09-01T11:56:43.648774,0.2,465.28319999999997,465.28319999999997,3507,1025,MED  / 100ms,0.0
2026-09-01T11:56:43.653044,0.2,465.28319999999997,465.28319999999997,3507,1025,MED  / 100ms,0.0
2026-09-01T11:56:43.657307,0.2,465.28319999999997,465.28319999999997,3507,1025,MED  / 100ms,0.0
2026-09-01T11:56:43.661732,0.2,465.28319999999997,465.28319999999997,3507,1025,MED  / 100ms,0.0
2026-09-01T11:56:43.666011,0.2,465.178752,465.178752,3507,1026,MED  / 100ms,0.0
2026-09-01T11:56:43.670277,0.2,465.178752,465.178752,3507,1026,MED  / 100ms,0.0
2026-09-01T11:56:43.674542,0.2,465.178752,465.178752,3507,1026,MED  / 100ms,0.0
2026-09-01T11:56:43.678808,0.2,465.178752,465.178752,3507,1026,MED  / 100ms,0.0
2026-09-01T11:56:43.683070,0.2,465.178752,465.178752,3507,1026,MED  / 100ms,0.0
2026-09-01T11:56:43.687342,0.2,465.178752,465.178752,3507,1026,MED  / 100ms,0.0
2026-09-01T11:56:43.691612,0.2,465.178752,465.178752,3507,1026,MED  / 100ms,0.0
2026-09-01T11:56:43.695879,0.2,465.178752,465.178752,3507,1026,MED  / 100ms,0.0
2026-09-01T11:56:43.700152,0.2,465.178752,465.178752,3507,1026,MED  / 100ms,0.0
2026-09-01T11:56:43.704437,0.2,465.178752,465.178752,3507,1026,MED  / 100ms,0.0
2026-09-01T11:56:43.708700,0.2,465.178752,465.178752,3507,1026,MED  / 100ms,0.0
2026-09-01T11:56:43.712961,0.2,465.178752,465.178752,3507,1026,MED  / 100ms,0.0
2026-09-01T11:56:43.717228,0.2,465.178752,465.178752,3507,1026,MED  / 100ms,0.0
2026-09-01T11:56:43.721503,0.2,465.178752,465.178752,3507,1026,MED  / 100ms,0.0
2026-09-01T11:56:43.725772,0.2,465.178752,465.178752,3507,1026,MED  / 100ms,0.0
2026-09-01T11:56:43.730046,0.2,465.178752,465.178752,3507,1026,MED  / 100ms,0.0
2026-09-01T11:56:43.734330,0.2,465.178752,465.178752,3507,1026,MED  / 100ms,0.0
2026-09-01T11:56:43.738597,0.2,465.178752,465.178752,3507,1026,MED  / 100ms,0.0
2026-09-01T11:56:43.742858,0.2,465.178752,465.178752,3507,1026,MED  / 100ms,0.0
2026-09-01T11:56:43.747128,0.2,465.178752,465.178752,3507,1026,MED  / 100ms,0.0
2026-09-01T11:56:43.751429,0.2,465.178752,465.178752,3507,1026,MED  / 100ms,0.0
2026-09-01T11:56:43.755704,0.2,465.178752,465.178752,3507,1026,MED  / 100ms,0.0
2026-09-01T11:56:43.759976,0.2,465.178752,465.178752,3507,1026,MED  / 100ms,0.0
2026-09-01T11:56:43.764396,0.2,465.178752,465.178752,3507,1026,MED  / 100ms,0.0
2026-09-01T11:56:43.768696,0.2,465.178752,465.178752,3507,1026,MED  / 100ms,0.0
2026-09-01T11:56:43.772965,0.2,465.178752,465.178752,3507,1026,MED  / 100ms,0.0
2026-09-01T11:56:43.777231,0.2,465.178752,465.178752,3507,1026,MED  / 100ms,0.0
2026-09-01T11:56:43.781506,0.2,465.178752,465.178752,3507,1026,MED  / 100ms,0.0
2026-09-01T11:56:43.785777,0.2,465.178752,465.178752,3507,1026,MED  / 100ms,0.0
2026-09-01T11:56:43.790045,0.2,465.178752,465.178752,3507,1026,MED  / 100ms,0.0
2026-09-01T11:56:43.794308,0.2,465.178752,465.178752,3507,1026,MED  / 100ms,0.0
2026-09-01T11:56:43.798570,0.2,465.178752,465.178752,3507,1026,MED  / 100ms,0.0
2026-09-01T11:56:43.802833,0.2,465.178752,465.178752,3507,1026,MED  / 100ms,0.0
2026-09-01T11:56:43.807110,0.2,465.178752,465.178752,3507,1026,MED  / 100ms,0.0
2026-09-01T11:56:43.811373,0.2,465.178752,465.178752,3507,1026,MED  / 100ms,0.0
2026-09-01T11:56:43.815642,0.2,465.178752,465.178752,3507,1026,MED  / 100ms,0.0
2026-09-01T11:56:43.819923,0.2,465.178752,465.178752,3507,1026,MED  / 100ms,0.0
2026-09-01T11:56:43.824194,0.2,465.178752,465.178752,3507,1026,MED  / 100ms,0.0
2026-09-01T11:56:43.828479,0.2,465.178752,465.178752,3507,1026,MED  / 100ms,0.0
2026-09-01T11:56:43.832744,0.2,465.178752,465.178752,3507,1026,MED  / 100ms,0.0
2026-09-01T11:56:43.837019,0.2,465.178752,465.178752,3507,1026,MED  / 100ms,0.0
2026-09-01T11:56:43.841289,0.2,465.178752,465.178752,3507,1026,MED  / 100ms,0.0
2026-09-01T11:56:43.845576,0.2,465.178752,465.178752,3507,1026,MED  / 100ms,0.0
2026-09-01T11:56:43.849840,0.2,465.178752,465.178752,3507,1026,MED  / 100ms,0.0
2026-09-01T11:56:43.854112,0.2,465.178752,465.178752,3507,1026,MED  / 100ms,0.0
2026-09-01T11:56:43.858377,0.2,465.178752,465.178752,3507,1026,MED  / 100ms,0.0
2026-09-01T11:56:43.862646,0.2,465.178752,465.178752,3507,1026,MED  / 100ms,0.0
2026-09-01T11:56:43.866911,0.2,465.178752,465.178752,3507,1026,MED  / 100ms,0.0
2026-09-01T11:56:43.871346,0.2,465.178752,465.178752,3507,1026,MED  / 100ms,0.0
2026-09-01T11:56:43.875616,0.2,465.178752,465.178752,3507,1026,MED  / 100ms,0.0
2026-09-01T11:56:43.879897,0.2,465.178752,465.178752,3507,1026,MED  / 100ms,0.0
2026-09-01T11:56:43.884167,0.2,465.178752,465.178752,3507,1026,MED  / 100ms,0.0
2026-09-01T11:56:43.888463,0.2,465.178752,465.178752,3507,1026,MED  / 100ms,0.0
2026-09-01T11:56:43.892744,0.2,465.178752,465.178752,3507,1026,MED  / 100ms,0.0
2026-09-01T11:56:43.897011,0.2,465.178752,465.178752,3507,1026,MED  / 100ms,0.0
2026-09-01T11:56:43.901295,0.2,465.178752,465.178752,3507,1026,MED  / 100ms,0.0
2026-09-01T11:56:43.905575,0.2,465.178752,465.178752,3507,1026,MED  / 100ms,0.0
2026-09-01T11:56:43.909857,0.2,465.178752,465.178752,3507,1026,MED  / 100ms,0.0
2026-09-01T11:56:43.914156,0.2,465.178752,465.178752,3507,1026,MED  / 100ms,0.0
2026-09-01T11:56:43.918429,0.2,465.178752,465.178752,3507,1026,MED  / 100ms,0.0
2026-09-01T11:56:43.922695,0.2,465.178752,465.178752,3507,1026,MED  / 100ms,0.0
2026-09-01T11:56:43.926956,0.2,465.178752,465.178752,3507,1026,MED  / 100ms,0.0
2026-09-01T11:56:43.931217,0.2,465.178752,465.178752,3507,1026,MED  / 100ms,0.0
2026-09-01T11:56:43.935484,0.2,465.178752,465.178752,3507,1026,MED  / 100ms,0.0
2026-09-01T11:56:43.939765,0.2,465.178752,465.178752,3507,1026,MED  / 100ms,0.0
2026-09-01T11:56:43.944035,0.2,465.178752,465.178752,3507,1026,MED  / 100ms,0.0
2026-09-01T11:56:43.948304,0.2,465.178752,465.178752,3507,1026,MED  / 100ms,0.0
2026-09-01T11:56:43.952578,0.2,465.178752,465.178752,3507,1026,MED  / 100ms,0.0
2026-09-01T11:56:43.956837,0.2,465.178752,465.178752,3507,1026,MED  / 100ms,0.0
2026-09-01T11:56:43.961112,0.2,465.178752,465.178752,3507,1026,MED  / 100ms,0.0
2026-09-01T11:56:43.965379,0.2,465.178752,465.178752,3507,1026,MED  / 100ms,0.0
2026-09-01T11:56:43.969649,0.2,465.178752,465.178752,3507,1026,MED  / 100ms,0.0
2026-09-01T11:56:43.974072,0.2,465.178752,465.178752,3507,1026,MED  / 100ms,0.0
2026-09-01T11:56:43.978336,0.2,465.178752,465.178752,3504,1025,MED  / 100ms,0.0
2026-09-01T11:56:43.982599,0.2,464.79359999999997,464.79359999999997,3504,1025,MED  / 100ms,0.0
2026-09-01T11:56:43.986870,0.2,464.79359999999997,464.79359999999997,3504,1025,MED  / 100ms,0.0
2026-09-01T11:56:43.991144,0.2,464.79359999999997,464.79359999999997,3504,1025,MED  / 100ms,0.0
2026-09-01T11:56:43.995410,0.2,464.79359999999997,464.79359999999997,3504,1025,MED  / 100ms,0.0
2026-09-01T11:56:43.999674,0.2,464.79359999999997,464.79359999999997,3504,1025,MED  / 100ms,0.0
2026-09-01T11:56:44.003943,0.2,464.79359999999997,464.79359999999997,3504,1025,MED  / 100ms,0.0
2026-09-01T11:56:44.008212,0.2,464.79359999999997,464.79359999999997,3504,1025,MED  / 100ms,0.0
2026-09-01T11:56:44.012475,0.2,464.79359999999997,464.79359999999997,3504,1025,MED  / 100ms,0.0
2026-09-01T11:56:44.016737,0.2,464.79359999999997,464.79359999999997,3504,1025,MED  / 100ms,0.0
2026-09-01T11:56:44.021003,0.2,464.79359999999997,464.79359999999997,3504,1025,MED  / 100ms,0.0
2026-09-01T11:56:44.025264,0.2,464.79359999999997,464.79359999999997,3504,1025,MED  / 100ms,0.0
2026-09-01T11:56:44.029530,0.2,464.79359999999997,464.79359999999997,3504,1025,MED  / 100ms,0.0
2026-09-01T11:56:44.033792,0.2,464.79359999999997,464.79359999999997,3504,1025,MED  / 100ms,0.0
2026-09-01T11:56:44.038061,0.2,464.79359999999997,464.79359999999997,3504,1025,MED  / 100ms,0.0
2026-09-01T11:56:44.042322,0.2,464.79359999999997,464.79359999999997,3504,1025,MED  / 100ms,0.0
2026-09-01T11:56:44.046584,0.2,464.79359999999997,464.79359999999997,3504,1025,MED  / 100ms,0.0
2026-09-01T11:56:44.050881,0.2,464.79359999999997,464.79359999999997,3504,1025,MED  / 100ms,0.0
2026-09-01T11:56:44.055162,0.2,464.79359999999997,464.79359999999997,3504,1025,MED  / 100ms,0.0
2026-09-01T11:56:44.059436,0.2,464.79359999999997,464.79359999999997,3504,1025,MED  / 100ms,0.0
2026-09-01T11:56:44.063726,0.2,464.79359999999997,464.79359999999997,3504,1025,MED  / 100ms,0.0
2026-09-01T11:56:44.068012,0.2,464.79359999999997,464.79359999999997,3504,1025,MED  / 100ms,0.0
2026-09-01T11:56:44.072304,0.2,464.79359999999997,464.79359999999997,3504,1025,MED  / 100ms,0.0
2026-09-01T11:56:44.076973,0.2,464.79359999999997,464.79359999999997,3504,1025,MED  / 100ms,0.0
2026-09-01T11:56:44.081269,0.2,464.79359999999997,464.79359999999997,3504,1025,MED  / 100ms,0.0
2026-09-01T11:56:44.085553,0.2,462.37823999999995,462.37823999999995,3486,1020,MED  / 100ms,0.0
2026-09-01T11:56:44.089850,0.2,462.37823999999995,462.37823999999995,3486,1020,MED  / 100ms,0.0
2026-09-01T11:56:44.094128,0.2,462.37823999999995,462.37823999999995,3486,1020,MED  / 100ms,0.0
2026-09-01T11:56:44.098391,0.2,462.37823999999995,462.37823999999995,3486,1020,MED  / 100ms,0.0
2026-09-01T11:56:44.102663,0.2,462.37823999999995,462.37823999999995,3486,1020,MED  / 100ms,0.0
2026-09-01T11:56:44.106941,0.2,462.37823999999995,462.37823999999995,3486,1020,MED  / 100ms,0.0
2026-09-01T11:56:44.111227,0.2,462.37823999999995,462.37823999999995,3486,1020,MED  / 100ms,0.0
2026-09-01T11:56:44.115494,0.2,462.37823999999995,462.37823999999995,3486,1020,MED  / 100ms,0.0
2026-09-01T11:56:44.119768,0.2,462.37823999999995,462.37823999999995,3486,1020,MED  / 100ms,0.0
2026-09-01T11:56:44.124027,0.2,462.37823999999995,462.37823999999995,3486,1020,MED  / 100ms,0.0
2026-09-01T11:56:44.128312,0.2,462.37823999999995,462.37823999999995,3486,1020,MED  / 100ms,0.0
2026-09-01T11:56:44.132586,0.2,462.37823999999995,462.37823999999995,3486,1020,MED  / 100ms,0.0
2026-09-01T11:56:44.136870,0.2,462.37823999999995,462.37823999999995,3486,1020,MED  / 100ms,0.0
2026-09-01T11:56:44.141160,0.2,462.37823999999995,462.37823999999995,3486,1020,MED  / 100ms,0.0
2026-09-01T11:56:44.145436,0.2,462.37823999999995,462.37823999999995,3486,1020,MED  / 100ms,0.0
2026-09-01T11:56:44.149712,0.2,462.37823999999995,462.37823999999995,3486,1020,MED  / 100ms,0.0
2026-09-01T11:56:44.153987,0.2,462.37823999999995,462.37823999999995,3486,1020,MED  / 100ms,0.0
2026-09-01T11:56:44.158253,0.2,462.37823999999995,462.37823999999995,3486,1020,MED  / 100ms,0.0
2026-09-01T11:56:44.162523,0.2,462.37823999999995,462.37823999999995,3486,1020,MED  / 100ms,0.0
2026-09-01T11:56:44.166824,0.2,462.37823999999995,462.37823999999995,3486,1020,MED  / 100ms,0.0
2026-09-01T11:56:44.171125,0.2,462.37823999999995,462.37823999999995,3486,1020,MED  / 100ms,0.0
2026-09-01T11:56:44.175407,0.2,462.37823999999995,462.37823999999995,3486,1020,MED  / 100ms,0.0
2026-09-01T11:56:44.179845,0.2,462.37823999999995,462.37823999999995,3486,1020,MED  / 100ms,0.0
2026-09-01T11:56:44.184124,0.2,462.37823999999995,462.37823999999995,3486,1020,MED  / 100ms,0.0
2026-09-01T11:56:44.188419,0.2,452.20108799999997,452.20108799999997,3407,994,MED  / 100ms,0.0
2026-09-01T11:56:44.192705,0.2,452.20108799999997,452.20108799999997,3407,994,MED  / 100ms,0.0
2026-09-01T11:56:44.196973,0.2,452.20108799999997,452.20108799999997,3407,994,MED  / 100ms,0.0
2026-09-01T11:56:44.201250,0.2,452.20108799999997,452.20108799999997,3407,994,MED  / 100ms,0.0
2026-09-01T11:56:44.205530,0.2,452.20108799999997,452.20108799999997,3407,994,MED  / 100ms,0.0
2026-09-01T11:56:44.209804,0.2,452.20108799999997,452.20108799999997,3407,994,MED  / 100ms,0.0
2026-09-01T11:56:44.214079,0.2,452.20108799999997,452.20108799999997,3407,994,MED  / 100ms,0.0
2026-09-01T11:56:44.218347,0.2,452.20108799999997,452.20108799999997,3407,994,MED  / 100ms,0.0
2026-09-01T11:56:44.222612,0.2,452.20108799999997,452.20108799999997,3407,994,MED  / 100ms,0.0
2026-09-01T11:56:44.226894,0.2,452.20108799999997,452.20108799999997,3407,994,MED  / 100ms,0.0
2026-09-01T11:56:44.231284,0.2,452.20108799999997,452.20108799999997,3407,994,MED  / 100ms,0.0
2026-09-01T11:56:44.235577,0.2,452.20108799999997,452.20108799999997,3407,994,MED  / 100ms,0.0
2026-09-01T11:56:44.239844,0.2,452.20108799999997,452.20108799999997,3407,994,MED  / 100ms,0.0
2026-09-01T11:56:44.244114,0.2,452.20108799999997,452.20108799999997,3407,994,MED  / 100ms,0.0
2026-09-01T11:56:44.248403,0.2,452.20108799999997,452.20108799999997,3407,994,MED  / 100ms,0.0
2026-09-01T11:56:44.252684,0.2,452.20108799999997,452.20108799999997,3407,994,MED  / 100ms,0.0
2026-09-01T11:56:44.256956,0.2,452.20108799999997,452.20108799999997,3407,994,MED  / 100ms,0.0
2026-09-01T11:56:44.261230,0.2,452.20108799999997,452.20108799999997,3407,994,MED  / 100ms,0.0
2026-09-01T11:56:44.265508,0.2,452.20108799999997,452.20108799999997,3407,994,MED  / 100ms,0.0
2026-09-01T11:56:44.269778,0.2,452.20108799999997,452.20108799999997,3407,994,MED  / 100ms,0.0
2026-09-01T11:56:44.274044,0.2,452.20108799999997,452.20108799999997,3407,994,MED  / 100ms,0.0
2026-09-01T11:56:44.278308,0.2,452.20108799999997,452.20108799999997,3407,994,MED  / 100ms,0.0
2026-09-01T11:56:44.282573,0.2,452.20108799999997,452.20108799999997,3407,994,MED  / 100ms,0.0
2026-09-01T11:56:44.287029,0.2,452.20108799999997,452.20108799999997,3407,994,MED  / 100ms,0.0
2026-09-01T11:56:44.291300,0.2,452.20108799999997,452.20108799999997,3407,975,MED  / 100ms,0.0
2026-09-01T11:56:44.295587,0.2,444.8832,444.8832,3350,975,MED  / 100ms,0.0
2026-09-01T11:56:44.299851,0.2,444.8832,444.8832,3350,975,MED  / 100ms,0.0
2026-09-01T11:56:44.304128,0.2,444.8832,444.8832,3350,975,MED  / 100ms,0.0
2026-09-01T11:56:44.308402,0.2,444.8832,444.8832,3350,975,MED  / 100ms,0.0
2026-09-01T11:56:44.312686,0.2,444.8832,444.8832,3350,975,MED  / 100ms,0.0
2026-09-01T11:56:44.316963,0.2,444.8832,444.8832,3350,975,MED  / 100ms,0.0
2026-09-01T11:56:44.321239,0.2,444.8832,444.8832,3350,975,MED  / 100ms,0.0
2026-09-01T11:56:44.325503,0.2,444.8832,444.8832,3350,975,MED  / 100ms,0.0
2026-09-01T11:56:44.329781,0.2,444.8832,444.8832,3350,975,MED  / 100ms,0.0
2026-09-01T11:56:44.334058,0.2,444.8832,444.8832,3350,975,MED  / 100ms,0.0
2026-09-01T11:56:44.338336,0.2,444.8832,444.8832,3350,975,MED  / 100ms,0.0
2026-09-01T11:56:44.342609,0.2,444.8832,444.8832,3350,975,MED  / 100ms,0.0
2026-09-01T11:56:44.346881,0.2,444.8832,444.8832,3350,975,MED  / 100ms,0.0
2026-09-01T11:56:44.351169,0.2,444.8832,444.8832,3350,975,MED  / 100ms,0.0
2026-09-01T11:56:44.355446,0.2,444.8832,444.8832,3350,975,MED  / 100ms,0.0
2026-09-01T11:56:44.359719,0.2,444.8832,444.8832,3350,975,MED  / 100ms,0.0
2026-09-01T11:56:44.363998,0.2,444.8832,444.8832,3350,975,MED  / 100ms,0.0
2026-09-01T11:56:44.368286,0.2,444.8832,444.8832,3350,975,MED  / 100ms,0.0
2026-09-01T11:56:44.372559,0.2,444.8832,444.8832,3350,975,MED  / 100ms,0.0
2026-09-01T11:56:44.376831,0.2,444.8832,444.8832,3350,975,MED  / 100ms,0.0
2026-09-01T11:56:44.381098,0.2,444.8832,444.8832,3350,975,MED  / 100ms,0.0
2026-09-01T11:56:44.385373,0.2,444.8832,444.8832,3350,975,MED  / 100ms,0.0
2026-09-01T11:56:44.389811,0.2,444.8832,444.8832,3350,975,MED  / 100ms,0.0
2026-09-01T11:56:44.394085,0.2,444.8832,444.8832,3350,975,MED  / 100ms,0.0
2026-09-01T11:56:44.398349,0.2,442.30463999999995,442.30463999999995,3331,970,MED  / 100ms,0.0
2026-09-01T11:56:44.402627,0.2,442.30463999999995,442.30463999999995,3331,970,MED  / 100ms,0.0
2026-09-01T11:56:44.406893,0.2,442.30463999999995,442.30463999999995,3331,970,MED  / 100ms,0.0
2026-09-01T11:56:44.411171,0.2,442.30463999999995,442.30463999999995,3331,970,MED  / 100ms,0.0
2026-09-01T11:56:44.415454,0.2,442.30463999999995,442.30463999999995,3331,970,MED  / 100ms,0.0
2026-09-01T11:56:44.419737,0.2,442.30463999999995,442.30463999999995,3331,970,MED  / 100ms,0.0
2026-09-01T11:56:44.424016,0.2,442.30463999999995,442.30463999999995,3331,970,MED  / 100ms,0.0
2026-09-01T11:56:44.428304,0.2,442.30463999999995,442.30463999999995,3331,970,MED  / 100ms,0.0
2026-09-01T11:56:44.432577,0.2,442.30463999999995,442.30463999999995,3331,970,MED  / 100ms,0.0
2026-09-01T11:56:44.436850,0.2,442.30463999999995,442.30463999999995,3331,970,MED  / 100ms,0.0
2026-09-01T11:56:44.441123,0.2,442.30463999999995,442.30463999999995,3331,970,MED  / 100ms,0.0
2026-09-01T11:56:44.445387,0.2,442.30463999999995,442.30463999999995,3331,970,MED  / 100ms,0.0
2026-09-01T11:56:44.449654,0.2,442.30463999999995,442.30463999999995,3331,970,MED  / 100ms,0.0
2026-09-01T11:56:44.453928,0.2,442.30463999999995,442.30463999999995,3331,970,MED  / 100ms,0.0
2026-09-01T11:56:44.458200,0.2,442.30463999999995,442.30463999999995,3331,970,MED  / 100ms,0.0
2026-09-01T11:56:44.462469,0.2,442.30463999999995,442.30463999999995,3331,970,MED  / 100ms,0.0
2026-09-01T11:56:44.466741,0.2,442.30463999999995,442.30463999999995,3331,970,MED  / 100ms,0.0
2026-09-01T11:56:44.471016,0.2,442.30463999999995,442.30463999999995,3331,970,MED  / 100ms,0.0
2026-09-01T11:56:44.475287,0.2,442.30463999999995,442.30463999999995,3331,970,MED  / 100ms,0.0
2026-09-01T11:56:44.479554,0.2,442.30463999999995,442.30463999999995,3331,970,MED  / 100ms,0.0
2026-09-01T11:56:44.483815,0.2,442.30463999999995,442.30463999999995,3331,970,MED  / 100ms,0.0
2026-09-01T11:56:44.488118,0.2,442.30463999999995,442.30463999999995,3331,970,MED  / 100ms,0.0
2026-09-01T11:56:44.492553,0.2,442.30463999999995,442.30463999999995,3331,970,MED  / 100ms,0.0
2026-09-01T11:56:44.496824,0.2,442.30463999999995,442.30463999999995,3331,970,MED  / 100ms,0.0
2026-09-01T11:56:44.501095,0.2,442.30463999999995,442.30463999999995,3347,976,MED  / 100ms,0.0
2026-09-01T11:56:44.505375,0.2,444.289152,444.289152,3347,976,MED  / 100ms,0.0
2026-09-01T11:56:44.509640,0.2,444.289152,444.289152,3347,976,MED  / 100ms,0.0
2026-09-01T11:56:44.513909,0.2,444.289152,444.289152,3347,976,MED  / 100ms,0.0
2026-09-01T11:56:44.518188,0.2,444.289152,444.289152,3347,976,MED  / 100ms,0.0
2026-09-01T11:56:44.522457,0.2,444.289152,444.289152,3347,976,MED  / 100ms,0.0
2026-09-01T11:56:44.526723,0.2,444.289152,444.289152,3347,976,MED  / 100ms,0.0
2026-09-01T11:56:44.530986,0.2,444.289152,444.289152,3347,976,MED  / 100ms,0.0
2026-09-01T11:56:44.535264,0.2,444.289152,444.289152,3347,976,MED  / 100ms,0.0
2026-09-01T11:56:44.539535,0.2,444.289152,444.289152,3347,976,MED  / 100ms,0.0
2026-09-01T11:56:44.543798,0.2,444.289152,444.289152,3347,976,MED  / 100ms,0.0
2026-09-01T11:56:44.548067,0.2,444.289152,444.289152,3347,976,MED  / 100ms,0.0
2026-09-01T11:56:44.552375,0.2,444.289152,444.289152,3347,976,MED  / 100ms,0.0
2026-09-01T11:56:44.556645,0.2,444.289152,444.289152,3347,976,MED  / 100ms,0.0
2026-09-01T11:56:44.560916,0.2,444.289152,444.289152,3347,976,MED  / 100ms,0.0
2026-09-01T11:56:44.565187,0.2,444.289152,444.289152,3347,976,MED  / 100ms,0.0
2026-09-01T11:56:44.569456,0.2,444.289152,444.289152,3347,976,MED  / 100ms,0.0
2026-09-01T11:56:44.573733,0.2,444.289152,444.289152,3347,976,MED  / 100ms,0.0
2026-09-01T11:56:44.578004,0.2,444.289152,444.289152,3347,976,MED  / 100ms,0.0
2026-09-01T11:56:44.582267,0.2,444.289152,444.289152,3347,976,MED  / 100ms,0.0
2026-09-01T11:56:44.586532,0.2,444.289152,444.289152,3347,976,MED  / 100ms,0.0
2026-09-01T11:56:44.590817,0.2,444.289152,444.289152,3347,976,MED  / 100ms,0.0
2026-09-01T11:56:44.595246,0.2,444.289152,444.289152,3347,976,MED  / 100ms,0.0
2026-09-01T11:56:44.599513,0.2,444.289152,444.289152,3347,976,MED  / 100ms,0.0
2026-09-01T11:56:44.603776,0.2,444.289152,444.289152,3347,976,MED  / 100ms,0.0
2026-09-01T11:56:44.608047,0.2,447.53356799999995,447.53356799999995,3372,984,MED  / 100ms,0.0
2026-09-01T11:56:44.612314,0.2,447.53356799999995,447.53356799999995,3372,984,MED  / 100ms,0.0
2026-09-01T11:56:44.616577,0.2,447.53356799999995,447.53356799999995,3372,984,MED  / 100ms,0.0
2026-09-01T11:56:44.620845,0.2,447.53356799999995,447.53356799999995,3372,984,MED  / 100ms,0.0
2026-09-01T11:56:44.625136,0.2,447.53356799999995,447.53356799999995,3372,984,MED  / 100ms,0.0
2026-09-01T11:56:44.629403,0.2,447.53356799999995,447.53356799999995,3372,984,MED  / 100ms,0.0
2026-09-01T11:56:44.633690,0.2,447.53356799999995,447.53356799999995,3372,984,MED  / 100ms,0.0
2026-09-01T11:56:44.637967,0.2,447.53356799999995,447.53356799999995,3372,984,MED  / 100ms,0.0
2026-09-01T11:56:44.642234,0.2,447.53356799999995,447.53356799999995,3372,984,MED  / 100ms,0.0
2026-09-01T11:56:44.646504,0.2,447.53356799999995,447.53356799999995,3372,984,MED  / 100ms,0.0
2026-09-01T11:56:44.650773,0.2,447.53356799999995,447.53356799999995,3372,984,MED  / 100ms,0.0
2026-09-01T11:56:44.655058,0.2,447.53356799999995,447.53356799999995,3372,984,MED  / 100ms,0.0
2026-09-01T11:56:44.659326,0.2,447.53356799999995,447.53356799999995,3372,984,MED  / 100ms,0.0
2026-09-01T11:56:44.663618,0.2,447.53356799999995,447.53356799999995,3372,984,MED  / 100ms,0.0
2026-09-01T11:56:44.667905,0.2,447.53356799999995,447.53356799999995,3372,984,MED  / 100ms,0.0
2026-09-01T11:56:44.672187,0.2,447.53356799999995,447.53356799999995,3372,984,MED  / 100ms,0.0
2026-09-01T11:56:44.676468,0.2,447.53356799999995,447.53356799999995,3372,984,MED  / 100ms,0.0
2026-09-01T11:56:44.680736,0.2,447.53356799999995,447.53356799999995,3372,984,MED  / 100ms,0.0
2026-09-01T11:56:44.685008,0.2,447.53356799999995,447.53356799999995,3372,984,MED  / 100ms,0.0
2026-09-01T11:56:44.689275,0.2,447.53356799999995,447.53356799999995,3372,984,MED  / 100ms,0.0
2026-09-01T11:56:44.693539,0.2,447.53356799999995,447.53356799999995,3372,984,MED  / 100ms,0.0
2026-09-01T11:56:44.697810,0.2,447.53356799999995,447.53356799999995,3372,984,MED  / 100ms,0.0
2026-09-01T11:56:44.702238,0.2,447.53356799999995,447.53356799999995,3372,984,MED  / 100ms,0.0
2026-09-01T11:56:44.706505,0.2,447.53356799999995,447.53356799999995,3372,984,MED  / 100ms,0.0
2026-09-01T11:56:44.710779,0.2,447.53356799999995,447.53356799999995,3379,987,MED  / 100ms,0.0
2026-09-01T11:56:44.715052,0.2,448.362624,448.362624,3379,987,MED  / 100ms,0.0
2026-09-01T11:56:44.719324,0.2,448.362624,448.362624,3379,987,MED  / 100ms,0.0
2026-09-01T11:56:44.723583,0.2,448.362624,448.362624,3379,987,MED  / 100ms,0.0
2026-09-01T11:56:44.727844,0.2,448.362624,448.362624,3379,987,MED  / 100ms,0.0
2026-09-01T11:56:44.732138,0.2,448.362624,448.362624,3379,987,MED  / 100ms,0.0
2026-09-01T11:56:44.736413,0.2,448.362624,448.362624,3379,987,MED  / 100ms,0.0
2026-09-01T11:56:44.740685,0.2,448.362624,448.362624,3379,987,MED  / 100ms,0.0
2026-09-01T11:56:44.744949,0.2,448.362624,448.362624,3379,987,MED  / 100ms,0.0
2026-09-01T11:56:44.749220,0.2,448.362624,448.362624,3379,987,MED  / 100ms,0.0
2026-09-01T11:56:44.753492,0.2,448.362624,448.362624,3379,987,MED  / 100ms,0.0
2026-09-01T11:56:44.757751,0.2,448.362624,448.362624,3379,987,MED  / 100ms,0.0
2026-09-01T11:56:44.762011,0.2,448.362624,448.362624,3379,987,MED  / 100ms,0.0
2026-09-01T11:56:44.766282,0.2,448.362624,448.362624,3379,987,MED  / 100ms,0.0
2026-09-01T11:56:44.770584,0.2,448.362624,448.362624,3379,987,MED  / 100ms,0.0
2026-09-01T11:56:44.774856,0.2,448.362624,448.362624,3379,987,MED  / 100ms,0.0
2026-09-01T11:56:44.779117,0.2,448.362624,448.362624,3379,987,MED  / 100ms,0.0
2026-09-01T11:56:44.783424,0.2,448.362624,448.362624,3379,987,MED  / 100ms,0.0
2026-09-01T11:56:44.787693,0.2,448.362624,448.362624,3379,987,MED  / 100ms,0.0
2026-09-01T11:56:44.791958,0.2,448.362624,448.362624,3379,987,MED  / 100ms,0.0
2026-09-01T11:56:44.796224,0.2,448.362624,448.362624,3379,987,MED  / 100ms,0.0
2026-09-01T11:56:44.800514,0.2,448.362624,448.362624,3379,987,MED  / 100ms,0.0
2026-09-01T11:56:44.804942,0.2,448.362624,448.362624,3379,987,MED  / 100ms,0.0
2026-09-01T11:56:44.809205,0.2,448.362624,448.362624,3379,987,MED  / 100ms,0.0
2026-09-01T11:56:44.813467,0.2,448.362624,448.362624,3379,987,MED  / 100ms,0.0
2026-09-01T11:56:44.817757,0.2,449.19167999999996,449.19167999999996,3386,990,MED  / 100ms,0.0
2026-09-01T11:56:44.822030,0.2,449.19167999999996,449.19167999999996,3386,990,MED  / 100ms,0.0
2026-09-01T11:56:44.826302,0.2,449.19167999999996,449.19167999999996,3386,990,MED  / 100ms,0.0
2026-09-01T11:56:44.830582,0.2,449.19167999999996,449.19167999999996,3386,990,MED  / 100ms,0.0
2026-09-01T11:56:44.834888,0.2,449.19167999999996,449.19167999999996,3386,990,MED  / 100ms,0.0
2026-09-01T11:56:44.839162,0.2,449.19167999999996,449.19167999999996,3386,990,MED  / 100ms,0.0
2026-09-01T11:56:44.843426,0.2,449.19167999999996,449.19167999999996,3386,990,MED  / 100ms,0.0
2026-09-01T11:56:44.847687,0.2,449.19167999999996,449.19167999999996,3386,990,MED  / 100ms,0.0
2026-09-01T11:56:44.851980,0.2,449.19167999999996,449.19167999999996,3386,990,MED  / 100ms,0.0
2026-09-01T11:56:44.856248,0.2,449.19167999999996,449.19167999999996,3386,990,MED  / 100ms,0.0
2026-09-01T11:56:44.860511,0.2,449.19167999999996,449.19167999999996,3386,990,MED  / 100ms,0.0
2026-09-01T11:56:44.864775,0.2,449.19167999999996,449.19167999999996,3386,990,MED  / 100ms,0.0
2026-09-01T11:56:44.869062,0.2,449.19167999999996,449.19167999999996,3386,990,MED  / 100ms,0.0
2026-09-01T11:56:44.873329,0.2,449.19167999999996,449.19167999999996,3386,990,MED  / 100ms,0.0
2026-09-01T11:56:44.877593,0.2,449.19167999999996,449.19167999999996,3386,990,MED  / 100ms,0.0
2026-09-01T11:56:44.881856,0.2,449.19167999999996,449.19167999999996,3386,990,MED  / 100ms,0.0
2026-09-01T11:56:44.886125,0.2,449.19167999999996,449.19167999999996,3386,990,MED  / 100ms,0.0
2026-09-01T11:56:44.890387,0.2,449.19167999999996,449.19167999999996,3386,990,MED  / 100ms,0.0
2026-09-01T11:56:44.894654,0.2,449.19167999999996,449.19167999999996,3386,990,MED  / 100ms,0.0
2026-09-01T11:56:44.898924,0.2,449.19167999999996,449.19167999999996,3386,990,MED  / 100ms,0.0
2026-09-01T11:56:44.903195,0.2,449.19167999999996,449.19167999999996,3386,990,MED  / 100ms,0.0
2026-09-01T11:56:44.907628,0.2,449.19167999999996,449.19167999999996,3386,990,MED  / 100ms,0.0
2026-09-01T11:56:44.911901,0.2,449.19167999999996,449.19167999999996,3386,990,MED  / 100ms,0.0
2026-09-01T11:56:44.916165,0.2,449.19167999999996,449.19167999999996,3386,990,MED  / 100ms,0.0
2026-09-01T11:56:44.920446,0.2,449.19167999999996,449.19167999999996,3376,989,MED  / 100ms,0.0
2026-09-01T11:56:44.924712,0.2,447.66412799999995,447.66412799999995,3376,989,MED  / 100ms,0.0
2026-09-01T11:56:44.928999,0.2,447.66412799999995,447.66412799999995,3376,989,MED  / 100ms,0.0
2026-09-01T11:56:44.933263,0.2,447.66412799999995,447.66412799999995,3376,989,MED  / 100ms,0.0
2026-09-01T11:56:44.937534,0.2,447.66412799999995,447.66412799999995,3376,989,MED  / 100ms,0.0
2026-09-01T11:56:44.941793,0.2,447.66412799999995,447.66412799999995,3376,989,MED  / 100ms,0.0
2026-09-01T11:56:44.946065,0.2,447.66412799999995,447.66412799999995,3376,989,MED  / 100ms,0.0
2026-09-01T11:56:44.950340,0.2,447.66412799999995,447.66412799999995,3376,989,MED  / 100ms,0.0
2026-09-01T11:56:44.954616,0.2,447.66412799999995,447.66412799999995,3376,989,MED  / 100ms,0.0
2026-09-01T11:56:44.958899,0.2,447.66412799999995,447.66412799999995,3376,989,MED  / 100ms,0.0
2026-09-01T11:56:44.963172,0.2,447.66412799999995,447.66412799999995,3376,989,MED  / 100ms,0.0
2026-09-01T11:56:44.967460,0.2,447.66412799999995,447.66412799999995,3376,989,MED  / 100ms,0.0
2026-09-01T11:56:44.971739,0.2,447.66412799999995,447.66412799999995,3376,989,MED  / 100ms,0.0
2026-09-01T11:56:44.976020,0.2,447.66412799999995,447.66412799999995,3376,989,MED  / 100ms,0.0
2026-09-01T11:56:44.980283,0.2,447.66412799999995,447.66412799999995,3376,989,MED  / 100ms,0.0
2026-09-01T11:56:44.984575,0.2,447.66412799999995,447.66412799999995,3376,989,MED  / 100ms,0.0
2026-09-01T11:56:44.988847,0.2,447.66412799999995,447.66412799999995,3376,989,MED  / 100ms,0.0
2026-09-01T11:56:44.993126,0.2,447.66412799999995,447.66412799999995,3376,989,MED  / 100ms,0.0
2026-09-01T11:56:44.997397,0.2,447.66412799999995,447.66412799999995,3376,989,MED  / 100ms,0.0
2026-09-01T11:56:45.001677,0.2,447.66412799999995,447.66412799999995,3376,989,MED  / 100ms,0.0
2026-09-01T11:56:45.005950,0.2,447.66412799999995,447.66412799999995,3376,989,MED  / 100ms,0.0
2026-09-01T11:56:45.010375,0.2,447.66412799999995,447.66412799999995,3376,989,MED  / 100ms,0.0
2026-09-01T11:56:45.014643,0.2,447.66412799999995,447.66412799999995,3376,989,MED  / 100ms,0.0
2026-09-01T11:56:45.018922,0.2,447.66412799999995,447.66412799999995,3376,989,MED  / 100ms,0.0
2026-09-01T11:56:45.023195,0.2,447.66412799999995,447.66412799999995,3376,974,MED  / 100ms,0.0
2026-09-01T11:56:45.027462,0.2,442.050048,442.050048,3332,974,MED  / 100ms,0.0
2026-09-01T11:56:45.031727,0.2,442.050048,442.050048,3332,974,MED  / 100ms,0.0
2026-09-01T11:56:45.036000,0.2,442.050048,442.050048,3332,974,MED  / 100ms,0.0
2026-09-01T11:56:45.040266,0.2,442.050048,442.050048,3332,974,MED  / 100ms,0.0
2026-09-01T11:56:45.044528,0.2,442.050048,442.050048,3332,974,MED  / 100ms,0.0
2026-09-01T11:56:45.048799,0.2,442.050048,442.050048,3332,974,MED  / 100ms,0.0
2026-09-01T11:56:45.053065,0.2,442.050048,442.050048,3332,974,MED  / 100ms,0.0
2026-09-01T11:56:45.057334,0.2,442.050048,442.050048,3332,974,MED  / 100ms,0.0
2026-09-01T11:56:45.061596,0.2,442.050048,442.050048,3332,974,MED  / 100ms,0.0
2026-09-01T11:56:45.065872,0.2,442.050048,442.050048,3332,974,MED  / 100ms,0.0
2026-09-01T11:56:45.070158,0.2,442.050048,442.050048,3332,974,MED  / 100ms,0.0
2026-09-01T11:56:45.074425,0.2,442.050048,442.050048,3332,974,MED  / 100ms,0.0
2026-09-01T11:56:45.078691,0.2,442.050048,442.050048,3332,974,MED  / 100ms,0.0
2026-09-01T11:56:45.082972,0.2,442.050048,442.050048,3332,974,MED  / 100ms,0.0
2026-09-01T11:56:45.087250,0.2,442.050048,442.050048,3332,974,MED  / 100ms,0.0
2026-09-01T11:56:45.091517,0.2,442.050048,442.050048,3332,974,MED  / 100ms,0.0
2026-09-01T11:56:45.095783,0.2,442.050048,442.050048,3332,974,MED  / 100ms,0.0
2026-09-01T11:56:45.100069,0.2,442.050048,442.050048,3332,974,MED  / 100ms,0.0
2026-09-01T11:56:45.104343,0.2,442.050048,442.050048,3332,974,MED  / 100ms,0.0
2026-09-01T11:56:45.108619,0.2,442.050048,442.050048,3332,974,MED  / 100ms,0.0
2026-09-01T11:56:45.112883,0.2,442.050048,442.050048,3332,974,MED  / 100ms,0.0
2026-09-01T11:56:45.117324,0.2,442.050048,442.050048,3332,974,MED  / 100ms,0.0
2026-09-01T11:56:45.121600,0.2,442.050048,442.050048,3332,974,MED  / 100ms,0.0
2026-09-01T11:56:45.125862,0.2,442.050048,442.050048,3332,974,MED  / 100ms,0.0
2026-09-01T11:56:45.130126,0.2,394.571904,394.571904,2979,877,MED  / 100ms,0.0
2026-09-01T11:56:45.134397,0.2,394.571904,394.571904,2979,877,MED  / 100ms,0.0
2026-09-01T11:56:45.138674,0.2,394.571904,394.571904,2979,877,MED  / 100ms,0.0
2026-09-01T11:56:45.142942,0.2,394.571904,394.571904,2979,877,MED  / 100ms,0.0
2026-09-01T11:56:45.147227,0.2,394.571904,394.571904,2979,877,MED  / 100ms,0.0
2026-09-01T11:56:45.151516,0.2,394.571904,394.571904,2979,877,MED  / 100ms,0.0
2026-09-01T11:56:45.155776,0.2,394.571904,394.571904,2979,877,MED  / 100ms,0.0
2026-09-01T11:56:45.160046,0.2,394.571904,394.571904,2979,877,MED  / 100ms,0.0
2026-09-01T11:56:45.164314,0.2,394.571904,394.571904,2979,877,MED  / 100ms,0.0
2026-09-01T11:56:45.168607,0.2,394.571904,394.571904,2979,877,MED  / 100ms,0.0
2026-09-01T11:56:45.172897,0.2,394.571904,394.571904,2979,877,MED  / 100ms,0.0
2026-09-01T11:56:45.177162,0.2,394.571904,394.571904,2979,877,MED  / 100ms,0.0
2026-09-01T11:56:45.181421,0.2,394.571904,394.571904,2979,877,MED  / 100ms,0.0
2026-09-01T11:56:45.185703,0.2,394.571904,394.571904,2979,877,MED  / 100ms,0.0
2026-09-01T11:56:45.189979,0.2,394.571904,394.571904,2979,877,MED  / 100ms,0.0
2026-09-01T11:56:45.194249,0.2,394.571904,394.571904,2979,877,MED  / 100ms,0.0
2026-09-01T11:56:45.198513,0.2,394.571904,394.571904,2979,877,MED  / 100ms,0.0
2026-09-01T11:56:45.202786,0.2,394.571904,394.571904,2979,877,MED  / 100ms,0.0
2026-09-01T11:56:45.207071,0.2,394.571904,394.571904,2979,877,MED  / 100ms,0.0
2026-09-01T11:56:45.211346,0.2,394.571904,394.571904,2979,877,MED  / 100ms,0.0
2026-09-01T11:56:45.215609,0.2,394.571904,394.571904,2979,877,MED  / 100ms,0.0
2026-09-01T11:56:45.220048,0.2,394.571904,394.571904,2979,877,MED  / 100ms,0.0
2026-09-01T11:56:45.224311,0.2,394.571904,394.571904,2979,877,MED  / 100ms,0.0
2026-09-01T11:56:45.228580,0.2,394.571904,394.571904,2979,877,MED  / 100ms,0.0
2026-09-01T11:56:45.232872,0.2,394.571904,394.571904,2979,648,MED  / 100ms,0.0
2026-09-01T11:56:45.237159,0.2,269.325696,269.325696,2065,648,MED  / 100ms,0.0
2026-09-01T11:56:45.241425,0.2,269.325696,269.325696,2065,648,MED  / 100ms,0.0
2026-09-01T11:56:45.245687,0.2,269.325696,269.325696,2065,648,MED  / 100ms,0.0
2026-09-01T11:56:45.249967,0.2,269.325696,269.325696,2065,648,MED  / 100ms,0.0
2026-09-01T11:56:45.254257,0.2,269.325696,269.325696,2065,648,MED  / 100ms,0.0
2026-09-01T11:56:45.258527,0.2,269.325696,269.325696,2065,648,MED  / 100ms,0.0
2026-09-01T11:56:45.262797,0.2,269.325696,269.325696,2065,648,MED  / 100ms,0.0
2026-09-01T11:56:45.267062,0.2,269.325696,269.325696,2065,648,MED  / 100ms,0.0
2026-09-01T11:56:45.271342,0.2,269.325696,269.325696,2065,648,MED  / 100ms,0.0
2026-09-01T11:56:45.275606,0.2,269.325696,269.325696,2065,648,MED  / 100ms,0.0
2026-09-01T11:56:45.279885,0.2,269.325696,269.325696,2065,648,MED  / 100ms,0.0
2026-09-01T11:56:45.284151,0.2,269.325696,269.325696,2065,648,MED  / 100ms,0.0
2026-09-01T11:56:45.288426,0.2,269.325696,269.325696,2065,648,MED  / 100ms,0.0
2026-09-01T11:56:45.292689,0.2,269.325696,269.325696,2065,648,MED  / 100ms,0.0
2026-09-01T11:56:45.296950,0.2,269.325696,269.325696,2065,648,MED  / 100ms,0.0
2026-09-01T11:56:45.301213,0.2,269.325696,269.325696,2065,648,MED  / 100ms,0.0
2026-09-01T11:56:45.305478,0.2,269.325696,269.325696,2065,648,MED  / 100ms,0.0
2026-09-01T11:56:45.309760,0.2,269.325696,269.325696,2065,648,MED  / 100ms,0.0
2026-09-01T11:56:45.314025,0.2,269.325696,269.325696,2065,648,MED  / 100ms,0.0
2026-09-01T11:56:45.318301,0.2,269.325696,269.325696,2065,648,MED  / 100ms,0.0
2026-09-01T11:56:45.322753,0.2,269.325696,269.325696,2065,648,MED  / 100ms,0.0
2026-09-01T11:56:45.327075,0.2,269.325696,269.325696,2065,648,MED  / 100ms,0.0
2026-09-01T11:56:45.331349,0.2,269.325696,269.325696,2065,648,MED  / 100ms,0.0
2026-09-01T11:56:45.335643,0.2,269.325696,269.325696,2065,648,MED  / 100ms,0.0
2026-09-01T11:56:45.339918,0.2,216.37056,216.37056,1681,555,MED  / 100ms,0.0
2026-09-01T11:56:45.344188,0.2,216.37056,216.37056,1681,555,MED  / 100ms,0.0
2026-09-01T11:56:45.348454,0.2,216.37056,216.37056,1681,555,MED  / 100ms,0.0
2026-09-01T11:56:45.352719,0.2,216.37056,216.37056,1681,555,MED  / 100ms,0.0
2026-09-01T11:56:45.356981,0.2,216.37056,216.37056,1681,555,MED  / 100ms,0.0
2026-09-01T11:56:45.361251,0.2,216.37056,216.37056,1681,555,MED  / 100ms,0.0
2026-09-01T11:56:45.365515,0.2,216.37056,216.37056,1681,555,MED  / 100ms,0.0
2026-09-01T11:56:45.369809,0.2,216.37056,216.37056,1681,555,MED  / 100ms,0.0
2026-09-01T11:56:45.374074,0.2,216.37056,216.37056,1681,555,MED  / 100ms,0.0
2026-09-01T11:56:45.378341,0.2,216.37056,216.37056,1681,555,MED  / 100ms,0.0
2026-09-01T11:56:45.382606,0.2,216.37056,216.37056,1681,555,MED  / 100ms,0.0
2026-09-01T11:56:45.386885,0.2,216.37056,216.37056,1681,555,MED  / 100ms,0.0
2026-09-01T11:56:45.391160,0.2,216.37056,216.37056,1681,555,MED  / 100ms,0.0
2026-09-01T11:56:45.395426,0.2,216.37056,216.37056,1681,555,MED  / 100ms,0.0
2026-09-01T11:56:45.399703,0.2,216.37056,216.37056,1681,555,MED  / 100ms,0.0
2026-09-01T11:56:45.403972,0.2,216.37056,216.37056,1681,555,MED  / 100ms,0.0
2026-09-01T11:56:45.408273,0.2,216.37056,216.37056,1681,555,MED  / 100ms,0.0
2026-09-01T11:56:45.412545,0.2,216.37056,216.37056,1681,555,MED  / 100ms,0.0
2026-09-01T11:56:45.416809,0.2,216.37056,216.37056,1681,555,MED  / 100ms,0.0
2026-09-01T11:56:45.421084,0.2,216.37056,216.37056,1681,555,MED  / 100ms,0.0
2026-09-01T11:56:45.425508,0.2,216.37056,216.37056,1681,555,MED  / 100ms,0.0
2026-09-01T11:56:45.429778,0.2,216.37056,216.37056,1681,555,MED  / 100ms,0.0
2026-09-01T11:56:45.434046,0.2,216.37056,216.37056,1681,555,MED  / 100ms,0.0
2026-09-01T11:56:45.438323,0.2,216.37056,216.37056,1681,555,MED  / 100ms,0.0
2026-09-01T11:56:45.442588,0.2,216.37056,216.37056,1643,532,MED  / 100ms,0.0
2026-09-01T11:56:45.446850,0.2,212.57126399999999,212.57126399999999,1643,532,MED  / 100ms,0.0
2026-09-01T11:56:45.451142,0.2,212.57126399999999,212.57126399999999,1643,532,MED  / 100ms,0.0
2026-09-01T11:56:45.455418,0.2,212.57126399999999,212.57126399999999,1643,532,MED  / 100ms,0.0
2026-09-01T11:56:45.459686,0.2,212.57126399999999,212.57126399999999,1643,532,MED  / 100ms,0.0
2026-09-01T11:56:45.463955,0.2,212.57126399999999,212.57126399999999,1643,532,MED  / 100ms,0.0
2026-09-01T11:56:45.468232,0.2,212.57126399999999,212.57126399999999,1643,532,MED  / 100ms,0.0
2026-09-01T11:56:45.472506,0.2,212.57126399999999,212.57126399999999,1643,532,MED  / 100ms,0.0
2026-09-01T11:56:45.476768,0.2,212.57126399999999,212.57126399999999,1643,532,MED  / 100ms,0.0
2026-09-01T11:56:45.481031,0.2,212.57126399999999,212.57126399999999,1643,532,MED  / 100ms,0.0
2026-09-01T11:56:45.485304,0.2,212.57126399999999,212.57126399999999,1643,532,MED  / 100ms,0.0
2026-09-01T11:56:45.489575,0.2,212.57126399999999,212.57126399999999,1643,532,MED  / 100ms,0.0
2026-09-01T11:56:45.493837,0.2,212.57126399999999,212.57126399999999,1643,532,MED  / 100ms,0.0
2026-09-01T11:56:45.498106,0.2,212.57126399999999,212.57126399999999,1643,532,MED  / 100ms,0.0
2026-09-01T11:56:45.502374,0.2,212.57126399999999,212.57126399999999,1643,532,MED  / 100ms,0.0
2026-09-01T11:56:45.506654,0.2,212.57126399999999,212.57126399999999,1643,532,MED  / 100ms,0.0
2026-09-01T11:56:45.510922,0.2,212.57126399999999,212.57126399999999,1643,532,MED  / 100ms,0.0
2026-09-01T11:56:45.515187,0.2,212.57126399999999,212.57126399999999,1643,532,MED  / 100ms,0.0
2026-09-01T11:56:45.519477,0.2,212.57126399999999,212.57126399999999,1643,532,MED  / 100ms,0.0
2026-09-01T11:56:45.523761,0.2,212.57126399999999,212.57126399999999,1643,532,MED  / 100ms,0.0
2026-09-01T11:56:45.528036,0.2,212.57126399999999,212.57126399999999,1643,532,MED  / 100ms,0.0
2026-09-01T11:56:45.532472,0.2,212.57126399999999,212.57126399999999,1643,532,MED  / 100ms,0.0
2026-09-01T11:56:45.536770,0.2,212.57126399999999,212.57126399999999,1643,532,MED  / 100ms,0.0
2026-09-01T11:56:45.541043,0.2,212.57126399999999,212.57126399999999,1643,532,MED  / 100ms,0.0
2026-09-01T11:56:45.545315,0.2,212.57126399999999,212.57126399999999,1643,532,MED  / 100ms,0.0
2026-09-01T11:56:45.549597,0.2,240.641664,240.641664,1847,582,MED  / 100ms,0.0
2026-09-01T11:56:45.553892,0.2,240.641664,240.641664,1847,582,MED  / 100ms,0.0
2026-09-01T11:56:45.558170,0.2,240.641664,240.641664,1847,582,MED  / 100ms,0.0
2026-09-01T11:56:45.562437,0.2,240.641664,240.641664,1847,582,MED  / 100ms,0.0
2026-09-01T11:56:45.566722,0.2,240.641664,240.641664,1847,582,MED  / 100ms,0.0
2026-09-01T11:56:45.571018,0.2,240.641664,240.641664,1847,582,MED  / 100ms,0.0
2026-09-01T11:56:45.575293,0.2,240.641664,240.641664,1847,582,MED  / 100ms,0.0
2026-09-01T11:56:45.579566,0.2,240.641664,240.641664,1847,582,MED  / 100ms,0.0
2026-09-01T11:56:45.583846,0.2,240.641664,240.641664,1847,582,MED  / 100ms,0.0
2026-09-01T11:56:45.588131,0.2,240.641664,240.641664,1847,582,MED  / 100ms,0.0
2026-09-01T11:56:45.592396,0.2,240.641664,240.641664,1847,582,MED  / 100ms,0.0
2026-09-01T11:56:45.596655,0.2,240.641664,240.641664,1847,582,MED  / 100ms,0.0
2026-09-01T11:56:45.600924,0.2,240.641664,240.641664,1847,582,MED  / 100ms,0.0
2026-09-01T11:56:45.605193,0.2,240.641664,240.641664,1847,582,MED  / 100ms,0.0
2026-09-01T11:56:45.609458,0.2,240.641664,240.641664,1847,582,MED  / 100ms,0.0
2026-09-01T11:56:45.613722,0.2,240.641664,240.641664,1847,582,MED  / 100ms,0.0
2026-09-01T11:56:45.617997,0.2,240.641664,240.641664,1847,582,MED  / 100ms,0.0
2026-09-01T11:56:45.622263,0.2,240.641664,240.641664,1847,582,MED  / 100ms,0.0
2026-09-01T11:56:45.626538,0.2,240.641664,240.641664,1847,582,MED  / 100ms,0.0
2026-09-01T11:56:45.630809,0.2,240.641664,240.641664,1847,582,MED  / 100ms,0.0
2026-09-01T11:56:45.635251,0.2,240.641664,240.641664,1847,582,MED  / 100ms,0.0
2026-09-01T11:56:45.639528,0.2,240.641664,240.641664,1847,582,MED  / 100ms,0.0
2026-09-01T11:56:45.643792,0.2,240.641664,240.641664,1847,582,MED  / 100ms,0.0
2026-09-01T11:56:45.648063,0.2,240.641664,240.641664,1847,582,MED  / 100ms,0.0
2026-09-01T11:56:45.652340,0.2,240.641664,240.641664,2614,768,MED  / 100ms,0.0
2026-09-01T11:56:45.656608,0.2,346.388736,346.388736,2614,768,MED  / 100ms,0.0
2026-09-01T11:56:45.660868,0.2,346.388736,346.388736,2614,768,MED  / 100ms,0.0
2026-09-01T11:56:45.665151,0.2,346.388736,346.388736,2614,768,MED  / 100ms,0.0
2026-09-01T11:56:45.669431,0.2,346.388736,346.388736,2614,768,MED  / 100ms,0.0
2026-09-01T11:56:45.673705,0.2,346.388736,346.388736,2614,768,MED  / 100ms,0.0
2026-09-01T11:56:45.682238,0.2,346.388736,346.388736,2614,768,MED  / 100ms,0.0
2026-09-01T11:56:45.686569,0.2,346.388736,346.388736,2614,768,MED  / 100ms,0.0
2026-09-01T11:56:45.690850,0.2,346.388736,346.388736,2614,768,MED  / 100ms,0.0
2026-09-01T11:56:45.695119,0.2,346.388736,346.388736,2614,768,MED  / 100ms,0.0
2026-09-01T11:56:45.699391,0.2,346.388736,346.388736,2614,768,MED  / 100ms,0.0
2026-09-01T11:56:45.703663,0.2,346.388736,346.388736,2614,768,MED  / 100ms,0.0
2026-09-01T11:56:45.707935,0.2,346.388736,346.388736,2614,768,MED  / 100ms,0.0
2026-09-01T11:56:45.712205,0.2,346.388736,346.388736,2614,768,MED  / 100ms,0.0
2026-09-01T11:56:45.716474,0.2,346.388736,346.388736,2614,768,MED  / 100ms,0.0
2026-09-01T11:56:45.720743,0.2,346.388736,346.388736,2614,768,MED  / 100ms,0.0
2026-09-01T11:56:45.725008,0.2,346.388736,346.388736,2614,768,MED  / 100ms,0.0
2026-09-01T11:56:45.729270,0.2,346.388736,346.388736,2614,768,MED  / 100ms,0.0
2026-09-01T11:56:45.733558,0.2,346.388736,346.388736,2614,768,MED  / 100ms,0.0
2026-09-01T11:56:45.737826,0.2,346.388736,346.388736,2614,768,MED  / 100ms,0.0
2026-09-01T11:56:45.742262,0.2,346.388736,346.388736,2614,768,MED  / 100ms,0.0
2026-09-01T11:56:45.746529,0.2,346.388736,346.388736,2614,768,MED  / 100ms,0.0
2026-09-01T11:56:45.750815,0.2,346.388736,346.388736,2614,768,MED  / 100ms,0.0
2026-09-01T11:56:45.755108,0.2,346.388736,346.388736,2614,768,MED  / 100ms,0.0
2026-09-01T11:56:45.759371,0.2,376.678656,376.678656,2838,828,MED  / 100ms,0.0
2026-09-01T11:56:45.763655,0.2,376.678656,376.678656,2838,828,MED  / 100ms,0.0
2026-09-01T11:56:45.767942,0.2,376.678656,376.678656,2838,828,MED  / 100ms,0.0
2026-09-01T11:56:45.772220,0.2,376.678656,376.678656,2838,828,MED  / 100ms,0.0
2026-09-01T11:56:45.776490,0.2,376.678656,376.678656,2838,828,MED  / 100ms,0.0
2026-09-01T11:56:45.780753,0.2,376.678656,376.678656,2838,828,MED  / 100ms,0.0
2026-09-01T11:56:45.785027,0.2,376.678656,376.678656,2838,828,MED  / 100ms,0.0
2026-09-01T11:56:45.789320,0.2,376.678656,376.678656,2838,828,MED  / 100ms,0.0
2026-09-01T11:56:45.793603,0.2,376.678656,376.678656,2838,828,MED  / 100ms,0.0
2026-09-01T11:56:45.797874,0.2,376.678656,376.678656,2838,828,MED  / 100ms,0.0
2026-09-01T11:56:45.802146,0.2,376.678656,376.678656,2838,828,MED  / 100ms,0.0
2026-09-01T11:56:45.806409,0.2,376.678656,376.678656,2838,828,MED  / 100ms,0.0
2026-09-01T11:56:45.810702,0.2,376.678656,376.678656,2838,828,MED  / 100ms,0.0
2026-09-01T11:56:45.814976,0.2,376.678656,376.678656,2838,828,MED  / 100ms,0.0
2026-09-01T11:56:45.819256,0.2,376.678656,376.678656,2838,828,MED  / 100ms,0.0
2026-09-01T11:56:45.823517,0.2,376.678656,376.678656,2838,828,MED  / 100ms,0.0
2026-09-01T11:56:45.827778,0.2,376.678656,376.678656,2838,828,MED  / 100ms,0.0
2026-09-01T11:56:45.832051,0.2,376.678656,376.678656,2838,828,MED  / 100ms,0.0
2026-09-01T11:56:45.836323,0.2,376.678656,376.678656,2838,828,MED  / 100ms,0.0
2026-09-01T11:56:45.840589,0.2,376.678656,376.678656,2838,828,MED  / 100ms,0.0
2026-09-01T11:56:45.845016,0.2,376.678656,376.678656,2838,828,MED  / 100ms,0.0
2026-09-01T11:56:45.849309,0.2,376.678656,376.678656,2838,828,MED  / 100ms,0.0
2026-09-01T11:56:45.853594,0.2,376.678656,376.678656,2838,828,MED  / 100ms,0.0
2026-09-01T11:56:45.857864,0.2,376.678656,376.678656,2838,828,MED  / 100ms,0.0
2026-09-01T11:56:45.862138,0.2,286.324608,286.324608,2157,629,MED  / 100ms,0.0
2026-09-01T11:56:45.866405,0.2,286.324608,286.324608,2157,629,MED  / 100ms,0.0
2026-09-01T11:56:45.870687,0.2,286.324608,286.324608,2157,629,MED  / 100ms,0.0
2026-09-01T11:56:45.874964,0.2,286.324608,286.324608,2157,629,MED  / 100ms,0.0
2026-09-01T11:56:45.879229,0.2,286.324608,286.324608,2157,629,MED  / 100ms,0.0
2026-09-01T11:56:45.883497,0.2,286.324608,286.324608,2157,629,MED  / 100ms,0.0
2026-09-01T11:56:45.887772,0.2,286.324608,286.324608,2157,629,MED  / 100ms,0.0
2026-09-01T11:56:45.892042,0.2,286.324608,286.324608,2157,629,MED  / 100ms,0.0
2026-09-01T11:56:45.896330,0.2,286.324608,286.324608,2157,629,MED  / 100ms,0.0
2026-09-01T11:56:45.900613,0.2,286.324608,286.324608,2157,629,MED  / 100ms,0.0
2026-09-01T11:56:45.904885,0.2,286.324608,286.324608,2157,629,MED  / 100ms,0.0
2026-09-01T11:56:45.909186,0.2,286.324608,286.324608,2157,629,MED  / 100ms,0.0
2026-09-01T11:56:45.913454,0.2,286.324608,286.324608,2157,629,MED  / 100ms,0.0
2026-09-01T11:56:45.917728,0.2,286.324608,286.324608,2157,629,MED  / 100ms,0.0
2026-09-01T11:56:45.922017,0.2,286.324608,286.324608,2157,629,MED  / 100ms,0.0
2026-09-01T11:56:45.926299,0.2,286.324608,286.324608,2157,629,MED  / 100ms,0.0
2026-09-01T11:56:45.930574,0.2,286.324608,286.324608,2157,629,MED  / 100ms,0.0
2026-09-01T11:56:45.934843,0.2,286.324608,286.324608,2157,629,MED  / 100ms,0.0
2026-09-01T11:56:45.939120,0.2,286.324608,286.324608,2157,629,MED  / 100ms,0.0
2026-09-01T11:56:45.943397,0.2,286.324608,286.324608,2157,629,MED  / 100ms,0.0
2026-09-01T11:56:45.947666,0.2,286.324608,286.324608,2157,629,MED  / 100ms,0.0
2026-09-01T11:56:45.952133,0.2,286.324608,286.324608,2157,629,MED  / 100ms,0.0
2026-09-01T11:56:45.956404,0.2,286.324608,286.324608,2157,629,MED  / 100ms,0.0
2026-09-01T11:56:45.960672,0.2,286.324608,286.324608,2157,629,MED  / 100ms,0.0
2026-09-01T11:56:45.964936,0.2,286.324608,286.324608,2157,414,MED  / 100ms,0.0
2026-09-01T11:56:45.969210,0.2,174.304128,174.304128,1333,414,MED  / 100ms,0.0
2026-09-01T11:56:45.973496,0.2,174.304128,174.304128,1333,414,MED  / 100ms,0.0
2026-09-01T11:56:45.977771,0.2,174.304128,174.304128,1333,414,MED  / 100ms,0.0
2026-09-01T11:56:45.982043,0.2,174.304128,174.304128,1333,414,MED  / 100ms,0.0
2026-09-01T11:56:45.986316,0.2,174.304128,174.304128,1333,414,MED  / 100ms,0.0
2026-09-01T11:56:45.990589,0.2,174.304128,174.304128,1333,414,MED  / 100ms,0.0
2026-09-01T11:56:45.994852,0.2,174.304128,174.304128,1333,414,MED  / 100ms,0.0
2026-09-01T11:56:45.999125,0.2,174.304128,174.304128,1333,414,MED  / 100ms,0.0
2026-09-01T11:56:46.003421,0.2,174.304128,174.304128,1333,414,MED  / 100ms,0.0
2026-09-01T11:56:46.007701,0.2,174.304128,174.304128,1333,414,MED  / 100ms,0.0
2026-09-01T11:56:46.011980,0.2,174.304128,174.304128,1333,414,MED  / 100ms,0.0
2026-09-01T11:56:46.016250,0.2,174.304128,174.304128,1333,414,MED  / 100ms,0.0
2026-09-01T11:56:46.020519,0.2,174.304128,174.304128,1333,414,MED  / 100ms,0.0
2026-09-01T11:56:46.024789,0.2,174.304128,174.304128,1333,414,MED  / 100ms,0.0
2026-09-01T11:56:46.029057,0.2,174.304128,174.304128,1333,414,MED  / 100ms,0.0
2026-09-01T11:56:46.033326,0.2,174.304128,174.304128,1333,414,MED  / 100ms,0.0
2026-09-01T11:56:46.037601,0.2,174.304128,174.304128,1333,414,MED  / 100ms,0.0
2026-09-01T11:56:46.041877,0.2,174.304128,174.304128,1333,414,MED  / 100ms,0.0
2026-09-01T11:56:46.046151,0.2,174.304128,174.304128,1333,414,MED  / 100ms,0.0
2026-09-01T11:56:46.050424,0.2,174.304128,174.304128,1333,414,MED  / 100ms,0.0
2026-09-01T11:56:46.054859,0.2,174.304128,174.304128,1333,414,MED  / 100ms,0.0
2026-09-01T11:56:46.059130,0.2,174.304128,174.304128,1333,414,MED  / 100ms,0.0
2026-09-01T11:56:46.063399,0.2,174.304128,174.304128,1333,414,MED  / 100ms,0.0
2026-09-01T11:56:46.067673,0.2,174.304128,174.304128,1333,414,MED  / 100ms,0.0
2026-09-01T11:56:46.071952,0.2,7.879295999999999,7.879295999999999,79,48,MED  / 100ms,0.0
2026-09-01T11:56:46.076235,0.2,7.879295999999999,7.879295999999999,79,48,MED  / 100ms,0.0
2026-09-01T11:56:46.080506,0.2,7.879295999999999,7.879295999999999,79,48,MED  / 100ms,0.0
2026-09-01T11:56:46.084780,0.2,7.879295999999999,7.879295999999999,79,48,MED  / 100ms,0.0
2026-09-01T11:56:46.089052,0.2,7.879295999999999,7.879295999999999,79,48,MED  / 100ms,0.0
2026-09-01T11:56:46.093331,0.2,7.879295999999999,7.879295999999999,79,48,MED  / 100ms,0.0
2026-09-01T11:56:46.097630,0.2,7.879295999999999,7.879295999999999,79,48,MED  / 100ms,0.0
2026-09-01T11:56:46.101922,0.2,7.879295999999999,7.879295999999999,79,48,MED  / 100ms,0.0
2026-09-01T11:56:46.106208,0.2,7.879295999999999,7.879295999999999,79,48,MED  / 100ms,0.0
2026-09-01T11:56:46.110506,0.2,7.879295999999999,7.879295999999999,79,48,MED  / 100ms,0.0
2026-09-01T11:56:46.114782,0.2,7.879295999999999,7.879295999999999,79,48,MED  / 100ms,0.0
2026-09-01T11:56:46.119080,0.2,7.879295999999999,7.879295999999999,79,48,MED  / 100ms,0.0
2026-09-01T11:56:46.123350,0.2,7.879295999999999,7.879295999999999,79,48,MED  / 100ms,0.0
2026-09-01T11:56:46.127619,0.2,7.879295999999999,7.879295999999999,79,48,MED  / 100ms,0.0
2026-09-01T11:56:46.131890,0.2,7.879295999999999,7.879295999999999,79,48,MED  / 100ms,0.0
2026-09-01T11:56:46.136167,0.2,7.879295999999999,7.879295999999999,79,48,MED  / 100ms,0.0
2026-09-01T11:56:46.140436,0.2,7.879295999999999,7.879295999999999,79,48,MED  / 100ms,0.0
2026-09-01T11:56:46.144720,0.2,7.879295999999999,7.879295999999999,79,48,MED  / 100ms,0.0
2026-09-01T11:56:46.148998,0.2,7.879295999999999,7.879295999999999,79,48,MED  / 100ms,0.0
2026-09-01T11:56:46.153283,0.2,7.879295999999999,7.879295999999999,79,48,MED  / 100ms,0.0
2026-09-01T11:56:46.157720,0.2,7.879295999999999,7.879295999999999,79,48,MED  / 100ms,0.0
2026-09-01T11:56:46.162004,0.2,7.879295999999999,7.879295999999999,79,48,MED  / 100ms,0.0
2026-09-01T11:56:46.166277,0.2,7.879295999999999,7.879295999999999,79,48,MED  / 100ms,0.0
2026-09-01T11:56:46.170560,0.2,7.879295999999999,7.879295999999999,79,48,MED  / 100ms,0.0
2026-09-01T11:56:46.174850,0.2,7.879295999999999,7.879295999999999,79,54,MED  / 100ms,0.0
2026-09-01T11:56:46.179136,0.2,7.415808000000001,7.415808000000001,80,54,MED  / 100ms,0.0
2026-09-01T11:56:46.183421,0.2,7.415808000000001,7.415808000000001,80,54,MED  / 100ms,0.0
2026-09-01T11:56:46.187703,0.2,7.415808000000001,7.415808000000001,80,54,MED  / 100ms,0.0
2026-09-01T11:56:46.191985,0.2,7.415808000000001,7.415808000000001,80,54,MED  / 100ms,0.0
2026-09-01T11:56:46.196260,0.2,7.415808000000001,7.415808000000001,80,54,MED  / 100ms,0.0
2026-09-01T11:56:46.200540,0.2,7.415808000000001,7.415808000000001,80,54,MED  / 100ms,0.0
2026-09-01T11:56:46.204817,0.2,7.415808000000001,7.415808000000001,80,54,MED  / 100ms,0.0
2026-09-01T11:56:46.209113,0.2,7.415808000000001,7.415808000000001,80,54,MED  / 100ms,0.0
2026-09-01T11:56:46.213386,0.2,7.415808000000001,7.415808000000001,80,54,MED  / 100ms,0.0
2026-09-01T11:56:46.217684,0.2,7.415808000000001,7.415808000000001,80,54,MED  / 100ms,0.0
2026-09-01T11:56:46.221980,0.2,7.415808000000001,7.415808000000001,80,54,MED  / 100ms,0.0
2026-09-01T11:56:46.226256,0.2,7.415808000000001,7.415808000000001,80,54,MED  / 100ms,0.0
2026-09-01T11:56:46.230541,0.2,7.415808000000001,7.415808000000001,80,54,MED  / 100ms,0.0
2026-09-01T11:56:46.234845,0.2,7.415808000000001,7.415808000000001,80,54,MED  / 100ms,0.0
2026-09-01T11:56:46.239125,0.2,7.415808000000001,7.415808000000001,80,54,MED  / 100ms,0.0
2026-09-01T11:56:46.243424,0.2,7.415808000000001,7.415808000000001,80,54,MED  / 100ms,0.0
2026-09-01T11:56:46.247700,0.2,7.415808000000001,7.415808000000001,80,54,MED  / 100ms,0.0
2026-09-01T11:56:46.251984,0.2,7.415808000000001,7.415808000000001,80,54,MED  / 100ms,0.0
2026-09-01T11:56:46.256255,0.2,7.415808000000001,7.415808000000001,80,54,MED  / 100ms,0.0
2026-09-01T11:56:46.260683,0.2,7.415808000000001,7.415808000000001,80,54,MED  / 100ms,0.0
2026-09-01T11:56:46.264966,0.2,7.415808000000001,7.415808000000001,80,54,MED  / 100ms,0.0
2026-09-01T11:56:46.269268,0.2,7.415808000000001,7.415808000000001,80,54,MED  / 100ms,0.0
2026-09-01T11:56:46.273565,0.2,7.415808000000001,7.415808000000001,80,54,MED  / 100ms,0.0
2026-09-01T11:56:46.277842,0.2,7.415808000000001,7.415808000000001,80,54,MED  / 100ms,0.0
2026-09-01T11:56:46.282118,0.2,7.755264000000001,7.755264000000001,84,57,MED  / 100ms,0.0
2026-09-01T11:56:46.286399,0.2,7.755264000000001,7.755264000000001,84,57,MED  / 100ms,0.0
2026-09-01T11:56:46.290694,0.2,7.755264000000001,7.755264000000001,84,57,MED  / 100ms,0.0
2026-09-01T11:56:46.294982,0.2,7.755264000000001,7.755264000000001,84,57,MED  / 100ms,0.0
2026-09-01T11:56:46.299276,0.2,7.755264000000001,7.755264000000001,84,57,MED  / 100ms,0.0
2026-09-01T11:56:46.303559,0.2,7.755264000000001,7.755264000000001,84,57,MED  / 100ms,0.0
2026-09-01T11:56:46.307834,0.2,7.755264000000001,7.755264000000001,84,57,MED  / 100ms,0.0
2026-09-01T11:56:46.312143,0.2,7.755264000000001,7.755264000000001,84,57,MED  / 100ms,0.0
2026-09-01T11:56:46.316419,0.2,7.755264000000001,7.755264000000001,84,57,MED  / 100ms,0.0
2026-09-01T11:56:46.320698,0.2,7.755264000000001,7.755264000000001,84,57,MED  / 100ms,0.0
2026-09-01T11:56:46.324971,0.2,7.755264000000001,7.755264000000001,84,57,MED  / 100ms,0.0
2026-09-01T11:56:46.329251,0.2,7.755264000000001,7.755264000000001,84,57,MED  / 100ms,0.0
2026-09-01T11:56:46.333527,0.2,7.755264000000001,7.755264000000001,84,57,MED  / 100ms,0.0
2026-09-01T11:56:46.337814,0.2,7.755264000000001,7.755264000000001,84,57,MED  / 100ms,0.0
2026-09-01T11:56:46.342093,0.2,7.755264000000001,7.755264000000001,84,57,MED  / 100ms,0.0
2026-09-01T11:56:46.346366,0.2,7.755264000000001,7.755264000000001,84,57,MED  / 100ms,0.0
2026-09-01T11:56:46.350649,0.2,7.755264000000001,7.755264000000001,84,57,MED  / 100ms,0.0
2026-09-01T11:56:46.354925,0.2,7.755264000000001,7.755264000000001,84,57,MED  / 100ms,0.0
2026-09-01T11:56:46.359196,0.2,7.755264000000001,7.755264000000001,84,57,MED  / 100ms,0.0
2026-09-01T11:56:46.363468,0.2,7.755264000000001,7.755264000000001,84,57,MED  / 100ms,0.0
2026-09-01T11:56:46.367924,0.2,7.755264000000001,7.755264000000001,84,57,MED  / 100ms,0.0
2026-09-01T11:56:46.372207,0.2,7.755264000000001,7.755264000000001,84,57,MED  / 100ms,0.0
2026-09-01T11:56:46.376486,0.2,7.755264000000001,7.755264000000001,84,57,MED  / 100ms,0.0
2026-09-01T11:56:46.380760,0.2,7.755264000000001,7.755264000000001,84,57,MED  / 100ms,0.0
2026-09-01T11:56:46.385046,0.2,7.755264000000001,7.755264000000001,86,59,MED  / 100ms,0.0
2026-09-01T11:56:46.389333,0.2,7.872768000000001,7.872768000000001,86,59,MED  / 100ms,0.0
2026-09-01T11:56:46.393611,0.2,7.872768000000001,7.872768000000001,86,59,MED  / 100ms,0.0
2026-09-01T11:56:46.397887,0.2,7.872768000000001,7.872768000000001,86,59,MED  / 100ms,0.0
2026-09-01T11:56:46.402170,0.2,7.872768000000001,7.872768000000001,86,59,MED  / 100ms,0.0
2026-09-01T11:56:46.406479,0.2,7.872768000000001,7.872768000000001,86,59,MED  / 100ms,0.0
2026-09-01T11:56:46.410760,0.2,7.872768000000001,7.872768000000001,86,59,MED  / 100ms,0.0
2026-09-01T11:56:46.415037,0.2,7.872768000000001,7.872768000000001,86,59,MED  / 100ms,0.0
2026-09-01T11:56:46.419318,0.2,7.872768000000001,7.872768000000001,86,59,MED  / 100ms,0.0
2026-09-01T11:56:46.423593,0.2,7.872768000000001,7.872768000000001,86,59,MED  / 100ms,0.0
2026-09-01T11:56:46.427864,0.2,7.872768000000001,7.872768000000001,86,59,MED  / 100ms,0.0
2026-09-01T11:56:46.432172,0.2,7.872768000000001,7.872768000000001,86,59,MED  / 100ms,0.0
2026-09-01T11:56:46.436455,0.2,7.872768000000001,7.872768000000001,86,59,MED  / 100ms,0.0
2026-09-01T11:56:46.440727,0.2,7.872768000000001,7.872768000000001,86,59,MED  / 100ms,0.0
2026-09-01T11:56:46.445000,0.2,7.872768000000001,7.872768000000001,86,59,MED  / 100ms,0.0
2026-09-01T11:56:46.449275,0.2,7.872768000000001,7.872768000000001,86,59,MED  / 100ms,0.0
2026-09-01T11:56:46.453547,0.2,7.872768000000001,7.872768000000001,86,59,MED  / 100ms,0.0
2026-09-01T11:56:46.457817,0.2,7.872768000000001,7.872768000000001,86,59,MED  / 100ms,0.0
2026-09-01T11:56:46.462102,0.2,7.872768000000001,7.872768000000001,86,59,MED  / 100ms,0.0
2026-09-01T11:56:46.466385,0.2,7.872768000000001,7.872768000000001,86,59,MED  / 100ms,0.0
2026-09-01T11:56:46.470824,0.2,7.872768000000001,7.872768000000001,86,59,MED  / 100ms,0.0
2026-09-01T11:56:46.475110,0.2,7.872768000000001,7.872768000000001,86,59,MED  / 100ms,0.0
2026-09-01T11:56:46.479388,0.2,7.872768000000001,7.872768000000001,86,59,MED  / 100ms,0.0
2026-09-01T11:56:46.483671,0.2,7.872768000000001,7.872768000000001,86,59,MED  / 100ms,0.0
2026-09-01T11:56:46.487967,0.2,7.872768000000001,7.872768000000001,86,60,MED  / 100ms,0.0
2026-09-01T11:56:46.492248,0.2,8.09472,8.09472,88,60,MED  / 100ms,0.0
2026-09-01T11:56:46.496519,0.2,8.09472,8.09472,88,60,MED  / 100ms,0.0
2026-09-01T11:56:46.500795,0.2,8.09472,8.09472,88,60,MED  / 100ms,0.0
2026-09-01T11:56:46.505066,0.2,8.09472,8.09472,88,60,MED  / 100ms,0.0
2026-09-01T11:56:46.509339,0.2,8.09472,8.09472,88,60,MED  / 100ms,0.0
2026-09-01T11:56:46.513621,0.2,8.09472,8.09472,88,60,MED  / 100ms,0.0
2026-09-01T11:56:46.517905,0.2,8.09472,8.09472,88,60,MED  / 100ms,0.0
2026-09-01T11:56:46.522182,0.2,8.09472,8.09472,88,60,MED  / 100ms,0.0
2026-09-01T11:56:46.526476,0.2,8.09472,8.09472,88,60,MED  / 100ms,0.0
2026-09-01T11:56:46.530772,0.2,8.09472,8.09472,88,60,MED  / 100ms,0.0
2026-09-01T11:56:46.535070,0.2,8.09472,8.09472,88,60,MED  / 100ms,0.0
2026-09-01T11:56:46.539348,0.2,8.09472,8.09472,88,60,MED  / 100ms,0.0
2026-09-01T11:56:46.543632,0.2,8.09472,8.09472,88,60,MED  / 100ms,0.0
2026-09-01T11:56:46.547910,0.2,8.09472,8.09472,88,60,MED  / 100ms,0.0
2026-09-01T11:56:46.552194,0.2,8.09472,8.09472,88,60,MED  / 100ms,0.0
2026-09-01T11:56:46.556471,0.2,8.09472,8.09472,88,60,MED  / 100ms,0.0
2026-09-01T11:56:46.560762,0.2,8.09472,8.09472,88,60,MED  / 100ms,0.0
2026-09-01T11:56:46.565058,0.2,8.09472,8.09472,88,60,MED  / 100ms,0.0
2026-09-01T11:56:46.569341,0.2,8.09472,8.09472,88,60,MED  / 100ms,0.0
2026-09-01T11:56:46.573792,0.2,8.09472,8.09472,88,60,MED  / 100ms,0.0
2026-09-01T11:56:46.578091,0.2,8.09472,8.09472,88,60,MED  / 100ms,0.0
2026-09-01T11:56:46.582392,0.2,8.09472,8.09472,88,60,MED  / 100ms,0.0
2026-09-01T11:56:46.586687,0.2,8.09472,8.09472,88,60,MED  / 100ms,0.0
2026-09-01T11:56:46.590970,0.2,8.09472,8.09472,88,60,MED  / 100ms,0.0
2026-09-01T11:56:46.595252,0.2,8.09472,8.09472,88,60,MED  / 100ms,0.0
2026-09-01T11:56:46.599537,0.2,8.09472,8.09472,88,60,MED  / 100ms,0.0
2026-09-01T11:56:46.603819,0.2,8.09472,8.09472,88,60,MED  / 100ms,0.0
2026-09-01T11:56:46.608104,0.2,8.09472,8.09472,88,60,MED  / 100ms,0.0
2026-09-01T11:56:46.612377,0.2,8.09472,8.09472,88,60,MED  / 100ms,0.0
2026-09-01T11:56:46.616650,0.2,8.09472,8.09472,88,60,MED  / 100ms,0.0
2026-09-01T11:56:46.620923,0.2,8.09472,8.09472,88,60,MED  / 100ms,0.0
2026-09-01T11:56:46.625211,0.2,8.09472,8.09472,88,60,MED  / 100ms,0.0
2026-09-01T11:56:46.629494,0.2,8.09472,8.09472,88,60,MED  / 100ms,0.0
2026-09-01T11:56:46.633778,0.2,8.09472,8.09472,88,60,MED  / 100ms,0.0
2026-09-01T11:56:46.638083,0.2,8.09472,8.09472,88,60,MED  / 100ms,0.0
2026-09-01T11:56:46.642355,0.2,8.09472,8.09472,88,60,MED  / 100ms,0.0
2026-09-01T11:56:46.646625,0.2,8.09472,8.09472,88,60,MED  / 100ms,0.0
2026-09-01T11:56:46.650907,0.2,8.09472,8.09472,88,60,MED  / 100ms,0.0
2026-09-01T11:56:46.655183,0.2,8.09472,8.09472,88,60,MED  / 100ms,0.0
2026-09-01T11:56:46.659457,0.2,8.09472,8.09472,88,60,MED  / 100ms,0.0
2026-09-01T11:56:46.663732,0.2,8.09472,8.09472,88,60,MED  / 100ms,0.0
2026-09-01T11:56:46.668004,0.2,8.09472,8.09472,88,60,MED  / 100ms,0.0
2026-09-01T11:56:46.672282,0.2,8.09472,8.09472,88,60,MED  / 100ms,0.0
2026-09-01T11:56:46.676716,0.2,8.09472,8.09472,88,60,MED  / 100ms,0.0
2026-09-01T11:56:46.680996,0.2,8.09472,8.09472,88,60,MED  / 100ms,0.0
2026-09-01T11:56:46.685271,0.2,8.09472,8.09472,88,60,MED  / 100ms,0.0
2026-09-01T11:56:46.689569,0.2,8.09472,8.09472,88,60,MED  / 100ms,0.0
2026-09-01T11:56:46.693867,0.2,8.09472,8.09472,88,60,MED  / 100ms,0.0
2026-09-01T11:56:46.698172,0.2,8.09472,8.09472,89,61,MED  / 100ms,0.0
2026-09-01T11:56:46.702452,0.2,8.153472,8.153472,89,61,MED  / 100ms,0.0
2026-09-01T11:56:46.706725,0.2,8.153472,8.153472,89,61,MED  / 100ms,0.0
2026-09-01T11:56:46.711009,0.2,8.153472,8.153472,89,61,MED  / 100ms,0.0
2026-09-01T11:56:46.715293,0.2,8.153472,8.153472,89,61,MED  / 100ms,0.0
2026-09-01T11:56:46.719585,0.2,8.153472,8.153472,89,61,MED  / 100ms,0.0
2026-09-01T11:56:46.723863,0.2,8.153472,8.153472,89,61,MED  / 100ms,0.0
2026-09-01T11:56:46.728153,0.2,8.153472,8.153472,89,61,MED  / 100ms,0.0
2026-09-01T11:56:46.732433,0.2,8.153472,8.153472,89,61,MED  / 100ms,0.0
2026-09-01T11:56:46.736721,0.2,8.153472,8.153472,89,61,MED  / 100ms,0.0
2026-09-01T11:56:46.740994,0.2,8.153472,8.153472,89,61,MED  / 100ms,0.0
2026-09-01T11:56:46.745266,0.2,8.153472,8.153472,89,61,MED  / 100ms,0.0
2026-09-01T11:56:46.749548,0.2,8.153472,8.153472,89,61,MED  / 100ms,0.0
2026-09-01T11:56:46.753832,0.2,8.153472,8.153472,89,61,MED  / 100ms,0.0
2026-09-01T11:56:46.758124,0.2,8.153472,8.153472,89,61,MED  / 100ms,0.0
2026-09-01T11:56:46.762402,0.2,8.153472,8.153472,89,61,MED  / 100ms,0.0
2026-09-01T11:56:46.766678,0.2,8.153472,8.153472,89,61,MED  / 100ms,0.0
2026-09-01T11:56:46.770964,0.2,8.153472,8.153472,89,61,MED  / 100ms,0.0
2026-09-01T11:56:46.775242,0.2,8.153472,8.153472,89,61,MED  / 100ms,0.0
2026-09-01T11:56:46.779524,0.2,8.153472,8.153472,89,61,MED  / 100ms,0.0
2026-09-01T11:56:46.783970,0.2,8.153472,8.153472,89,61,MED  / 100ms,0.0
2026-09-01T11:56:46.788251,0.2,8.153472,8.153472,89,61,MED  / 100ms,0.0
2026-09-01T11:56:46.792525,0.2,8.153472,8.153472,89,61,MED  / 100ms,0.0
2026-09-01T11:56:46.796801,0.2,8.153472,8.153472,89,61,MED  / 100ms,0.0
2026-09-01T11:56:46.801077,0.2,8.153472,8.153472,89,61,MED  / 100ms,0.0
2026-09-01T11:56:46.805354,0.2,8.153472,8.153472,89,61,MED  / 100ms,0.0
2026-09-01T11:56:46.809632,0.2,8.153472,8.153472,89,61,MED  / 100ms,0.0
2026-09-01T11:56:46.813908,0.2,8.153472,8.153472,89,61,MED  / 100ms,0.0
2026-09-01T11:56:46.818204,0.2,8.153472,8.153472,89,61,MED  / 100ms,0.0
2026-09-01T11:56:46.822499,0.2,8.153472,8.153472,89,61,MED  / 100ms,0.0
2026-09-01T11:56:46.826776,0.2,8.153472,8.153472,89,61,MED  / 100ms,0.0
2026-09-01T11:56:46.831052,0.2,8.153472,8.153472,89,61,MED  / 100ms,0.0
2026-09-01T11:56:46.835334,0.2,8.153472,8.153472,89,61,MED  / 100ms,0.0
2026-09-01T11:56:46.839642,0.2,8.153472,8.153472,89,61,MED  / 100ms,0.0
2026-09-01T11:56:46.843944,0.2,8.153472,8.153472,89,61,MED  / 100ms,0.0
2026-09-01T11:56:46.848224,0.2,8.153472,8.153472,89,61,MED  / 100ms,0.0
2026-09-01T11:56:46.852507,0.2,8.153472,8.153472,89,61,MED  / 100ms,0.0
2026-09-01T11:56:46.856777,0.2,8.153472,8.153472,89,61,MED  / 100ms,0.0
2026-09-01T11:56:46.861047,0.2,8.153472,8.153472,89,61,MED  / 100ms,0.0
2026-09-01T11:56:46.865319,0.2,8.153472,8.153472,89,61,MED  / 100ms,0.0
2026-09-01T11:56:46.869642,0.2,8.153472,8.153472,89,61,MED  / 100ms,0.0
2026-09-01T11:56:46.873924,0.2,8.153472,8.153472,89,61,MED  / 100ms,0.0
2026-09-01T11:56:46.878210,0.2,8.153472,8.153472,89,61,MED  / 100ms,0.0
2026-09-01T11:56:46.882498,0.2,8.153472,8.153472,89,61,MED  / 100ms,0.0
2026-09-01T11:56:46.886941,0.2,8.153472,8.153472,89,61,MED  / 100ms,0.0
2026-09-01T11:56:46.891228,0.2,8.153472,8.153472,89,61,MED  / 100ms,0.0
2026-09-01T11:56:46.895512,0.2,8.153472,8.153472,89,61,MED  / 100ms,0.0
2026-09-01T11:56:46.899790,0.2,8.153472,8.153472,89,61,MED  / 100ms,0.0
2026-09-01T11:56:46.904077,0.2,8.153472,8.153472,89,61,MED  / 100ms,0.0
2026-09-01T11:56:46.908354,0.2,8.153472,8.153472,90,62,MED  / 100ms,0.0
2026-09-01T11:56:46.912647,0.2,8.212224,8.212224,90,62,MED  / 100ms,0.0
2026-09-01T11:56:46.916931,0.2,8.212224,8.212224,90,62,MED  / 100ms,0.0
2026-09-01T11:56:46.921212,0.2,8.212224,8.212224,90,62,MED  / 100ms,0.0
2026-09-01T11:56:46.925491,0.2,8.212224,8.212224,90,62,MED  / 100ms,0.0
2026-09-01T11:56:46.929786,0.2,8.212224,8.212224,90,62,MED  / 100ms,0.0
2026-09-01T11:56:46.934109,0.2,8.212224,8.212224,90,62,MED  / 100ms,0.0
2026-09-01T11:56:46.938405,0.2,8.212224,8.212224,90,62,MED  / 100ms,0.0
2026-09-01T11:56:46.942679,0.2,8.212224,8.212224,90,62,MED  / 100ms,0.0
2026-09-01T11:56:46.946956,0.2,8.212224,8.212224,90,62,MED  / 100ms,0.0
2026-09-01T11:56:46.951251,0.2,8.212224,8.212224,90,62,MED  / 100ms,0.0
2026-09-01T11:56:46.955533,0.2,8.212224,8.212224,90,62,MED  / 100ms,0.0
2026-09-01T11:56:46.959815,0.2,8.212224,8.212224,90,62,MED  / 100ms,0.0
2026-09-01T11:56:46.964100,0.2,8.212224,8.212224,90,62,MED  / 100ms,0.0
2026-09-01T11:56:46.968386,0.2,8.212224,8.212224,90,62,MED  / 100ms,0.0
2026-09-01T11:56:46.972668,0.2,8.212224,8.212224,90,62,MED  / 100ms,0.0
2026-09-01T11:56:46.976955,0.2,8.212224,8.212224,90,62,MED  / 100ms,0.0
2026-09-01T11:56:46.981232,0.2,8.212224,8.212224,90,62,MED  / 100ms,0.0
2026-09-01T11:56:46.985510,0.2,8.212224,8.212224,90,62,MED  / 100ms,0.0
2026-09-01T11:56:46.989958,0.2,8.212224,8.212224,90,62,MED  / 100ms,0.0
2026-09-01T11:56:46.994257,0.2,8.212224,8.212224,90,62,MED  / 100ms,0.0
2026-09-01T11:56:46.998539,0.2,8.212224,8.212224,90,62,MED  / 100ms,0.0
2026-09-01T11:56:47.002832,0.2,8.212224,8.212224,90,62,MED  / 100ms,0.0
2026-09-01T11:56:47.007115,0.2,8.212224,8.212224,90,62,MED  / 100ms,0.0
2026-09-01T11:56:47.011409,0.2,8.212224,8.212224,90,63,MED  / 100ms,0.0
2026-09-01T11:56:47.015693,0.2,8.270976000000001,8.270976000000001,91,63,MED  / 100ms,0.0
2026-09-01T11:56:47.019977,0.2,8.270976000000001,8.270976000000001,91,63,MED  / 100ms,0.0
2026-09-01T11:56:47.024274,0.2,8.270976000000001,8.270976000000001,91,63,MED  / 100ms,0.0
2026-09-01T11:56:47.028564,0.2,8.270976000000001,8.270976000000001,91,63,MED  / 100ms,0.0
2026-09-01T11:56:47.032841,0.2,8.270976000000001,8.270976000000001,91,63,MED  / 100ms,0.0
2026-09-01T11:56:47.037135,0.2,8.270976000000001,8.270976000000001,91,63,MED  / 100ms,0.0
2026-09-01T11:56:47.041411,0.2,8.270976000000001,8.270976000000001,91,63,MED  / 100ms,0.0
2026-09-01T11:56:47.045689,0.2,8.270976000000001,8.270976000000001,91,63,MED  / 100ms,0.0
2026-09-01T11:56:47.049977,0.2,8.270976000000001,8.270976000000001,91,63,MED  / 100ms,0.0
2026-09-01T11:56:47.054253,0.2,8.270976000000001,8.270976000000001,91,63,MED  / 100ms,0.0
2026-09-01T11:56:47.058543,0.2,8.270976000000001,8.270976000000001,91,63,MED  / 100ms,0.0
2026-09-01T11:56:47.062833,0.2,8.270976000000001,8.270976000000001,91,63,MED  / 100ms,0.0
2026-09-01T11:56:47.067118,0.2,8.270976000000001,8.270976000000001,91,63,MED  / 100ms,0.0
2026-09-01T11:56:47.071412,0.2,8.270976000000001,8.270976000000001,91,63,MED  / 100ms,0.0
2026-09-01T11:56:47.075687,0.2,8.270976000000001,8.270976000000001,91,63,MED  / 100ms,0.0
2026-09-01T11:56:47.079974,0.2,8.270976000000001,8.270976000000001,91,63,MED  / 100ms,0.0
2026-09-01T11:56:47.084261,0.2,8.270976000000001,8.270976000000001,91,63,MED  / 100ms,0.0
2026-09-01T11:56:47.088542,0.2,8.270976000000001,8.270976000000001,91,63,MED  / 100ms,0.0
2026-09-01T11:56:47.092975,0.2,8.270976000000001,8.270976000000001,91,63,MED  / 100ms,0.0
2026-09-01T11:56:47.097252,0.2,8.270976000000001,8.270976000000001,91,63,MED  / 100ms,0.0
2026-09-01T11:56:47.101535,0.2,8.270976000000001,8.270976000000001,91,63,MED  / 100ms,0.0
2026-09-01T11:56:47.105811,0.2,8.270976000000001,8.270976000000001,91,63,MED  / 100ms,0.0
2026-09-01T11:56:47.110104,0.2,8.270976000000001,8.270976000000001,91,63,MED  / 100ms,0.0
2026-09-01T11:56:47.114384,0.2,8.270976000000001,8.270976000000001,91,63,MED  / 100ms,0.0
2026-09-01T11:56:47.118671,0.2,8.329728000000001,8.329728000000001,92,64,MED  / 100ms,0.0
2026-09-01T11:56:47.122946,0.2,8.329728000000001,8.329728000000001,92,64,MED  / 100ms,0.0
2026-09-01T11:56:47.127223,0.2,8.329728000000001,8.329728000000001,92,64,MED  / 100ms,0.0
2026-09-01T11:56:47.131497,0.2,8.329728000000001,8.329728000000001,92,64,MED  / 100ms,0.0
2026-09-01T11:56:47.135777,0.2,8.329728000000001,8.329728000000001,92,64,MED  / 100ms,0.0
2026-09-01T11:56:47.140064,0.2,8.329728000000001,8.329728000000001,92,64,MED  / 100ms,0.0
2026-09-01T11:56:47.144346,0.2,8.329728000000001,8.329728000000001,92,64,MED  / 100ms,0.0
2026-09-01T11:56:47.148631,0.2,8.329728000000001,8.329728000000001,92,64,MED  / 100ms,0.0
2026-09-01T11:56:47.152913,0.2,8.329728000000001,8.329728000000001,92,64,MED  / 100ms,0.0
2026-09-01T11:56:47.157185,0.2,8.329728000000001,8.329728000000001,92,64,MED  / 100ms,0.0
2026-09-01T11:56:47.161458,0.2,8.329728000000001,8.329728000000001,92,64,MED  / 100ms,0.0
2026-09-01T11:56:47.165729,0.2,8.329728000000001,8.329728000000001,92,64,MED  / 100ms,0.0
2026-09-01T11:56:47.170013,0.2,8.329728000000001,8.329728000000001,92,64,MED  / 100ms,0.0
2026-09-01T11:56:47.174288,0.2,8.329728000000001,8.329728000000001,92,64,MED  / 100ms,0.0
2026-09-01T11:56:47.178575,0.2,8.329728000000001,8.329728000000001,92,64,MED  / 100ms,0.0
2026-09-01T11:56:47.182856,0.2,8.329728000000001,8.329728000000001,92,64,MED  / 100ms,0.0
2026-09-01T11:56:47.187135,0.2,8.329728000000001,8.329728000000001,92,64,MED  / 100ms,0.0
2026-09-01T11:56:47.191412,0.2,8.329728000000001,8.329728000000001,92,64,MED  / 100ms,0.0
2026-09-01T11:56:47.195703,0.2,8.329728000000001,8.329728000000001,92,64,MED  / 100ms,0.0
2026-09-01T11:56:47.200166,0.2,8.329728000000001,8.329728000000001,92,64,MED  / 100ms,0.0
2026-09-01T11:56:47.204461,0.2,8.329728000000001,8.329728000000001,92,64,MED  / 100ms,0.0
2026-09-01T11:56:47.208745,0.2,8.329728000000001,8.329728000000001,92,64,MED  / 100ms,0.0
2026-09-01T11:56:47.213021,0.2,8.329728000000001,8.329728000000001,92,64,MED  / 100ms,0.0
2026-09-01T11:56:47.217300,0.2,8.329728000000001,8.329728000000001,92,64,MED  / 100ms,0.0
2026-09-01T11:56:47.221570,0.2,8.329728000000001,8.329728000000001,92,64,MED  / 100ms,0.0
2026-09-01T11:56:47.225845,0.2,8.329728000000001,8.329728000000001,92,64,MED  / 100ms,0.0
2026-09-01T11:56:47.230135,0.2,8.329728000000001,8.329728000000001,92,64,MED  / 100ms,0.0
2026-09-01T11:56:47.234418,0.2,8.329728000000001,8.329728000000001,92,64,MED  / 100ms,0.0
2026-09-01T11:56:47.238699,0.2,8.329728000000001,8.329728000000001,92,64,MED  / 100ms,0.0
2026-09-01T11:56:47.242991,0.2,8.329728000000001,8.329728000000001,92,64,MED  / 100ms,0.0
2026-09-01T11:56:47.247280,0.2,8.329728000000001,8.329728000000001,92,64,MED  / 100ms,0.0
2026-09-01T11:56:47.251582,0.2,8.329728000000001,8.329728000000001,92,64,MED  / 100ms,0.0
2026-09-01T11:56:47.255862,0.2,8.329728000000001,8.329728000000001,92,64,MED  / 100ms,0.0
2026-09-01T11:56:47.260136,0.2,8.329728000000001,8.329728000000001,92,64,MED  / 100ms,0.0
2026-09-01T11:56:47.264415,0.2,8.329728000000001,8.329728000000001,92,64,MED  / 100ms,0.0
2026-09-01T11:56:47.268702,0.2,8.329728000000001,8.329728000000001,92,64,MED  / 100ms,0.0
2026-09-01T11:56:47.272980,0.2,8.329728000000001,8.329728000000001,92,64,MED  / 100ms,0.0
2026-09-01T11:56:47.277257,0.2,8.329728000000001,8.329728000000001,92,64,MED  / 100ms,0.0
2026-09-01T11:56:47.281535,0.2,8.329728000000001,8.329728000000001,92,64,MED  / 100ms,0.0
2026-09-01T11:56:47.285816,0.2,8.329728000000001,8.329728000000001,92,64,MED  / 100ms,0.0
2026-09-01T11:56:47.290129,0.2,8.329728000000001,8.329728000000001,92,64,MED  / 100ms,0.0
2026-09-01T11:56:47.294405,0.2,8.329728000000001,8.329728000000001,92,64,MED  / 100ms,0.0
2026-09-01T11:56:47.298695,0.2,8.329728000000001,8.329728000000001,92,64,MED  / 100ms,0.0
2026-09-01T11:56:47.303146,0.2,8.329728000000001,8.329728000000001,92,64,MED  / 100ms,0.0
2026-09-01T11:56:47.307434,0.2,8.329728000000001,8.329728000000001,92,64,MED  / 100ms,0.0
2026-09-01T11:56:47.311724,0.2,8.329728000000001,8.329728000000001,92,64,MED  / 100ms,0.0
2026-09-01T11:56:47.316010,0.2,8.329728000000001,8.329728000000001,92,64,MED  / 100ms,0.0
2026-09-01T11:56:47.320316,0.2,8.329728000000001,8.329728000000001,92,64,MED  / 100ms,0.0
2026-09-01T11:56:47.324724,0.2,8.329728000000001,8.329728000000001,92,64,MED  / 100ms,0.0
2026-09-01T11:56:47.329037,0.2,8.492928000000001,8.492928000000001,93,64,MED  / 100ms,0.0
2026-09-01T11:56:47.333322,0.2,8.492928000000001,8.492928000000001,93,64,MED  / 100ms,0.0
2026-09-01T11:56:47.337602,0.2,8.492928000000001,8.492928000000001,93,64,MED  / 100ms,0.0
2026-09-01T11:56:47.341875,0.2,8.492928000000001,8.492928000000001,93,64,MED  / 100ms,0.0
2026-09-01T11:56:47.346174,0.2,8.492928000000001,8.492928000000001,93,64,MED  / 100ms,0.0
2026-09-01T11:56:47.350461,0.2,8.492928000000001,8.492928000000001,93,64,MED  / 100ms,0.0
2026-09-01T11:56:47.354742,0.2,8.492928000000001,8.492928000000001,93,64,MED  / 100ms,0.0
2026-09-01T11:56:47.359025,0.2,8.492928000000001,8.492928000000001,93,64,MED  / 100ms,0.0
2026-09-01T11:56:47.363300,0.2,8.492928000000001,8.492928000000001,93,64,MED  / 100ms,0.0
2026-09-01T11:56:47.367605,0.2,8.492928000000001,8.492928000000001,93,64,MED  / 100ms,0.0
2026-09-01T11:56:47.371886,0.2,8.492928000000001,8.492928000000001,93,64,MED  / 100ms,0.0
2026-09-01T11:56:47.376162,0.2,8.492928000000001,8.492928000000001,93,64,MED  / 100ms,0.0
2026-09-01T11:56:47.380437,0.2,8.492928000000001,8.492928000000001,93,64,MED  / 100ms,0.0
2026-09-01T11:56:47.384711,0.2,8.492928000000001,8.492928000000001,93,64,MED  / 100ms,0.0
2026-09-01T11:56:47.388985,0.2,8.492928000000001,8.492928000000001,93,64,MED  / 100ms,0.0
2026-09-01T11:56:47.393259,0.2,8.492928000000001,8.492928000000001,93,64,MED  / 100ms,0.0
2026-09-01T11:56:47.397535,0.2,8.492928000000001,8.492928000000001,93,64,MED  / 100ms,0.0
2026-09-01T11:56:47.401809,0.2,8.492928000000001,8.492928000000001,93,64,MED  / 100ms,0.0
2026-09-01T11:56:47.406250,0.2,8.492928000000001,8.492928000000001,93,64,MED  / 100ms,0.0
2026-09-01T11:56:47.410525,0.2,8.492928000000001,8.492928000000001,93,64,MED  / 100ms,0.0
2026-09-01T11:56:47.414794,0.2,8.492928000000001,8.492928000000001,93,64,MED  / 100ms,0.0
2026-09-01T11:56:47.419072,0.2,8.492928000000001,8.492928000000001,93,64,MED  / 100ms,0.0
2026-09-01T11:56:47.423343,0.2,8.492928000000001,8.492928000000001,93,64,MED  / 100ms,0.0
2026-09-01T11:56:47.427616,0.2,8.492928000000001,8.492928000000001,93,64,MED  / 100ms,0.0
2026-09-01T11:56:47.431888,0.2,8.492928000000001,8.492928000000001,93,64,MED  / 100ms,0.0
2026-09-01T11:56:47.436162,0.2,8.492928000000001,8.492928000000001,93,64,MED  / 100ms,0.0
2026-09-01T11:56:47.440433,0.2,8.492928000000001,8.492928000000001,93,64,MED  / 100ms,0.0
2026-09-01T11:56:47.444704,0.2,8.492928000000001,8.492928000000001,93,64,MED  / 100ms,0.0
2026-09-01T11:56:47.448977,0.2,8.492928000000001,8.492928000000001,93,64,MED  / 100ms,0.0
2026-09-01T11:56:47.453256,0.2,8.492928000000001,8.492928000000001,93,64,MED  / 100ms,0.0
2026-09-01T11:56:47.457526,0.2,8.492928000000001,8.492928000000001,93,64,MED  / 100ms,0.0
2026-09-01T11:56:47.461798,0.2,8.492928000000001,8.492928000000001,93,64,MED  / 100ms,0.0
2026-09-01T11:56:47.466071,0.2,8.492928000000001,8.492928000000001,93,64,MED  / 100ms,0.0
2026-09-01T11:56:47.470348,0.2,8.492928000000001,8.492928000000001,93,64,MED  / 100ms,0.0
2026-09-01T11:56:47.474621,0.2,8.492928000000001,8.492928000000001,93,64,MED  / 100ms,0.0
2026-09-01T11:56:47.478895,0.2,8.492928000000001,8.492928000000001,93,64,MED  / 100ms,0.0
2026-09-01T11:56:47.483168,0.2,8.492928000000001,8.492928000000001,93,64,MED  / 100ms,0.0
2026-09-01T11:56:47.487452,0.2,8.492928000000001,8.492928000000001,93,64,MED  / 100ms,0.0
2026-09-01T11:56:47.491726,0.2,8.492928000000001,8.492928000000001,93,64,MED  / 100ms,0.0
2026-09-01T11:56:47.496005,0.2,8.492928000000001,8.492928000000001,93,64,MED  / 100ms,0.0
2026-09-01T11:56:47.500288,0.2,8.492928000000001,8.492928000000001,93,64,MED  / 100ms,0.0
2026-09-01T11:56:47.504563,0.2,8.492928000000001,8.492928000000001,93,64,MED  / 100ms,0.0
2026-09-01T11:56:47.508990,0.2,8.492928000000001,8.492928000000001,93,64,MED  / 100ms,0.0
2026-09-01T11:56:47.513268,0.2,8.492928000000001,8.492928000000001,93,64,MED  / 100ms,0.0
2026-09-01T11:56:47.517546,0.2,8.492928000000001,8.492928000000001,93,64,MED  / 100ms,0.0
2026-09-01T11:56:47.521820,0.2,8.492928000000001,8.492928000000001,93,64,MED  / 100ms,0.0
2026-09-01T11:56:47.526095,0.2,8.492928000000001,8.492928000000001,93,64,MED  / 100ms,0.0
2026-09-01T11:56:47.530369,0.2,8.492928000000001,8.492928000000001,93,64,MED  / 100ms,0.0
2026-09-01T11:56:47.534648,0.2,8.492928000000001,8.492928000000001,93,64,MED  / 100ms,0.0
2026-09-01T11:56:47.538921,0.2,8.492928000000001,8.492928000000001,93,64,MED  / 100ms,0.0
2026-09-01T11:56:47.543194,0.2,8.492928000000001,8.492928000000001,93,64,MED  / 100ms,0.0
2026-09-01T11:56:47.547465,0.2,8.492928000000001,8.492928000000001,93,64,MED  / 100ms,0.0
2026-09-01T11:56:47.551741,0.2,8.492928000000001,8.492928000000001,93,64,MED  / 100ms,0.0
2026-09-01T11:56:47.556009,0.2,8.492928000000001,8.492928000000001,93,64,MED  / 100ms,0.0
2026-09-01T11:56:47.560278,0.2,8.492928000000001,8.492928000000001,93,64,MED  / 100ms,0.0
2026-09-01T11:56:47.564548,0.2,8.492928000000001,8.492928000000001,93,64,MED  / 100ms,0.0
2026-09-01T11:56:47.568822,0.2,8.492928000000001,8.492928000000001,93,64,MED  / 100ms,0.0
2026-09-01T11:56:47.573094,0.2,8.492928000000001,8.492928000000001,93,64,MED  / 100ms,0.0
2026-09-01T11:56:47.577365,0.2,8.492928000000001,8.492928000000001,93,64,MED  / 100ms,0.0
2026-09-01T11:56:47.581643,0.2,8.492928000000001,8.492928000000001,93,64,MED  / 100ms,0.0
2026-09-01T11:56:47.585939,0.2,8.492928000000001,8.492928000000001,93,64,MED  / 100ms,0.0
2026-09-01T11:56:47.590226,0.2,8.492928000000001,8.492928000000001,93,64,MED  / 100ms,0.0
2026-09-01T11:56:47.594504,0.2,8.492928000000001,8.492928000000001,93,64,MED  / 100ms,0.0
2026-09-01T11:56:47.598777,0.2,8.492928000000001,8.492928000000001,93,64,MED  / 100ms,0.0
2026-09-01T11:56:47.603052,0.2,8.492928000000001,8.492928000000001,93,64,MED  / 100ms,0.0
2026-09-01T11:56:47.607324,0.2,8.492928000000001,8.492928000000001,93,64,MED  / 100ms,0.0
2026-09-01T11:56:47.611600,0.2,8.492928000000001,8.492928000000001,93,64,MED  / 100ms,0.0
2026-09-01T11:56:47.616035,0.2,8.492928000000001,8.492928000000001,93,64,MED  / 100ms,0.0
2026-09-01T11:56:47.620317,0.2,8.492928000000001,8.492928000000001,93,64,MED  / 100ms,0.0
2026-09-01T11:56:47.624593,0.2,8.492928000000001,8.492928000000001,93,64,MED  / 100ms,0.0
2026-09-01T11:56:47.628868,0.2,8.492928000000001,8.492928000000001,93,64,MED  / 100ms,0.0
2026-09-01T11:56:47.633159,0.2,8.492928000000001,8.492928000000001,93,64,MED  / 100ms,0.0
2026-09-01T11:56:47.637439,0.2,8.492928000000001,8.492928000000001,93,64,MED  / 100ms,0.0
2026-09-01T11:56:47.641710,0.2,8.38848,8.38848,93,65,MED  / 100ms,0.0
2026-09-01T11:56:47.645984,0.2,8.38848,8.38848,93,65,MED  / 100ms,0.0
2026-09-01T11:56:47.650259,0.2,8.38848,8.38848,93,65,MED  / 100ms,0.0
2026-09-01T11:56:47.654537,0.2,8.38848,8.38848,93,65,MED  / 100ms,0.0
2026-09-01T11:56:47.658811,0.2,8.38848,8.38848,93,65,MED  / 100ms,0.0
2026-09-01T11:56:47.663080,0.2,8.38848,8.38848,93,65,MED  / 100ms,0.0
2026-09-01T11:56:47.667356,0.2,8.38848,8.38848,93,65,MED  / 100ms,0.0
2026-09-01T11:56:47.671628,0.2,8.38848,8.38848,93,65,MED  / 100ms,0.0
2026-09-01T11:56:47.675899,0.2,8.38848,8.38848,93,65,MED  / 100ms,0.0
2026-09-01T11:56:47.680172,0.2,8.38848,8.38848,93,65,MED  / 100ms,0.0
2026-09-01T11:56:47.684447,0.2,8.38848,8.38848,93,65,MED  / 100ms,0.0
2026-09-01T11:56:47.688718,0.2,8.38848,8.38848,93,65,MED  / 100ms,0.0
2026-09-01T11:56:47.692989,0.2,8.38848,8.38848,93,65,MED  / 100ms,0.0
2026-09-01T11:56:47.697258,0.2,8.38848,8.38848,93,65,MED  / 100ms,0.0
2026-09-01T11:56:47.701535,0.2,8.38848,8.38848,93,65,MED  / 100ms,0.0
2026-09-01T11:56:47.705806,0.2,8.38848,8.38848,93,65,MED  / 100ms,0.0
2026-09-01T11:56:47.710076,0.2,8.38848,8.38848,93,65,MED  / 100ms,0.0
2026-09-01T11:56:47.714346,0.2,8.38848,8.38848,93,65,MED  / 100ms,0.0
2026-09-01T11:56:47.718785,0.2,8.38848,8.38848,93,65,MED  / 100ms,0.0
2026-09-01T11:56:47.723056,0.2,8.38848,8.38848,93,65,MED  / 100ms,0.0
2026-09-01T11:56:47.727347,0.2,8.38848,8.38848,93,65,MED  / 100ms,0.0
2026-09-01T11:56:47.731628,0.2,8.38848,8.38848,93,65,MED  / 100ms,0.0
2026-09-01T11:56:47.735907,0.2,8.38848,8.38848,93,65,MED  / 100ms,0.0
2026-09-01T11:56:47.740180,0.2,8.38848,8.38848,93,65,MED  / 100ms,0.0
2026-09-01T11:56:47.744452,0.2,8.38848,8.38848,93,65,MED  / 100ms,0.0
2026-09-01T11:56:47.748723,0.2,8.551680000000001,8.551680000000001,94,65,MED  / 100ms,0.0
2026-09-01T11:56:47.753003,0.2,8.551680000000001,8.551680000000001,94,65,MED  / 100ms,0.0
2026-09-01T11:56:47.757276,0.2,8.551680000000001,8.551680000000001,94,65,MED  / 100ms,0.0
2026-09-01T11:56:47.761549,0.2,8.551680000000001,8.551680000000001,94,65,MED  / 100ms,0.0
2026-09-01T11:56:47.765822,0.2,8.551680000000001,8.551680000000001,94,65,MED  / 100ms,0.0
2026-09-01T11:56:47.770099,0.2,8.551680000000001,8.551680000000001,94,65,MED  / 100ms,0.0
2026-09-01T11:56:47.774370,0.2,8.551680000000001,8.551680000000001,94,65,MED  / 100ms,0.0
2026-09-01T11:56:47.778645,0.2,8.551680000000001,8.551680000000001,94,65,MED  / 100ms,0.0
2026-09-01T11:56:47.782924,0.2,8.551680000000001,8.551680000000001,94,65,MED  / 100ms,0.0
2026-09-01T11:56:47.787204,0.2,8.551680000000001,8.551680000000001,94,65,MED  / 100ms,0.0
2026-09-01T11:56:47.791475,0.2,8.551680000000001,8.551680000000001,94,65,MED  / 100ms,0.0
2026-09-01T11:56:47.795744,0.2,8.551680000000001,8.551680000000001,94,65,MED  / 100ms,0.0
2026-09-01T11:56:47.800019,0.2,8.551680000000001,8.551680000000001,94,65,MED  / 100ms,0.0
2026-09-01T11:56:47.804295,0.2,8.551680000000001,8.551680000000001,94,65,MED  / 100ms,0.0
2026-09-01T11:56:47.808567,0.2,8.551680000000001,8.551680000000001,94,65,MED  / 100ms,0.0
2026-09-01T11:56:47.812839,0.2,8.551680000000001,8.551680000000001,94,65,MED  / 100ms,0.0
2026-09-01T11:56:47.817114,0.2,8.551680000000001,8.551680000000001,94,65,MED  / 100ms,0.0
2026-09-01T11:56:47.821559,0.2,8.551680000000001,8.551680000000001,94,65,MED  / 100ms,0.0
2026-09-01T11:56:47.825835,0.2,8.551680000000001,8.551680000000001,94,65,MED  / 100ms,0.0
2026-09-01T11:56:47.830110,0.2,8.551680000000001,8.551680000000001,94,65,MED  / 100ms,0.0
2026-09-01T11:56:47.834388,0.2,8.551680000000001,8.551680000000001,94,65,MED  / 100ms,0.0
2026-09-01T11:56:47.838662,0.2,8.551680000000001,8.551680000000001,94,65,MED  / 100ms,0.0
2026-09-01T11:56:47.842935,0.2,8.551680000000001,8.551680000000001,94,65,MED  / 100ms,0.0
2026-09-01T11:56:47.847209,0.2,8.551680000000001,8.551680000000001,94,65,MED  / 100ms,0.0
2026-09-01T11:56:47.851487,0.2,8.551680000000001,8.551680000000001,94,65,MED  / 100ms,0.0
2026-09-01T11:56:47.855758,0.2,8.551680000000001,8.551680000000001,94,65,MED  / 100ms,0.0
2026-09-01T11:56:47.860030,0.2,8.551680000000001,8.551680000000001,94,65,MED  / 100ms,0.0
2026-09-01T11:56:47.864301,0.2,8.551680000000001,8.551680000000001,94,65,MED  / 100ms,0.0
2026-09-01T11:56:47.868572,0.2,8.551680000000001,8.551680000000001,94,65,MED  / 100ms,0.0
2026-09-01T11:56:47.872846,0.2,8.551680000000001,8.551680000000001,94,65,MED  / 100ms,0.0
2026-09-01T11:56:47.877122,0.2,8.551680000000001,8.551680000000001,94,65,MED  / 100ms,0.0
2026-09-01T11:56:47.881397,0.2,8.551680000000001,8.551680000000001,94,65,MED  / 100ms,0.0
2026-09-01T11:56:47.885678,0.2,8.551680000000001,8.551680000000001,94,65,MED  / 100ms,0.0
2026-09-01T11:56:47.889953,0.2,8.551680000000001,8.551680000000001,94,65,MED  / 100ms,0.0
2026-09-01T11:56:47.894223,0.2,8.551680000000001,8.551680000000001,94,65,MED  / 100ms,0.0
2026-09-01T11:56:47.898500,0.2,8.551680000000001,8.551680000000001,94,65,MED  / 100ms,0.0
2026-09-01T11:56:47.902778,0.2,8.551680000000001,8.551680000000001,94,65,MED  / 100ms,0.0
2026-09-01T11:56:47.907060,0.2,8.551680000000001,8.551680000000001,94,65,MED  / 100ms,0.0
2026-09-01T11:56:47.911338,0.2,8.551680000000001,8.551680000000001,94,65,MED  / 100ms,0.0
2026-09-01T11:56:47.915610,0.2,8.551680000000001,8.551680000000001,94,65,MED  / 100ms,0.0
2026-09-01T11:56:47.919887,0.2,8.551680000000001,8.551680000000001,94,65,MED  / 100ms,0.0
2026-09-01T11:56:47.924313,0.2,8.551680000000001,8.551680000000001,94,65,MED  / 100ms,0.0
2026-09-01T11:56:47.928590,0.2,8.551680000000001,8.551680000000001,94,65,MED  / 100ms,0.0
2026-09-01T11:56:47.932865,0.2,8.551680000000001,8.551680000000001,94,65,MED  / 100ms,0.0
2026-09-01T11:56:47.937148,0.2,8.551680000000001,8.551680000000001,94,65,MED  / 100ms,0.0
2026-09-01T11:56:47.941417,0.2,8.551680000000001,8.551680000000001,94,65,MED  / 100ms,0.0
2026-09-01T11:56:47.945707,0.2,8.551680000000001,8.551680000000001,94,65,MED  / 100ms,0.0
2026-09-01T11:56:47.949992,0.2,8.551680000000001,8.551680000000001,94,65,MED  / 100ms,0.0
2026-09-01T11:56:47.954270,0.2,8.551680000000001,8.551680000000001,95,65,MED  / 100ms,0.0
2026-09-01T11:56:47.958545,0.2,8.71488,8.71488,95,65,MED  / 100ms,0.0
2026-09-01T11:56:47.962816,0.2,8.71488,8.71488,95,65,MED  / 100ms,0.0
2026-09-01T11:56:47.967092,0.2,8.71488,8.71488,95,65,MED  / 100ms,0.0
2026-09-01T11:56:47.971364,0.2,8.71488,8.71488,95,65,MED  / 100ms,0.0
2026-09-01T11:56:47.975633,0.2,8.71488,8.71488,95,65,MED  / 100ms,0.0
2026-09-01T11:56:47.979910,0.2,8.71488,8.71488,95,65,MED  / 100ms,0.0
2026-09-01T11:56:47.984195,0.2,8.71488,8.71488,95,65,MED  / 100ms,0.0
2026-09-01T11:56:47.988469,0.2,8.71488,8.71488,95,65,MED  / 100ms,0.0
2026-09-01T11:56:47.992743,0.2,8.71488,8.71488,95,65,MED  / 100ms,0.0
2026-09-01T11:56:47.997015,0.2,8.71488,8.71488,95,65,MED  / 100ms,0.0
2026-09-01T11:56:48.001289,0.2,8.71488,8.71488,95,65,MED  / 100ms,0.0
2026-09-01T11:56:48.005565,0.2,8.71488,8.71488,95,65,MED  / 100ms,0.0
2026-09-01T11:56:48.009837,0.2,8.71488,8.71488,95,65,MED  / 100ms,0.0
2026-09-01T11:56:48.014109,0.2,8.71488,8.71488,95,65,MED  / 100ms,0.0
2026-09-01T11:56:48.018387,0.2,8.71488,8.71488,95,65,MED  / 100ms,0.0
2026-09-01T11:56:48.022660,0.2,8.71488,8.71488,95,65,MED  / 100ms,0.0
2026-09-01T11:56:48.026932,0.2,8.71488,8.71488,95,65,MED  / 100ms,0.0
2026-09-01T11:56:48.031369,0.2,8.71488,8.71488,95,65,MED  / 100ms,0.0
2026-09-01T11:56:48.035647,0.2,8.71488,8.71488,95,65,MED  / 100ms,0.0
2026-09-01T11:56:48.039917,0.2,8.71488,8.71488,95,65,MED  / 100ms,0.0
2026-09-01T11:56:48.044191,0.2,8.71488,8.71488,95,65,MED  / 100ms,0.0
2026-09-01T11:56:48.048464,0.2,8.71488,8.71488,95,65,MED  / 100ms,0.0
2026-09-01T11:56:48.052741,0.2,8.71488,8.71488,95,65,MED  / 100ms,0.0
2026-09-01T11:56:48.057011,0.2,8.71488,8.71488,95,65,MED  / 100ms,0.0
2026-09-01T11:56:48.061279,0.2,8.551680000000001,8.551680000000001,94,65,MED  / 100ms,0.0
2026-09-01T11:56:48.065551,0.2,8.551680000000001,8.551680000000001,94,65,MED  / 100ms,0.0
2026-09-01T11:56:48.069828,0.2,8.551680000000001,8.551680000000001,94,65,MED  / 100ms,0.0
2026-09-01T11:56:48.074100,0.2,8.551680000000001,8.551680000000001,94,65,MED  / 100ms,0.0
2026-09-01T11:56:48.078369,0.2,8.551680000000001,8.551680000000001,94,65,MED  / 100ms,0.0
2026-09-01T11:56:48.082644,0.2,8.551680000000001,8.551680000000001,94,65,MED  / 100ms,0.0
2026-09-01T11:56:48.086924,0.2,8.551680000000001,8.551680000000001,94,65,MED  / 100ms,0.0
2026-09-01T11:56:48.091200,0.2,8.551680000000001,8.551680000000001,94,65,MED  / 100ms,0.0
2026-09-01T11:56:48.095473,0.2,8.551680000000001,8.551680000000001,94,65,MED  / 100ms,0.0
2026-09-01T11:56:48.099751,0.2,8.551680000000001,8.551680000000001,94,65,MED  / 100ms,0.0
2026-09-01T11:56:48.104026,0.2,8.551680000000001,8.551680000000001,94,65,MED  / 100ms,0.0
2026-09-01T11:56:48.108296,0.2,8.551680000000001,8.551680000000001,94,65,MED  / 100ms,0.0
2026-09-01T11:56:48.112567,0.2,8.551680000000001,8.551680000000001,94,65,MED  / 100ms,0.0
2026-09-01T11:56:48.116845,0.2,8.551680000000001,8.551680000000001,94,65,MED  / 100ms,0.0
2026-09-01T11:56:48.121122,0.2,8.551680000000001,8.551680000000001,94,65,MED  / 100ms,0.0
2026-09-01T11:56:48.125395,0.2,8.551680000000001,8.551680000000001,94,65,MED  / 100ms,0.0
2026-09-01T11:56:48.129671,0.2,8.551680000000001,8.551680000000001,94,65,MED  / 100ms,0.0
2026-09-01T11:56:48.134102,0.2,8.551680000000001,8.551680000000001,94,65,MED  / 100ms,0.0
2026-09-01T11:56:48.138375,0.2,8.551680000000001,8.551680000000001,94,65,MED  / 100ms,0.0
2026-09-01T11:56:48.142648,0.2,8.551680000000001,8.551680000000001,94,65,MED  / 100ms,0.0
2026-09-01T11:56:48.146921,0.2,8.551680000000001,8.551680000000001,94,65,MED  / 100ms,0.0
2026-09-01T11:56:48.151199,0.2,8.551680000000001,8.551680000000001,94,65,MED  / 100ms,0.0
2026-09-01T11:56:48.155471,0.2,8.551680000000001,8.551680000000001,94,65,MED  / 100ms,0.0
2026-09-01T11:56:48.159768,0.2,8.551680000000001,8.551680000000001,94,65,MED  / 100ms,0.0
2026-09-01T11:56:48.164077,0.2,8.551680000000001,8.551680000000001,94,65,MED  / 100ms,0.0
2026-09-01T11:56:48.168362,0.2,8.551680000000001,8.551680000000001,94,65,MED  / 100ms,0.0
2026-09-01T11:56:48.172636,0.2,8.551680000000001,8.551680000000001,94,65,MED  / 100ms,0.0
2026-09-01T11:56:48.176908,0.2,8.551680000000001,8.551680000000001,94,65,MED  / 100ms,0.0
2026-09-01T11:56:48.181178,0.2,8.551680000000001,8.551680000000001,94,65,MED  / 100ms,0.0
2026-09-01T11:56:48.185478,0.2,8.551680000000001,8.551680000000001,94,65,MED  / 100ms,0.0
2026-09-01T11:56:48.189758,0.2,8.551680000000001,8.551680000000001,94,65,MED  / 100ms,0.0
2026-09-01T11:56:48.194035,0.2,8.551680000000001,8.551680000000001,94,65,MED  / 100ms,0.0
2026-09-01T11:56:48.198308,0.2,8.551680000000001,8.551680000000001,94,65,MED  / 100ms,0.0
2026-09-01T11:56:48.202585,0.2,8.551680000000001,8.551680000000001,94,65,MED  / 100ms,0.0
2026-09-01T11:56:48.206874,0.2,8.551680000000001,8.551680000000001,94,65,MED  / 100ms,0.0
2026-09-01T11:56:48.211157,0.2,8.551680000000001,8.551680000000001,94,65,MED  / 100ms,0.0
2026-09-01T11:56:48.215431,0.2,8.551680000000001,8.551680000000001,94,65,MED  / 100ms,0.0
2026-09-01T11:56:48.219710,0.2,8.551680000000001,8.551680000000001,94,65,MED  / 100ms,0.0
2026-09-01T11:56:48.223986,0.2,8.551680000000001,8.551680000000001,94,65,MED  / 100ms,0.0
2026-09-01T11:56:48.228257,0.2,8.551680000000001,8.551680000000001,94,65,MED  / 100ms,0.0
2026-09-01T11:56:48.232552,0.2,8.551680000000001,8.551680000000001,94,65,MED  / 100ms,0.0
2026-09-01T11:56:48.237001,0.2,8.551680000000001,8.551680000000001,94,65,MED  / 100ms,0.0
2026-09-01T11:56:48.241282,0.2,8.551680000000001,8.551680000000001,94,65,MED  / 100ms,0.0
2026-09-01T11:56:48.245560,0.2,8.551680000000001,8.551680000000001,94,65,MED  / 100ms,0.0
2026-09-01T11:56:48.249846,0.2,8.551680000000001,8.551680000000001,94,65,MED  / 100ms,0.0
2026-09-01T11:56:48.254124,0.2,8.551680000000001,8.551680000000001,94,65,MED  / 100ms,0.0
2026-09-01T11:56:48.258402,0.2,8.551680000000001,8.551680000000001,94,65,MED  / 100ms,0.0
2026-09-01T11:56:48.262681,0.2,8.551680000000001,8.551680000000001,94,65,MED  / 100ms,0.0
2026-09-01T11:56:48.266960,0.2,8.551680000000001,8.551680000000001,94,65,MED  / 100ms,0.0
2026-09-01T11:56:48.271234,0.2,8.551680000000001,8.551680000000001,94,65,MED  / 100ms,0.0
2026-09-01T11:56:48.275505,0.2,8.551680000000001,8.551680000000001,94,65,MED  / 100ms,0.0
2026-09-01T11:56:48.279779,0.2,8.551680000000001,8.551680000000001,94,65,MED  / 100ms,0.0
2026-09-01T11:56:48.284065,0.2,8.551680000000001,8.551680000000001,94,65,MED  / 100ms,0.0
2026-09-01T11:56:48.288341,0.2,8.551680000000001,8.551680000000001,94,65,MED  / 100ms,0.0
2026-09-01T11:56:48.292621,0.2,8.551680000000001,8.551680000000001,94,65,MED  / 100ms,0.0
2026-09-01T11:56:48.296893,0.2,8.551680000000001,8.551680000000001,94,65,MED  / 100ms,0.0
2026-09-01T11:56:48.301165,0.2,8.551680000000001,8.551680000000001,94,65,MED  / 100ms,0.0
2026-09-01T11:56:48.305439,0.2,8.551680000000001,8.551680000000001,94,65,MED  / 100ms,0.0
2026-09-01T11:56:48.309714,0.2,8.551680000000001,8.551680000000001,94,65,MED  / 100ms,0.0
2026-09-01T11:56:48.313994,0.2,8.551680000000001,8.551680000000001,94,65,MED  / 100ms,0.0
2026-09-01T11:56:48.318273,0.2,8.551680000000001,8.551680000000001,94,65,MED  / 100ms,0.0
2026-09-01T11:56:48.322551,0.2,8.551680000000001,8.551680000000001,94,65,MED  / 100ms,0.0
2026-09-01T11:56:48.326825,0.2,8.551680000000001,8.551680000000001,94,65,MED  / 100ms,0.0
2026-09-01T11:56:48.331098,0.2,8.551680000000001,8.551680000000001,94,65,MED  / 100ms,0.0
2026-09-01T11:56:48.335378,0.2,8.551680000000001,8.551680000000001,94,65,MED  / 100ms,0.0
2026-09-01T11:56:48.339809,0.2,8.551680000000001,8.551680000000001,94,65,MED  / 100ms,0.0
2026-09-01T11:56:48.344091,0.2,8.551680000000001,8.551680000000001,94,65,MED  / 100ms,0.0
2026-09-01T11:56:48.348364,0.2,8.551680000000001,8.551680000000001,94,65,MED  / 100ms,0.0
2026-09-01T11:56:48.352645,0.2,8.551680000000001,8.551680000000001,94,65,MED  / 100ms,0.0
2026-09-01T11:56:48.356920,0.2,8.551680000000001,8.551680000000001,94,65,MED  / 100ms,0.0
2026-09-01T11:56:48.361192,0.2,8.551680000000001,8.551680000000001,94,65,MED  / 100ms,0.0
2026-09-01T11:56:48.365468,0.2,8.551680000000001,8.551680000000001,94,65,MED  / 100ms,0.0
2026-09-01T11:56:48.369744,0.2,8.551680000000001,8.551680000000001,94,65,MED  / 100ms,0.0
2026-09-01T11:56:48.374014,0.2,8.551680000000001,8.551680000000001,94,65,MED  / 100ms,0.0
2026-09-01T11:56:48.378298,0.2,8.551680000000001,8.551680000000001,94,65,MED  / 100ms,0.0
2026-09-01T11:56:48.382575,0.2,8.551680000000001,8.551680000000001,94,65,MED  / 100ms,0.0
2026-09-01T11:56:48.386854,0.2,8.551680000000001,8.551680000000001,94,65,MED  / 100ms,0.0
2026-09-01T11:56:48.391128,0.2,8.551680000000001,8.551680000000001,94,65,MED  / 100ms,0.0
2026-09-01T11:56:48.395397,0.2,8.551680000000001,8.551680000000001,94,65,MED  / 100ms,0.0
2026-09-01T11:56:48.399674,0.2,8.551680000000001,8.551680000000001,94,65,MED  / 100ms,0.0
2026-09-01T11:56:48.403952,0.2,8.551680000000001,8.551680000000001,94,65,MED  / 100ms,0.0
2026-09-01T11:56:48.408225,0.2,8.551680000000001,8.551680000000001,94,65,MED  / 100ms,0.0
2026-09-01T11:56:48.412499,0.2,8.551680000000001,8.551680000000001,94,65,MED  / 100ms,0.0
2026-09-01T11:56:48.416772,0.2,8.551680000000001,8.551680000000001,94,65,MED  / 100ms,0.0
2026-09-01T11:56:48.421042,0.2,8.551680000000001,8.551680000000001,94,65,MED  / 100ms,0.0
2026-09-01T11:56:48.425315,0.2,8.551680000000001,8.551680000000001,94,65,MED  / 100ms,0.0
2026-09-01T11:56:48.429587,0.2,8.551680000000001,8.551680000000001,94,65,MED  / 100ms,0.0
2026-09-01T11:56:48.433865,0.2,8.551680000000001,8.551680000000001,94,65,MED  / 100ms,0.0
2026-09-01T11:56:48.438139,0.2,8.551680000000001,8.551680000000001,94,65,MED  / 100ms,0.0
2026-09-01T11:56:48.442411,0.2,8.551680000000001,8.551680000000001,94,65,MED  / 100ms,0.0
2026-09-01T11:56:48.446843,0.2,8.551680000000001,8.551680000000001,94,65,MED  / 100ms,0.0
2026-09-01T11:56:48.451127,0.2,8.551680000000001,8.551680000000001,94,65,MED  / 100ms,0.0
2026-09-01T11:56:48.455400,0.2,8.551680000000001,8.551680000000001,94,65,MED  / 100ms,0.0
2026-09-01T11:56:48.459673,0.2,8.551680000000001,8.551680000000001,94,65,MED  / 100ms,0.0
2026-09-01T11:56:48.463944,0.2,8.551680000000001,8.551680000000001,94,65,MED  / 100ms,0.0
2026-09-01T11:56:48.468220,0.2,8.551680000000001,8.551680000000001,94,65,MED  / 100ms,0.0
2026-09-01T11:56:48.472497,0.2,8.551680000000001,8.551680000000001,94,65,MED  / 100ms,0.0
2026-09-01T11:56:48.476770,0.2,8.551680000000001,8.551680000000001,94,65,MED  / 100ms,0.0
2026-09-01T11:56:48.481043,0.2,8.551680000000001,8.551680000000001,94,65,MED  / 100ms,0.0
2026-09-01T11:56:48.485322,0.2,8.551680000000001,8.551680000000001,94,65,MED  / 100ms,0.0
2026-09-01T11:56:48.489595,0.2,8.551680000000001,8.551680000000001,94,65,MED  / 100ms,0.0
2026-09-01T11:56:48.493872,0.2,8.551680000000001,8.551680000000001,94,65,MED  / 100ms,0.0
2026-09-01T11:56:48.498145,0.2,8.551680000000001,8.551680000000001,94,65,MED  / 100ms,0.0
2026-09-01T11:56:48.502421,0.2,8.551680000000001,8.551680000000001,94,65,MED  / 100ms,0.0
2026-09-01T11:56:48.506695,0.2,8.551680000000001,8.551680000000001,94,65,MED  / 100ms,0.0
2026-09-01T11:56:48.510966,0.2,8.551680000000001,8.551680000000001,94,65,MED  / 100ms,0.0
2026-09-01T11:56:48.515237,0.2,8.551680000000001,8.551680000000001,94,65,MED  / 100ms,0.0
2026-09-01T11:56:48.519515,0.2,8.551680000000001,8.551680000000001,94,65,MED  / 100ms,0.0
2026-09-01T11:56:48.523790,0.2,8.551680000000001,8.551680000000001,94,65,MED  / 100ms,0.0
2026-09-01T11:56:48.528064,0.2,8.551680000000001,8.551680000000001,94,65,MED  / 100ms,0.0
2026-09-01T11:56:48.532335,0.2,8.551680000000001,8.551680000000001,94,65,MED  / 100ms,0.0
2026-09-01T11:56:48.536618,0.2,8.551680000000001,8.551680000000001,94,65,MED  / 100ms,0.0
2026-09-01T11:56:48.540890,0.2,8.551680000000001,8.551680000000001,94,65,MED  / 100ms,0.0
2026-09-01T11:56:48.545172,0.2,8.551680000000001,8.551680000000001,94,65,MED  / 100ms,0.0
2026-09-01T11:56:48.549610,0.2,8.551680000000001,8.551680000000001,94,65,MED  / 100ms,0.0
2026-09-01T11:56:48.553888,0.2,8.551680000000001,8.551680000000001,94,65,MED  / 100ms,0.0
2026-09-01T11:56:48.558162,0.2,8.551680000000001,8.551680000000001,94,65,MED  / 100ms,0.0
2026-09-01T11:56:48.562431,0.2,8.551680000000001,8.551680000000001,94,65,MED  / 100ms,0.0
2026-09-01T11:56:48.566703,0.2,8.551680000000001,8.551680000000001,94,65,MED  / 100ms,0.0
2026-09-01T11:56:48.570977,0.2,8.551680000000001,8.551680000000001,94,65,MED  / 100ms,0.0
2026-09-01T11:56:48.575251,0.2,8.551680000000001,8.551680000000001,94,65,MED  / 100ms,0.0
2026-09-01T11:56:48.579524,0.2,8.551680000000001,8.551680000000001,94,65,MED  / 100ms,0.0
2026-09-01T11:56:48.583799,0.2,8.551680000000001,8.551680000000001,94,65,MED  / 100ms,0.0
2026-09-01T11:56:48.588076,0.2,8.551680000000001,8.551680000000001,94,65,MED  / 100ms,0.0
2026-09-01T11:56:48.592350,0.2,8.551680000000001,8.551680000000001,94,65,MED  / 100ms,0.0
2026-09-01T11:56:48.596623,0.2,8.551680000000001,8.551680000000001,94,65,MED  / 100ms,0.0
2026-09-01T11:56:48.600899,0.2,8.551680000000001,8.551680000000001,94,65,MED  / 100ms,0.0
2026-09-01T11:56:48.605170,0.2,8.551680000000001,8.551680000000001,94,65,MED  / 100ms,0.0
2026-09-01T11:56:48.609444,0.2,8.551680000000001,8.551680000000001,94,65,MED  / 100ms,0.0
2026-09-01T11:56:48.613714,0.2,8.551680000000001,8.551680000000001,94,65,MED  / 100ms,0.0
2026-09-01T11:56:48.617991,0.2,8.551680000000001,8.551680000000001,94,65,MED  / 100ms,0.0
2026-09-01T11:56:48.622265,0.2,8.551680000000001,8.551680000000001,94,65,MED  / 100ms,0.0
2026-09-01T11:56:48.626537,0.2,8.551680000000001,8.551680000000001,94,65,MED  / 100ms,0.0
2026-09-01T11:56:48.630809,0.2,8.551680000000001,8.551680000000001,94,65,MED  / 100ms,0.0
2026-09-01T11:56:48.635085,0.2,8.551680000000001,8.551680000000001,94,65,MED  / 100ms,0.0
2026-09-01T11:56:48.639359,0.2,8.551680000000001,8.551680000000001,94,65,MED  / 100ms,0.0
2026-09-01T11:56:48.643634,0.2,8.551680000000001,8.551680000000001,94,65,MED  / 100ms,0.0
2026-09-01T11:56:48.647906,0.2,8.551680000000001,8.551680000000001,94,65,MED  / 100ms,0.0
2026-09-01T11:56:48.652341,0.2,8.551680000000001,8.551680000000001,94,65,MED  / 100ms,0.0
2026-09-01T11:56:48.656620,0.2,8.551680000000001,8.551680000000001,94,65,MED  / 100ms,0.0
2026-09-01T11:56:48.660889,0.2,8.551680000000001,8.551680000000001,94,65,MED  / 100ms,0.0
2026-09-01T11:56:48.665172,0.2,8.551680000000001,8.551680000000001,94,65,MED  / 100ms,0.0
2026-09-01T11:56:48.669447,0.2,8.551680000000001,8.551680000000001,94,65,MED  / 100ms,0.0
2026-09-01T11:56:48.673715,0.2,8.551680000000001,8.551680000000001,94,65,MED  / 100ms,0.0
2026-09-01T11:56:48.677991,0.2,8.551680000000001,8.551680000000001,94,65,MED  / 100ms,0.0
2026-09-01T11:56:48.682261,0.2,8.551680000000001,8.551680000000001,94,65,MED  / 100ms,0.0
2026-09-01T11:56:48.686545,0.2,8.551680000000001,8.551680000000001,94,65,MED  / 100ms,0.0
2026-09-01T11:56:48.690819,0.2,8.551680000000001,8.551680000000001,94,65,MED  / 100ms,0.0
2026-09-01T11:56:48.695097,0.2,8.551680000000001,8.551680000000001,94,65,MED  / 100ms,0.0
2026-09-01T11:56:48.699380,0.2,8.551680000000001,8.551680000000001,94,65,MED  / 100ms,0.0
2026-09-01T11:56:48.703659,0.2,8.551680000000001,8.551680000000001,94,65,MED  / 100ms,0.0
2026-09-01T11:56:48.707929,0.2,8.551680000000001,8.551680000000001,94,65,MED  / 100ms,0.0
2026-09-01T11:56:48.712199,0.2,8.551680000000001,8.551680000000001,94,65,MED  / 100ms,0.0
2026-09-01T11:56:48.716477,0.2,8.551680000000001,8.551680000000001,94,65,MED  / 100ms,0.0
2026-09-01T11:56:48.720751,0.2,8.551680000000001,8.551680000000001,94,65,MED  / 100ms,0.0
2026-09-01T11:56:48.725022,0.2,8.551680000000001,8.551680000000001,94,65,MED  / 100ms,0.0
2026-09-01T11:56:48.729293,0.2,8.551680000000001,8.551680000000001,94,65,MED  / 100ms,0.0
2026-09-01T11:56:48.733567,0.2,8.551680000000001,8.551680000000001,94,65,MED  / 100ms,0.0
2026-09-01T11:56:48.737843,0.2,8.551680000000001,8.551680000000001,94,65,MED  / 100ms,0.0
2026-09-01T11:56:48.742116,0.2,8.551680000000001,8.551680000000001,94,65,MED  / 100ms,0.0
2026-09-01T11:56:48.746387,0.2,8.551680000000001,8.551680000000001,94,65,MED  / 100ms,0.0
2026-09-01T11:56:48.750664,0.2,8.551680000000001,8.551680000000001,94,65,MED  / 100ms,0.0
2026-09-01T11:56:48.755095,0.2,8.551680000000001,8.551680000000001,94,65,MED  / 100ms,0.0
2026-09-01T11:56:48.759374,0.2,8.551680000000001,8.551680000000001,94,65,MED  / 100ms,0.0
2026-09-01T11:56:48.763650,0.2,8.551680000000001,8.551680000000001,94,65,MED  / 100ms,0.0
2026-09-01T11:56:48.767929,0.2,8.551680000000001,8.551680000000001,94,65,MED  / 100ms,0.0
2026-09-01T11:56:48.772201,0.2,8.551680000000001,8.551680000000001,94,65,MED  / 100ms,0.0
2026-09-01T11:56:48.776473,0.2,8.551680000000001,8.551680000000001,94,65,MED  / 100ms,0.0
2026-09-01T11:56:48.780744,0.2,8.551680000000001,8.551680000000001,94,65,MED  / 100ms,0.0
2026-09-01T11:56:48.785025,0.2,8.551680000000001,8.551680000000001,94,65,MED  / 100ms,0.0
2026-09-01T11:56:48.789298,0.2,8.551680000000001,8.551680000000001,94,65,MED  / 100ms,0.0
2026-09-01T11:56:48.793572,0.2,8.551680000000001,8.551680000000001,94,65,MED  / 100ms,0.0
2026-09-01T11:56:48.797844,0.2,8.551680000000001,8.551680000000001,94,65,MED  / 100ms,0.0
2026-09-01T11:56:48.802120,0.2,8.551680000000001,8.551680000000001,94,65,MED  / 100ms,0.0
2026-09-01T11:56:48.806394,0.2,8.551680000000001,8.551680000000001,94,65,MED  / 100ms,0.0
2026-09-01T11:56:48.810666,0.2,8.551680000000001,8.551680000000001,94,65,MED  / 100ms,0.0
2026-09-01T11:56:48.814941,0.2,8.551680000000001,8.551680000000001,94,65,MED  / 100ms,0.0
2026-09-01T11:56:48.819218,0.2,8.551680000000001,8.551680000000001,94,65,MED  / 100ms,0.0
2026-09-01T11:56:48.823492,0.2,8.551680000000001,8.551680000000001,94,65,MED  / 100ms,0.0
2026-09-01T11:56:48.827763,0.2,8.551680000000001,8.551680000000001,94,65,MED  / 100ms,0.0
2026-09-01T11:56:48.832039,0.2,8.551680000000001,8.551680000000001,94,65,MED  / 100ms,0.0
2026-09-01T11:56:48.836318,0.2,8.551680000000001,8.551680000000001,94,65,MED  / 100ms,0.0
2026-09-01T11:56:48.840590,0.2,8.551680000000001,8.551680000000001,94,65,MED  / 100ms,0.0
2026-09-01T11:56:48.844860,0.2,8.551680000000001,8.551680000000001,94,65,MED  / 100ms,0.0
2026-09-01T11:56:48.849140,0.2,8.551680000000001,8.551680000000001,94,65,MED  / 100ms,0.0
2026-09-01T11:56:48.853416,0.2,8.551680000000001,8.551680000000001,94,65,MED  / 100ms,0.0
2026-09-01T11:56:48.857704,0.2,8.551680000000001,8.551680000000001,94,65,MED  / 100ms,0.0
2026-09-01T11:56:48.862139,0.2,8.551680000000001,8.551680000000001,94,65,MED  / 100ms,0.0
2026-09-01T11:56:48.866419,0.2,8.551680000000001,8.551680000000001,94,65,MED  / 100ms,0.0
2026-09-01T11:56:48.870697,0.2,8.551680000000001,8.551680000000001,94,65,MED  / 100ms,0.0
2026-09-01T11:56:48.874970,0.2,8.551680000000001,8.551680000000001,94,65,MED  / 100ms,0.0
2026-09-01T11:56:48.879241,0.2,8.551680000000001,8.551680000000001,94,65,MED  / 100ms,0.0
2026-09-01T11:56:48.883519,0.2,8.551680000000001,8.551680000000001,94,65,MED  / 100ms,0.0
2026-09-01T11:56:48.887794,0.2,8.551680000000001,8.551680000000001,94,65,MED  / 100ms,0.0
2026-09-01T11:56:48.892072,0.2,8.551680000000001,8.551680000000001,94,65,MED  / 100ms,0.0
2026-09-01T11:56:48.896345,0.2,8.551680000000001,8.551680000000001,94,66,MED  / 100ms,0.0
2026-09-01T11:56:48.900624,0.2,8.447232,8.447232,94,66,MED  / 100ms,0.0
2026-09-01T11:56:48.904899,0.2,8.447232,8.447232,94,66,MED  / 100ms,0.0
2026-09-01T11:56:48.909169,0.2,8.447232,8.447232,94,66,MED  / 100ms,0.0
2026-09-01T11:56:48.913440,0.2,8.447232,8.447232,94,66,MED  / 100ms,0.0
2026-09-01T11:56:48.917714,0.2,8.447232,8.447232,94,66,MED  / 100ms,0.0
2026-09-01T11:56:48.921981,0.2,8.447232,8.447232,94,66,MED  / 100ms,0.0
2026-09-01T11:56:48.926250,0.2,8.447232,8.447232,94,66,MED  / 100ms,0.0
2026-09-01T11:56:48.930522,0.2,8.447232,8.447232,94,66,MED  / 100ms,0.0
2026-09-01T11:56:48.934797,0.2,8.447232,8.447232,94,66,MED  / 100ms,0.0
2026-09-01T11:56:48.939066,0.2,8.447232,8.447232,94,66,MED  / 100ms,0.0
2026-09-01T11:56:48.943336,0.2,8.447232,8.447232,94,66,MED  / 100ms,0.0
2026-09-01T11:56:48.947602,0.2,8.447232,8.447232,94,66,MED  / 100ms,0.0
2026-09-01T11:56:48.951872,0.2,8.447232,8.447232,94,66,MED  / 100ms,0.0
2026-09-01T11:56:48.956140,0.2,8.447232,8.447232,94,66,MED  / 100ms,0.0
2026-09-01T11:56:48.960414,0.2,8.447232,8.447232,94,66,MED  / 100ms,0.0
2026-09-01T11:56:48.964845,0.2,8.447232,8.447232,94,66,MED  / 100ms,0.0
2026-09-01T11:56:48.969120,0.2,8.447232,8.447232,94,66,MED  / 100ms,0.0
2026-09-01T11:56:48.973388,0.2,8.447232,8.447232,94,66,MED  / 100ms,0.0
2026-09-01T11:56:48.977677,0.2,8.447232,8.447232,94,66,MED  / 100ms,0.0
2026-09-01T11:56:48.981960,0.2,8.447232,8.447232,94,66,MED  / 100ms,0.0
2026-09-01T11:56:48.986240,0.2,8.447232,8.447232,94,66,MED  / 100ms,0.0
2026-09-01T11:56:48.990515,0.2,8.447232,8.447232,94,66,MED  / 100ms,0.0
2026-09-01T11:56:48.994785,0.2,8.447232,8.447232,94,66,MED  / 100ms,0.0
2026-09-01T11:56:48.999056,0.2,8.447232,8.447232,94,66,MED  / 100ms,0.0
2026-09-01T11:56:49.003333,0.2,8.773632000000001,8.773632000000001,96,66,MED  / 100ms,0.0
2026-09-01T11:56:49.007604,0.2,8.773632000000001,8.773632000000001,96,66,MED  / 100ms,0.0
2026-09-01T11:56:49.011878,0.2,8.773632000000001,8.773632000000001,96,66,MED  / 100ms,0.0
2026-09-01T11:56:49.016154,0.2,8.773632000000001,8.773632000000001,96,66,MED  / 100ms,0.0
2026-09-01T11:56:49.020428,0.2,8.773632000000001,8.773632000000001,96,66,MED  / 100ms,0.0
2026-09-01T11:56:49.024706,0.2,8.773632000000001,8.773632000000001,96,66,MED  / 100ms,0.0
2026-09-01T11:56:49.028977,0.2,8.773632000000001,8.773632000000001,96,66,MED  / 100ms,0.0
2026-09-01T11:56:49.033251,0.2,8.773632000000001,8.773632000000001,96,66,MED  / 100ms,0.0
2026-09-01T11:56:49.037522,0.2,8.773632000000001,8.773632000000001,96,66,MED  / 100ms,0.0
2026-09-01T11:56:49.041793,0.2,8.773632000000001,8.773632000000001,96,66,MED  / 100ms,0.0
2026-09-01T11:56:49.046063,0.2,8.773632000000001,8.773632000000001,96,66,MED  / 100ms,0.0
2026-09-01T11:56:49.050337,0.2,8.773632000000001,8.773632000000001,96,66,MED  / 100ms,0.0
2026-09-01T11:56:49.054609,0.2,8.773632000000001,8.773632000000001,96,66,MED  / 100ms,0.0
2026-09-01T11:56:49.058880,0.2,8.773632000000001,8.773632000000001,96,66,MED  / 100ms,0.0
2026-09-01T11:56:49.063150,0.2,8.773632000000001,8.773632000000001,96,66,MED  / 100ms,0.0
2026-09-01T11:56:49.067603,0.2,8.773632000000001,8.773632000000001,96,66,MED  / 100ms,0.0
2026-09-01T11:56:49.071880,0.2,8.773632000000001,8.773632000000001,96,66,MED  / 100ms,0.0
2026-09-01T11:56:49.076151,0.2,8.773632000000001,8.773632000000001,96,66,MED  / 100ms,0.0
2026-09-01T11:56:49.080422,0.2,8.773632000000001,8.773632000000001,96,66,MED  / 100ms,0.0
2026-09-01T11:56:49.084697,0.2,8.773632000000001,8.773632000000001,96,66,MED  / 100ms,0.0
2026-09-01T11:56:49.088974,0.2,8.773632000000001,8.773632000000001,96,66,MED  / 100ms,0.0
2026-09-01T11:56:49.093243,0.2,8.773632000000001,8.773632000000001,96,66,MED  / 100ms,0.0
2026-09-01T11:56:49.097512,0.2,8.773632000000001,8.773632000000001,96,66,MED  / 100ms,0.0
2026-09-01T11:56:49.101787,0.2,8.773632000000001,8.773632000000001,96,66,MED  / 100ms,0.0
2026-09-01T11:56:49.106061,0.2,8.669184,8.669184,96,67,MED  / 100ms,0.0
2026-09-01T11:56:49.110332,0.2,8.669184,8.669184,96,67,MED  / 100ms,0.0
2026-09-01T11:56:49.114599,0.2,8.669184,8.669184,96,67,MED  / 100ms,0.0
2026-09-01T11:56:49.118872,0.2,8.669184,8.669184,96,67,MED  / 100ms,0.0
2026-09-01T11:56:49.123143,0.2,8.669184,8.669184,96,67,MED  / 100ms,0.0
2026-09-01T11:56:49.127414,0.2,8.669184,8.669184,96,67,MED  / 100ms,0.0
2026-09-01T11:56:49.131683,0.2,8.669184,8.669184,96,67,MED  / 100ms,0.0
2026-09-01T11:56:49.135955,0.2,8.669184,8.669184,96,67,MED  / 100ms,0.0
2026-09-01T11:56:49.140222,0.2,8.669184,8.669184,96,67,MED  / 100ms,0.0
2026-09-01T11:56:49.144491,0.2,8.669184,8.669184,96,67,MED  / 100ms,0.0
2026-09-01T11:56:49.148759,0.2,8.669184,8.669184,96,67,MED  / 100ms,0.0
2026-09-01T11:56:49.153034,0.2,8.669184,8.669184,96,67,MED  / 100ms,0.0
2026-09-01T11:56:49.157301,0.2,8.669184,8.669184,96,67,MED  / 100ms,0.0
2026-09-01T11:56:49.161615,0.2,8.669184,8.669184,96,67,MED  / 100ms,0.0
2026-09-01T11:56:49.165910,0.2,8.669184,8.669184,96,67,MED  / 100ms,0.0
2026-09-01T11:56:49.170383,0.2,8.669184,8.669184,96,67,MED  / 100ms,0.0
2026-09-01T11:56:49.174667,0.2,8.669184,8.669184,96,67,MED  / 100ms,0.0
2026-09-01T11:56:49.178945,0.2,8.669184,8.669184,96,67,MED  / 100ms,0.0
2026-09-01T11:56:49.183221,0.2,8.669184,8.669184,96,67,MED  / 100ms,0.0
2026-09-01T11:56:49.187492,0.2,8.669184,8.669184,96,67,MED  / 100ms,0.0
2026-09-01T11:56:49.191763,0.2,8.669184,8.669184,96,67,MED  / 100ms,0.0
2026-09-01T11:56:49.196035,0.2,8.669184,8.669184,96,67,MED  / 100ms,0.0
2026-09-01T11:56:49.200309,0.2,8.669184,8.669184,96,67,MED  / 100ms,0.0
2026-09-01T11:56:49.204578,0.2,8.669184,8.669184,96,67,MED  / 100ms,0.0
2026-09-01T11:56:49.208847,0.2,8.669184,8.669184,96,67,MED  / 100ms,0.0
2026-09-01T11:56:49.213116,0.2,8.669184,8.669184,96,67,MED  / 100ms,0.0
2026-09-01T11:56:49.217389,0.2,8.669184,8.669184,96,67,MED  / 100ms,0.0
2026-09-01T11:56:49.221663,0.2,8.669184,8.669184,96,67,MED  / 100ms,0.0
2026-09-01T11:56:49.225968,0.2,8.669184,8.669184,96,67,MED  / 100ms,0.0
2026-09-01T11:56:49.230248,0.2,8.669184,8.669184,96,67,MED  / 100ms,0.0
2026-09-01T11:56:49.234525,0.2,8.669184,8.669184,96,67,MED  / 100ms,0.0
2026-09-01T11:56:49.238812,0.2,8.669184,8.669184,96,67,MED  / 100ms,0.0
2026-09-01T11:56:49.243094,0.2,8.669184,8.669184,96,67,MED  / 100ms,0.0
2026-09-01T11:56:49.247368,0.2,8.669184,8.669184,96,67,MED  / 100ms,0.0
2026-09-01T11:56:49.251640,0.2,8.669184,8.669184,96,67,MED  / 100ms,0.0
2026-09-01T11:56:49.255911,0.2,8.669184,8.669184,96,67,MED  / 100ms,0.0
2026-09-01T11:56:49.260184,0.2,8.669184,8.669184,96,67,MED  / 100ms,0.0
2026-09-01T11:56:49.264482,0.2,8.669184,8.669184,96,67,MED  / 100ms,0.0
2026-09-01T11:56:49.268763,0.2,8.669184,8.669184,96,67,MED  / 100ms,0.0
2026-09-01T11:56:49.273038,0.2,8.669184,8.669184,96,67,MED  / 100ms,0.0
2026-09-01T11:56:49.277472,0.2,8.669184,8.669184,96,67,MED  / 100ms,0.0
2026-09-01T11:56:49.281748,0.2,8.669184,8.669184,96,67,MED  / 100ms,0.0
2026-09-01T11:56:49.286027,0.2,8.669184,8.669184,96,67,MED  / 100ms,0.0
2026-09-01T11:56:49.290307,0.2,8.669184,8.669184,96,67,MED  / 100ms,0.0
2026-09-01T11:56:49.294582,0.2,8.669184,8.669184,96,67,MED  / 100ms,0.0
2026-09-01T11:56:49.298860,0.2,8.669184,8.669184,96,67,MED  / 100ms,0.0
2026-09-01T11:56:49.303140,0.2,8.669184,8.669184,96,67,MED  / 100ms,0.0
2026-09-01T11:56:49.307411,0.2,8.669184,8.669184,96,67,MED  / 100ms,0.0
2026-09-01T11:56:49.311683,0.2,8.669184,8.669184,96,67,MED  / 100ms,0.0
2026-09-01T11:56:49.315959,0.2,8.832384,8.832384,97,67,MED  / 100ms,0.0
2026-09-01T11:56:49.320234,0.2,8.832384,8.832384,97,67,MED  / 100ms,0.0
2026-09-01T11:56:49.324502,0.2,8.832384,8.832384,97,67,MED  / 100ms,0.0
2026-09-01T11:56:49.328774,0.2,8.832384,8.832384,97,67,MED  / 100ms,0.0
2026-09-01T11:56:49.333045,0.2,8.832384,8.832384,97,67,MED  / 100ms,0.0
2026-09-01T11:56:49.337333,0.2,8.832384,8.832384,97,67,MED  / 100ms,0.0
2026-09-01T11:56:49.341612,0.2,8.832384,8.832384,97,67,MED  / 100ms,0.0
2026-09-01T11:56:49.345888,0.2,8.832384,8.832384,97,67,MED  / 100ms,0.0
2026-09-01T11:56:49.350171,0.2,8.832384,8.832384,97,67,MED  / 100ms,0.0
2026-09-01T11:56:49.354441,0.2,8.832384,8.832384,97,67,MED  / 100ms,0.0
2026-09-01T11:56:49.358713,0.2,8.832384,8.832384,97,67,MED  / 100ms,0.0
2026-09-01T11:56:49.362985,0.2,8.832384,8.832384,97,67,MED  / 100ms,0.0
2026-09-01T11:56:49.367262,0.2,8.832384,8.832384,97,67,MED  / 100ms,0.0
2026-09-01T11:56:49.371537,0.2,8.832384,8.832384,97,67,MED  / 100ms,0.0
2026-09-01T11:56:49.375809,0.2,8.832384,8.832384,97,67,MED  / 100ms,0.0
2026-09-01T11:56:49.380238,0.2,8.832384,8.832384,97,67,MED  / 100ms,0.0
2026-09-01T11:56:49.384520,0.2,8.832384,8.832384,97,67,MED  / 100ms,0.0
2026-09-01T11:56:49.388793,0.2,8.832384,8.832384,97,67,MED  / 100ms,0.0
2026-09-01T11:56:49.393065,0.2,8.832384,8.832384,97,67,MED  / 100ms,0.0
2026-09-01T11:56:49.397336,0.2,8.832384,8.832384,97,67,MED  / 100ms,0.0
2026-09-01T11:56:49.401613,0.2,8.832384,8.832384,97,67,MED  / 100ms,0.0
2026-09-01T11:56:49.405881,0.2,8.832384,8.832384,97,67,MED  / 100ms,0.0
2026-09-01T11:56:49.410155,0.2,8.832384,8.832384,97,67,MED  / 100ms,0.0
2026-09-01T11:56:49.414427,0.2,8.832384,8.832384,97,67,MED  / 100ms,0.0
2026-09-01T11:56:49.418706,0.2,8.832384,8.832384,97,67,MED  / 100ms,0.0
2026-09-01T11:56:49.422977,0.2,8.995584000000001,8.995584000000001,98,67,MED  / 100ms,0.0
2026-09-01T11:56:49.427247,0.2,8.995584000000001,8.995584000000001,98,67,MED  / 100ms,0.0
2026-09-01T11:56:49.431517,0.2,8.995584000000001,8.995584000000001,98,67,MED  / 100ms,0.0
2026-09-01T11:56:49.435792,0.2,8.995584000000001,8.995584000000001,98,67,MED  / 100ms,0.0
2026-09-01T11:56:49.440069,0.2,8.995584000000001,8.995584000000001,98,67,MED  / 100ms,0.0
2026-09-01T11:56:49.444342,0.2,8.995584000000001,8.995584000000001,98,67,MED  / 100ms,0.0
2026-09-01T11:56:49.448613,0.2,8.995584000000001,8.995584000000001,98,67,MED  / 100ms,0.0
2026-09-01T11:56:49.452891,0.2,8.995584000000001,8.995584000000001,98,67,MED  / 100ms,0.0
2026-09-01T11:56:49.457169,0.2,8.995584000000001,8.995584000000001,98,67,MED  / 100ms,0.0
2026-09-01T11:56:49.461441,0.2,8.995584000000001,8.995584000000001,98,67,MED  / 100ms,0.0
2026-09-01T11:56:49.465716,0.2,8.995584000000001,8.995584000000001,98,67,MED  / 100ms,0.0
2026-09-01T11:56:49.469996,0.2,8.995584000000001,8.995584000000001,98,67,MED  / 100ms,0.0
2026-09-01T11:56:49.474266,0.2,8.995584000000001,8.995584000000001,98,67,MED  / 100ms,0.0
2026-09-01T11:56:49.478540,0.2,8.995584000000001,8.995584000000001,98,67,MED  / 100ms,0.0
2026-09-01T11:56:49.482978,0.2,8.995584000000001,8.995584000000001,98,67,MED  / 100ms,0.0
2026-09-01T11:56:49.487257,0.2,8.995584000000001,8.995584000000001,98,67,MED  / 100ms,0.0
2026-09-01T11:56:49.491530,0.2,8.995584000000001,8.995584000000001,98,67,MED  / 100ms,0.0
2026-09-01T11:56:49.495805,0.2,8.995584000000001,8.995584000000001,98,67,MED  / 100ms,0.0
2026-09-01T11:56:49.500086,0.2,8.995584000000001,8.995584000000001,98,67,MED  / 100ms,0.0
2026-09-01T11:56:49.504360,0.2,8.995584000000001,8.995584000000001,98,67,MED  / 100ms,0.0
2026-09-01T11:56:49.508633,0.2,8.995584000000001,8.995584000000001,98,67,MED  / 100ms,0.0
2026-09-01T11:56:49.512906,0.2,8.995584000000001,8.995584000000001,98,67,MED  / 100ms,0.0
2026-09-01T11:56:49.517179,0.2,8.995584000000001,8.995584000000001,98,67,MED  / 100ms,0.0
2026-09-01T11:56:49.521447,0.2,8.995584000000001,8.995584000000001,98,67,MED  / 100ms,0.0
2026-09-01T11:56:49.525712,0.2,8.995584000000001,8.995584000000001,98,67,MED  / 100ms,0.0
2026-09-01T11:56:49.529982,0.2,8.995584000000001,8.995584000000001,98,67,MED  / 100ms,0.0
2026-09-01T11:56:49.534256,0.2,8.995584000000001,8.995584000000001,98,67,MED  / 100ms,0.0
2026-09-01T11:56:49.538528,0.2,8.995584000000001,8.995584000000001,98,67,MED  / 100ms,0.0
2026-09-01T11:56:49.542799,0.2,8.995584000000001,8.995584000000001,98,67,MED  / 100ms,0.0
2026-09-01T11:56:49.547065,0.2,8.995584000000001,8.995584000000001,98,67,MED  / 100ms,0.0
2026-09-01T11:56:49.551349,0.2,8.995584000000001,8.995584000000001,98,67,MED  / 100ms,0.0
2026-09-01T11:56:49.555624,0.2,8.995584000000001,8.995584000000001,98,67,MED  / 100ms,0.0
2026-09-01T11:56:49.559890,0.2,8.995584000000001,8.995584000000001,98,67,MED  / 100ms,0.0
2026-09-01T11:56:49.564152,0.2,8.995584000000001,8.995584000000001,98,67,MED  / 100ms,0.0
2026-09-01T11:56:49.568413,0.2,8.995584000000001,8.995584000000001,98,67,MED  / 100ms,0.0
2026-09-01T11:56:49.572670,0.2,8.995584000000001,8.995584000000001,98,67,MED  / 100ms,0.0
2026-09-01T11:56:49.576927,0.2,8.995584000000001,8.995584000000001,98,67,MED  / 100ms,0.0
2026-09-01T11:56:49.581184,0.2,8.995584000000001,8.995584000000001,98,67,MED  / 100ms,0.0
2026-09-01T11:56:49.585603,0.2,8.995584000000001,8.995584000000001,98,67,MED  / 100ms,0.0
2026-09-01T11:56:49.589866,0.2,8.995584000000001,8.995584000000001,98,67,MED  / 100ms,0.0
2026-09-01T11:56:49.594127,0.2,8.995584000000001,8.995584000000001,98,67,MED  / 100ms,0.0
2026-09-01T11:56:49.598383,0.2,8.995584000000001,8.995584000000001,98,67,MED  / 100ms,0.0
2026-09-01T11:56:49.602646,0.2,8.995584000000001,8.995584000000001,98,67,MED  / 100ms,0.0
2026-09-01T11:56:49.606905,0.2,8.995584000000001,8.995584000000001,98,67,MED  / 100ms,0.0
2026-09-01T11:56:49.611165,0.2,8.995584000000001,8.995584000000001,98,67,MED  / 100ms,0.0
2026-09-01T11:56:49.615425,0.2,8.995584000000001,8.995584000000001,98,67,MED  / 100ms,0.0
2026-09-01T11:56:49.619689,0.2,8.995584000000001,8.995584000000001,98,67,MED  / 100ms,0.0
2026-09-01T11:56:49.623947,0.2,8.995584000000001,8.995584000000001,98,67,MED  / 100ms,0.0
2026-09-01T11:56:49.628204,0.2,8.995584000000001,8.995584000000001,98,353,MED  / 100ms,0.0
2026-09-01T11:56:49.632468,0.2,146.403456,146.403456,1123,353,MED  / 100ms,0.0
2026-09-01T11:56:49.636733,0.2,146.403456,146.403456,1123,353,MED  / 100ms,0.0
2026-09-01T11:56:49.640992,0.2,146.403456,146.403456,1123,353,MED  / 100ms,0.0
2026-09-01T11:56:49.645251,0.2,146.403456,146.403456,1123,353,MED  / 100ms,0.0
2026-09-01T11:56:49.649518,0.2,146.403456,146.403456,1123,353,MED  / 100ms,0.0
2026-09-01T11:56:49.653778,0.2,146.403456,146.403456,1123,353,MED  / 100ms,0.0
2026-09-01T11:56:49.658040,0.2,146.403456,146.403456,1123,353,MED  / 100ms,0.0
2026-09-01T11:56:49.662298,0.2,146.403456,146.403456,1123,353,MED  / 100ms,0.0
2026-09-01T11:56:49.666563,0.2,146.403456,146.403456,1123,353,MED  / 100ms,0.0
2026-09-01T11:56:49.670821,0.2,146.403456,146.403456,1123,353,MED  / 100ms,0.0
2026-09-01T11:56:49.675079,0.2,146.403456,146.403456,1123,353,MED  / 100ms,0.0
2026-09-01T11:56:49.679337,0.2,146.403456,146.403456,1123,353,MED  / 100ms,0.0
2026-09-01T11:56:49.683598,0.2,146.403456,146.403456,1123,353,MED  / 100ms,0.0
2026-09-01T11:56:49.687862,0.2,146.403456,146.403456,1123,353,MED  / 100ms,0.0
2026-09-01T11:56:49.692280,0.2,146.403456,146.403456,1123,353,MED  / 100ms,0.0
2026-09-01T11:56:49.696544,0.2,146.403456,146.403456,1123,353,MED  / 100ms,0.0
2026-09-01T11:56:49.700812,0.2,146.403456,146.403456,1123,353,MED  / 100ms,0.0
2026-09-01T11:56:49.705069,0.2,146.403456,146.403456,1123,353,MED  / 100ms,0.0
2026-09-01T11:56:49.709327,0.2,146.403456,146.403456,1123,353,MED  / 100ms,0.0
2026-09-01T11:56:49.713585,0.2,146.403456,146.403456,1123,353,MED  / 100ms,0.0
2026-09-01T11:56:49.717843,0.2,146.403456,146.403456,1123,353,MED  / 100ms,0.0
2026-09-01T11:56:49.722122,0.2,146.403456,146.403456,1123,353,MED  / 100ms,0.0
2026-09-01T11:56:49.726388,0.2,146.403456,146.403456,1123,353,MED  / 100ms,0.0
2026-09-01T11:56:49.730648,0.2,146.403456,146.403456,1123,353,MED  / 100ms,0.0
2026-09-01T11:56:49.734913,0.2,319.271424,319.271424,2396,687,MED  / 100ms,0.0
2026-09-01T11:56:49.739171,0.2,319.271424,319.271424,2396,687,MED  / 100ms,0.0
2026-09-01T11:56:49.743432,0.2,319.271424,319.271424,2396,687,MED  / 100ms,0.0
2026-09-01T11:56:49.747690,0.2,319.271424,319.271424,2396,687,MED  / 100ms,0.0
2026-09-01T11:56:49.751954,0.2,319.271424,319.271424,2396,687,MED  / 100ms,0.0
2026-09-01T11:56:49.756212,0.2,319.271424,319.271424,2396,687,MED  / 100ms,0.0
2026-09-01T11:56:49.760470,0.2,319.271424,319.271424,2396,687,MED  / 100ms,0.0
2026-09-01T11:56:49.764726,0.2,319.271424,319.271424,2396,687,MED  / 100ms,0.0
2026-09-01T11:56:49.768990,0.2,319.271424,319.271424,2396,687,MED  / 100ms,0.0
2026-09-01T11:56:49.773248,0.2,319.271424,319.271424,2396,687,MED  / 100ms,0.0
2026-09-01T11:56:49.777506,0.2,319.271424,319.271424,2396,687,MED  / 100ms,0.0
2026-09-01T11:56:49.781766,0.2,319.271424,319.271424,2396,687,MED  / 100ms,0.0
2026-09-01T11:56:49.786028,0.2,319.271424,319.271424,2396,687,MED  / 100ms,0.0
2026-09-01T11:56:49.790288,0.2,319.271424,319.271424,2396,687,MED  / 100ms,0.0
2026-09-01T11:56:49.794707,0.2,319.271424,319.271424,2396,687,MED  / 100ms,0.0
2026-09-01T11:56:49.798969,0.2,319.271424,319.271424,2396,687,MED  / 100ms,0.0
2026-09-01T11:56:49.803233,0.2,319.271424,319.271424,2396,687,MED  / 100ms,0.0
2026-09-01T11:56:49.807492,0.2,319.271424,319.271424,2396,687,MED  / 100ms,0.0
2026-09-01T11:56:49.811748,0.2,319.271424,319.271424,2396,687,MED  / 100ms,0.0
2026-09-01T11:56:49.816011,0.2,319.271424,319.271424,2396,687,MED  / 100ms,0.0
2026-09-01T11:56:49.820274,0.2,319.271424,319.271424,2396,687,MED  / 100ms,0.0
2026-09-01T11:56:49.824532,0.2,319.271424,319.271424,2396,687,MED  / 100ms,0.0
2026-09-01T11:56:49.828790,0.2,319.271424,319.271424,2396,687,MED  / 100ms,0.0
2026-09-01T11:56:49.833055,0.2,319.271424,319.271424,2396,687,MED  / 100ms,0.0
2026-09-01T11:56:49.837309,0.2,319.271424,319.271424,2396,715,MED  / 100ms,0.0
2026-09-01T11:56:49.841568,0.2,343.11168,343.11168,2560,715,MED  / 100ms,0.0
2026-09-01T11:56:49.845825,0.2,343.11168,343.11168,2560,715,MED  / 100ms,0.0
2026-09-01T11:56:49.850089,0.2,343.11168,343.11168,2560,715,MED  / 100ms,0.0
2026-09-01T11:56:49.854347,0.2,343.11168,343.11168,2560,715,MED  / 100ms,0.0
2026-09-01T11:56:49.858604,0.2,343.11168,343.11168,2560,715,MED  / 100ms,0.0
2026-09-01T11:56:49.862859,0.2,343.11168,343.11168,2560,715,MED  / 100ms,0.0
2026-09-01T11:56:49.867122,0.2,343.11168,343.11168,2560,715,MED  / 100ms,0.0
2026-09-01T11:56:49.871380,0.2,343.11168,343.11168,2560,715,MED  / 100ms,0.0
2026-09-01T11:56:49.875638,0.2,343.11168,343.11168,2560,715,MED  / 100ms,0.0
2026-09-01T11:56:49.879896,0.2,343.11168,343.11168,2560,715,MED  / 100ms,0.0
2026-09-01T11:56:49.884155,0.2,343.11168,343.11168,2560,715,MED  / 100ms,0.0
2026-09-01T11:56:49.888413,0.2,343.11168,343.11168,2560,715,MED  / 100ms,0.0
2026-09-01T11:56:49.892673,0.2,343.11168,343.11168,2560,715,MED  / 100ms,0.0
2026-09-01T11:56:49.897093,0.2,343.11168,343.11168,2560,715,MED  / 100ms,0.0
2026-09-01T11:56:49.901359,0.2,343.11168,343.11168,2560,715,MED  / 100ms,0.0
2026-09-01T11:56:49.905618,0.2,343.11168,343.11168,2560,715,MED  / 100ms,0.0
2026-09-01T11:56:49.909874,0.2,343.11168,343.11168,2560,715,MED  / 100ms,0.0
2026-09-01T11:56:49.914135,0.2,343.11168,343.11168,2560,715,MED  / 100ms,0.0
2026-09-01T11:56:49.918398,0.2,343.11168,343.11168,2560,715,MED  / 100ms,0.0
2026-09-01T11:56:49.922659,0.2,343.11168,343.11168,2560,715,MED  / 100ms,0.0
2026-09-01T11:56:49.926921,0.2,343.11168,343.11168,2560,715,MED  / 100ms,0.0
2026-09-01T11:56:49.931176,0.2,343.11168,343.11168,2560,715,MED  / 100ms,0.0
2026-09-01T11:56:49.935434,0.2,343.11168,343.11168,2560,715,MED  / 100ms,0.0
2026-09-01T11:56:49.939692,0.2,343.11168,343.11168,2560,715,MED  / 100ms,0.0
2026-09-01T11:56:49.943950,0.2,357.721344,357.721344,2670,747,MED  / 100ms,0.0
2026-09-01T11:56:49.948207,0.2,357.721344,357.721344,2670,747,MED  / 100ms,0.0
2026-09-01T11:56:49.952471,0.2,357.721344,357.721344,2670,747,MED  / 100ms,0.0
2026-09-01T11:56:49.956727,0.2,357.721344,357.721344,2670,747,MED  / 100ms,0.0
2026-09-01T11:56:49.960984,0.2,357.721344,357.721344,2670,747,MED  / 100ms,0.0
2026-09-01T11:56:49.965244,0.2,357.721344,357.721344,2670,747,MED  / 100ms,0.0
2026-09-01T11:56:49.969515,0.2,357.721344,357.721344,2670,747,MED  / 100ms,0.0
2026-09-01T11:56:49.973772,0.2,357.721344,357.721344,2670,747,MED  / 100ms,0.0
2026-09-01T11:56:49.978031,0.2,357.721344,357.721344,2670,747,MED  / 100ms,0.0
2026-09-01T11:56:49.982291,0.2,357.721344,357.721344,2670,747,MED  / 100ms,0.0
2026-09-01T11:56:49.986555,0.2,357.721344,357.721344,2670,747,MED  / 100ms,0.0
2026-09-01T11:56:49.990817,0.2,357.721344,357.721344,2670,747,MED  / 100ms,0.0
2026-09-01T11:56:49.995073,0.2,357.721344,357.721344,2670,747,MED  / 100ms,0.0
2026-09-01T11:56:49.999491,0.2,357.721344,357.721344,2670,747,MED  / 100ms,0.0
2026-09-01T11:56:50.003755,0.2,357.721344,357.721344,2670,747,MED  / 100ms,0.0
2026-09-01T11:56:50.008014,0.2,357.721344,357.721344,2670,747,MED  / 100ms,0.0
2026-09-01T11:56:50.012273,0.2,357.721344,357.721344,2670,747,MED  / 100ms,0.0
2026-09-01T11:56:50.016538,0.2,357.721344,357.721344,2670,747,MED  / 100ms,0.0
2026-09-01T11:56:50.020797,0.2,357.721344,357.721344,2670,747,MED  / 100ms,0.0
2026-09-01T11:56:50.025053,0.2,357.721344,357.721344,2670,747,MED  / 100ms,0.0
2026-09-01T11:56:50.029308,0.2,357.721344,357.721344,2670,747,MED  / 100ms,0.0
2026-09-01T11:56:50.033578,0.2,357.721344,357.721344,2670,747,MED  / 100ms,0.0
2026-09-01T11:56:50.037840,0.2,357.721344,357.721344,2670,747,MED  / 100ms,0.0
2026-09-01T11:56:50.042101,0.2,357.721344,357.721344,2670,747,MED  / 100ms,0.0
2026-09-01T11:56:50.046359,0.2,357.721344,357.721344,2670,776,MED  / 100ms,0.0
2026-09-01T11:56:50.050623,0.2,368.237952,368.237952,2753,776,MED  / 100ms,0.0
2026-09-01T11:56:50.054884,0.2,368.237952,368.237952,2753,776,MED  / 100ms,0.0
2026-09-01T11:56:50.059144,0.2,368.237952,368.237952,2753,776,MED  / 100ms,0.0
2026-09-01T11:56:50.063402,0.2,368.237952,368.237952,2753,776,MED  / 100ms,0.0
2026-09-01T11:56:50.067662,0.2,368.237952,368.237952,2753,776,MED  / 100ms,0.0
2026-09-01T11:56:50.071920,0.2,368.237952,368.237952,2753,776,MED  / 100ms,0.0
2026-09-01T11:56:50.076176,0.2,368.237952,368.237952,2753,776,MED  / 100ms,0.0
2026-09-01T11:56:50.080434,0.2,368.237952,368.237952,2753,776,MED  / 100ms,0.0
2026-09-01T11:56:50.084692,0.2,368.237952,368.237952,2753,776,MED  / 100ms,0.0
2026-09-01T11:56:50.088949,0.2,368.237952,368.237952,2753,776,MED  / 100ms,0.0
2026-09-01T11:56:50.093206,0.2,368.237952,368.237952,2753,776,MED  / 100ms,0.0
2026-09-01T11:56:50.097463,0.2,368.237952,368.237952,2753,776,MED  / 100ms,0.0
2026-09-01T11:56:50.101725,0.2,368.237952,368.237952,2753,776,MED  / 100ms,0.0
2026-09-01T11:56:50.106144,0.2,368.237952,368.237952,2753,776,MED  / 100ms,0.0
2026-09-01T11:56:50.110404,0.2,368.237952,368.237952,2753,776,MED  / 100ms,0.0
2026-09-01T11:56:50.114661,0.2,368.237952,368.237952,2753,776,MED  / 100ms,0.0
2026-09-01T11:56:50.118925,0.2,368.237952,368.237952,2753,776,MED  / 100ms,0.0
2026-09-01T11:56:50.123183,0.2,368.237952,368.237952,2753,776,MED  / 100ms,0.0
2026-09-01T11:56:50.127442,0.2,368.237952,368.237952,2753,776,MED  / 100ms,0.0
2026-09-01T11:56:50.131700,0.2,368.237952,368.237952,2753,776,MED  / 100ms,0.0
2026-09-01T11:56:50.135963,0.2,368.237952,368.237952,2753,776,MED  / 100ms,0.0
2026-09-01T11:56:50.140218,0.2,368.237952,368.237952,2753,776,MED  / 100ms,0.0
2026-09-01T11:56:50.144474,0.2,368.237952,368.237952,2753,776,MED  / 100ms,0.0
2026-09-01T11:56:50.148731,0.2,368.237952,368.237952,2753,776,MED  / 100ms,0.0
2026-09-01T11:56:50.152995,0.2,381.71827199999996,381.71827199999996,2858,811,MED  / 100ms,0.0
2026-09-01T11:56:50.157255,0.2,381.71827199999996,381.71827199999996,2858,811,MED  / 100ms,0.0
2026-09-01T11:56:50.161562,0.2,381.71827199999996,381.71827199999996,2858,811,MED  / 100ms,0.0
2026-09-01T11:56:50.165839,0.2,381.71827199999996,381.71827199999996,2858,811,MED  / 100ms,0.0
2026-09-01T11:56:50.170106,0.2,381.71827199999996,381.71827199999996,2858,811,MED  / 100ms,0.0
2026-09-01T11:56:50.174372,0.2,381.71827199999996,381.71827199999996,2858,811,MED  / 100ms,0.0
2026-09-01T11:56:50.178650,0.2,381.71827199999996,381.71827199999996,2858,811,MED  / 100ms,0.0
2026-09-01T11:56:50.182918,0.2,381.71827199999996,381.71827199999996,2858,811,MED  / 100ms,0.0
2026-09-01T11:56:50.187180,0.2,381.71827199999996,381.71827199999996,2858,811,MED  / 100ms,0.0
2026-09-01T11:56:50.191449,0.2,381.71827199999996,381.71827199999996,2858,811,MED  / 100ms,0.0
2026-09-01T11:56:50.195718,0.2,381.71827199999996,381.71827199999996,2858,811,MED  / 100ms,0.0
2026-09-01T11:56:50.200010,0.2,381.71827199999996,381.71827199999996,2858,811,MED  / 100ms,0.0
2026-09-01T11:56:50.204281,0.2,381.71827199999996,381.71827199999996,2858,811,MED  / 100ms,0.0
2026-09-01T11:56:50.208719,0.2,381.71827199999996,381.71827199999996,2858,811,MED  / 100ms,0.0
2026-09-01T11:56:50.212986,0.2,381.71827199999996,381.71827199999996,2858,811,MED  / 100ms,0.0
2026-09-01T11:56:50.217252,0.2,381.71827199999996,381.71827199999996,2858,811,MED  / 100ms,0.0
2026-09-01T11:56:50.221512,0.2,381.71827199999996,381.71827199999996,2858,811,MED  / 100ms,0.0
2026-09-01T11:56:50.225774,0.2,381.71827199999996,381.71827199999996,2858,811,MED  / 100ms,0.0
2026-09-01T11:56:50.230081,0.2,381.71827199999996,381.71827199999996,2858,811,MED  / 100ms,0.0
2026-09-01T11:56:50.234385,0.2,381.71827199999996,381.71827199999996,2858,811,MED  / 100ms,0.0
2026-09-01T11:56:50.238652,0.2,381.71827199999996,381.71827199999996,2858,811,MED  / 100ms,0.0
2026-09-01T11:56:50.242918,0.2,381.71827199999996,381.71827199999996,2858,811,MED  / 100ms,0.0
2026-09-01T11:56:50.247188,0.2,381.71827199999996,381.71827199999996,2858,811,MED  / 100ms,0.0
2026-09-01T11:56:50.251453,0.2,381.71827199999996,381.71827199999996,2858,811,MED  / 100ms,0.0
2026-09-01T11:56:50.255712,0.2,381.71827199999996,381.71827199999996,2858,846,MED  / 100ms,0.0
2026-09-01T11:56:50.259972,0.2,396.66739200000006,396.66739200000006,2972,846,MED  / 100ms,0.0
2026-09-01T11:56:50.264231,0.2,396.66739200000006,396.66739200000006,2972,846,MED  / 100ms,0.0
2026-09-01T11:56:50.268499,0.2,396.66739200000006,396.66739200000006,2972,846,MED  / 100ms,0.0
2026-09-01T11:56:50.272764,0.2,396.66739200000006,396.66739200000006,2972,846,MED  / 100ms,0.0
2026-09-01T11:56:50.277024,0.2,396.66739200000006,396.66739200000006,2972,846,MED  / 100ms,0.0
2026-09-01T11:56:50.281286,0.2,396.66739200000006,396.66739200000006,2972,846,MED  / 100ms,0.0
2026-09-01T11:56:50.285556,0.2,396.66739200000006,396.66739200000006,2972,846,MED  / 100ms,0.0
2026-09-01T11:56:50.289817,0.2,396.66739200000006,396.66739200000006,2972,846,MED  / 100ms,0.0
2026-09-01T11:56:50.294082,0.2,396.66739200000006,396.66739200000006,2972,846,MED  / 100ms,0.0
2026-09-01T11:56:50.298348,0.2,396.66739200000006,396.66739200000006,2972,846,MED  / 100ms,0.0
2026-09-01T11:56:50.302617,0.2,396.66739200000006,396.66739200000006,2972,846,MED  / 100ms,0.0
2026-09-01T11:56:50.306876,0.2,396.66739200000006,396.66739200000006,2972,846,MED  / 100ms,0.0
2026-09-01T11:56:50.311315,0.2,396.66739200000006,396.66739200000006,2972,846,MED  / 100ms,0.0
2026-09-01T11:56:50.315579,0.2,396.66739200000006,396.66739200000006,2972,846,MED  / 100ms,0.0
2026-09-01T11:56:50.319843,0.2,396.66739200000006,396.66739200000006,2972,846,MED  / 100ms,0.0
2026-09-01T11:56:50.324103,0.2,396.66739200000006,396.66739200000006,2972,846,MED  / 100ms,0.0
2026-09-01T11:56:50.328363,0.2,396.66739200000006,396.66739200000006,2972,846,MED  / 100ms,0.0
2026-09-01T11:56:50.332625,0.2,396.66739200000006,396.66739200000006,2972,846,MED  / 100ms,0.0
2026-09-01T11:56:50.336886,0.2,396.66739200000006,396.66739200000006,2972,846,MED  / 100ms,0.0
2026-09-01T11:56:50.341147,0.2,396.66739200000006,396.66739200000006,2972,846,MED  / 100ms,0.0
2026-09-01T11:56:50.345406,0.2,396.66739200000006,396.66739200000006,2972,846,MED  / 100ms,0.0
2026-09-01T11:56:50.349674,0.2,396.66739200000006,396.66739200000006,2972,846,MED  / 100ms,0.0
2026-09-01T11:56:50.353933,0.2,396.66739200000006,396.66739200000006,2972,846,MED  / 100ms,0.0
2026-09-01T11:56:50.358196,0.2,396.66739200000006,396.66739200000006,2972,846,MED  / 100ms,0.0
2026-09-01T11:56:50.362452,0.2,407.334144,407.334144,3054,872,MED  / 100ms,0.0
2026-09-01T11:56:50.366715,0.2,407.334144,407.334144,3054,872,MED  / 100ms,0.0
2026-09-01T11:56:50.370973,0.2,407.334144,407.334144,3054,872,MED  / 100ms,0.0
2026-09-01T11:56:50.375245,0.2,407.334144,407.334144,3054,872,MED  / 100ms,0.0
2026-09-01T11:56:50.379508,0.2,407.334144,407.334144,3054,872,MED  / 100ms,0.0
2026-09-01T11:56:50.383771,0.2,407.334144,407.334144,3054,872,MED  / 100ms,0.0
2026-09-01T11:56:50.388027,0.2,407.334144,407.334144,3054,872,MED  / 100ms,0.0
2026-09-01T11:56:50.392293,0.2,407.334144,407.334144,3054,872,MED  / 100ms,0.0
2026-09-01T11:56:50.396554,0.2,407.334144,407.334144,3054,872,MED  / 100ms,0.0
2026-09-01T11:56:50.400820,0.2,407.334144,407.334144,3054,872,MED  / 100ms,0.0
2026-09-01T11:56:50.405079,0.2,407.334144,407.334144,3054,872,MED  / 100ms,0.0
2026-09-01T11:56:50.409336,0.2,407.334144,407.334144,3054,872,MED  / 100ms,0.0
2026-09-01T11:56:50.424466,0.2,407.334144,407.334144,3054,872,MED  / 100ms,0.0
2026-09-01T11:56:50.428826,0.2,407.334144,407.334144,3054,872,MED  / 100ms,0.0
2026-09-01T11:56:50.433116,0.2,407.334144,407.334144,3054,872,MED  / 100ms,0.0
2026-09-01T11:56:50.437388,0.2,407.334144,407.334144,3054,872,MED  / 100ms,0.0
2026-09-01T11:56:50.441696,0.2,407.334144,407.334144,3054,872,MED  / 100ms,0.0
2026-09-01T11:56:50.445975,0.2,407.334144,407.334144,3054,872,MED  / 100ms,0.0
2026-09-01T11:56:50.450247,0.2,407.334144,407.334144,3054,872,MED  / 100ms,0.0
2026-09-01T11:56:50.454515,0.2,407.334144,407.334144,3054,872,MED  / 100ms,0.0
2026-09-01T11:56:50.458782,0.2,407.334144,407.334144,3054,872,MED  / 100ms,0.0
2026-09-01T11:56:50.463052,0.2,407.334144,407.334144,3054,872,MED  / 100ms,0.0
2026-09-01T11:56:50.467332,0.2,416.532096,416.532096,3127,898,MED  / 100ms,0.0
2026-09-01T11:56:50.471600,0.2,416.532096,416.532096,3127,898,MED  / 100ms,0.0
2026-09-01T11:56:50.475870,0.2,416.532096,416.532096,3127,898,MED  / 100ms,0.0
2026-09-01T11:56:50.480138,0.2,416.532096,416.532096,3127,898,MED  / 100ms,0.0
2026-09-01T11:56:50.484409,0.2,416.532096,416.532096,3127,898,MED  / 100ms,0.0
2026-09-01T11:56:50.488682,0.2,416.532096,416.532096,3127,898,MED  / 100ms,0.0
2026-09-01T11:56:50.492951,0.2,416.532096,416.532096,3127,898,MED  / 100ms,0.0
2026-09-01T11:56:50.497208,0.2,416.532096,416.532096,3127,898,MED  / 100ms,0.0
2026-09-01T11:56:50.501461,0.2,416.532096,416.532096,3127,898,MED  / 100ms,0.0
2026-09-01T11:56:50.505712,0.2,416.532096,416.532096,3127,898,MED  / 100ms,0.0
2026-09-01T11:56:50.509986,0.2,416.532096,416.532096,3127,898,MED  / 100ms,0.0
2026-09-01T11:56:50.514251,0.2,416.532096,416.532096,3127,898,MED  / 100ms,0.0
2026-09-01T11:56:50.518660,0.2,416.532096,416.532096,3127,898,MED  / 100ms,0.0
2026-09-01T11:56:50.522911,0.2,416.532096,416.532096,3127,898,MED  / 100ms,0.0
2026-09-01T11:56:50.527162,0.2,416.532096,416.532096,3127,898,MED  / 100ms,0.0
2026-09-01T11:56:50.531410,0.2,416.532096,416.532096,3127,898,MED  / 100ms,0.0
2026-09-01T11:56:50.535661,0.2,416.532096,416.532096,3127,898,MED  / 100ms,0.0
2026-09-01T11:56:50.539909,0.2,416.532096,416.532096,3127,898,MED  / 100ms,0.0
2026-09-01T11:56:50.544155,0.2,416.532096,416.532096,3127,898,MED  / 100ms,0.0
2026-09-01T11:56:50.548406,0.2,416.532096,416.532096,3127,898,MED  / 100ms,0.0
2026-09-01T11:56:50.552662,0.2,416.532096,416.532096,3127,898,MED  / 100ms,0.0
2026-09-01T11:56:50.556909,0.2,416.532096,416.532096,3127,898,MED  / 100ms,0.0
2026-09-01T11:56:50.561156,0.2,416.532096,416.532096,3127,898,MED  / 100ms,0.0
2026-09-01T11:56:50.565411,0.2,416.532096,416.532096,3127,898,MED  / 100ms,0.0
2026-09-01T11:56:50.569664,0.2,416.532096,416.532096,3127,897,MED  / 100ms,0.0
2026-09-01T11:56:50.573913,0.2,410.27174399999996,410.27174399999996,3088,897,MED  / 100ms,0.0
2026-09-01T11:56:50.578170,0.2,410.27174399999996,410.27174399999996,3088,897,MED  / 100ms,0.0
2026-09-01T11:56:50.582419,0.2,410.27174399999996,410.27174399999996,3088,897,MED  / 100ms,0.0
2026-09-01T11:56:50.586676,0.2,410.27174399999996,410.27174399999996,3088,897,MED  / 100ms,0.0
2026-09-01T11:56:50.590925,0.2,410.27174399999996,410.27174399999996,3088,897,MED  / 100ms,0.0
2026-09-01T11:56:50.595192,0.2,410.27174399999996,410.27174399999996,3088,897,MED  / 100ms,0.0
2026-09-01T11:56:50.599466,0.2,410.27174399999996,410.27174399999996,3088,897,MED  / 100ms,0.0
2026-09-01T11:56:50.603732,0.2,410.27174399999996,410.27174399999996,3088,897,MED  / 100ms,0.0
2026-09-01T11:56:50.607994,0.2,410.27174399999996,410.27174399999996,3088,897,MED  / 100ms,0.0
2026-09-01T11:56:50.612258,0.2,410.27174399999996,410.27174399999996,3088,897,MED  / 100ms,0.0
2026-09-01T11:56:50.616528,0.2,410.27174399999996,410.27174399999996,3088,897,MED  / 100ms,0.0
2026-09-01T11:56:50.620954,0.2,410.27174399999996,410.27174399999996,3088,897,MED  / 100ms,0.0
2026-09-01T11:56:50.625223,0.2,410.27174399999996,410.27174399999996,3088,897,MED  / 100ms,0.0
2026-09-01T11:56:50.629487,0.2,410.27174399999996,410.27174399999996,3088,897,MED  / 100ms,0.0
2026-09-01T11:56:50.633760,0.2,410.27174399999996,410.27174399999996,3088,897,MED  / 100ms,0.0
2026-09-01T11:56:50.638025,0.2,410.27174399999996,410.27174399999996,3088,897,MED  / 100ms,0.0
2026-09-01T11:56:50.642287,0.2,410.27174399999996,410.27174399999996,3088,897,MED  / 100ms,0.0
2026-09-01T11:56:50.646551,0.2,410.27174399999996,410.27174399999996,3088,897,MED  / 100ms,0.0
2026-09-01T11:56:50.650816,0.2,410.27174399999996,410.27174399999996,3088,897,MED  / 100ms,0.0
2026-09-01T11:56:50.655080,0.2,410.27174399999996,410.27174399999996,3088,897,MED  / 100ms,0.0
2026-09-01T11:56:50.659346,0.2,410.27174399999996,410.27174399999996,3088,897,MED  / 100ms,0.0
2026-09-01T11:56:50.663609,0.2,410.27174399999996,410.27174399999996,3088,897,MED  / 100ms,0.0
2026-09-01T11:56:50.667877,0.2,410.27174399999996,410.27174399999996,3088,897,MED  / 100ms,0.0
2026-09-01T11:56:50.672142,0.2,410.27174399999996,410.27174399999996,3088,897,MED  / 100ms,0.0
2026-09-01T11:56:50.676402,0.2,406.341888,406.341888,3062,894,MED  / 100ms,0.0
2026-09-01T11:56:50.680666,0.2,406.341888,406.341888,3062,894,MED  / 100ms,0.0
2026-09-01T11:56:50.687239,0.2,406.341888,406.341888,3062,894,MED  / 100ms,0.0
2026-09-01T11:56:50.691506,0.2,406.341888,406.341888,3062,894,MED  / 100ms,0.0
2026-09-01T11:56:50.695770,0.2,406.341888,406.341888,3062,894,MED  / 100ms,0.0
2026-09-01T11:56:50.700034,0.2,406.341888,406.341888,3062,894,MED  / 100ms,0.0
2026-09-01T11:56:50.704295,0.2,406.341888,406.341888,3062,894,MED  / 100ms,0.0
2026-09-01T11:56:50.708557,0.2,406.341888,406.341888,3062,894,MED  / 100ms,0.0
2026-09-01T11:56:50.712821,0.2,406.341888,406.341888,3062,894,MED  / 100ms,0.0
2026-09-01T11:56:50.717088,0.2,406.341888,406.341888,3062,894,MED  / 100ms,0.0
2026-09-01T11:56:50.721348,0.2,406.341888,406.341888,3062,894,MED  / 100ms,0.0
2026-09-01T11:56:50.725607,0.2,406.341888,406.341888,3062,894,MED  / 100ms,0.0
2026-09-01T11:56:50.730031,0.2,406.341888,406.341888,3062,894,MED  / 100ms,0.0
2026-09-01T11:56:50.734300,0.2,406.341888,406.341888,3062,894,MED  / 100ms,0.0
2026-09-01T11:56:50.738562,0.2,406.341888,406.341888,3062,894,MED  / 100ms,0.0
2026-09-01T11:56:50.742822,0.2,406.341888,406.341888,3062,894,MED  / 100ms,0.0
2026-09-01T11:56:50.747086,0.2,406.341888,406.341888,3062,894,MED  / 100ms,0.0
2026-09-01T11:56:50.751355,0.2,406.341888,406.341888,3062,894,MED  / 100ms,0.0
2026-09-01T11:56:50.755617,0.2,406.341888,406.341888,3062,894,MED  / 100ms,0.0
2026-09-01T11:56:50.759883,0.2,406.341888,406.341888,3062,894,MED  / 100ms,0.0
2026-09-01T11:56:50.764148,0.2,406.341888,406.341888,3062,894,MED  / 100ms,0.0
2026-09-01T11:56:50.768420,0.2,406.341888,406.341888,3062,894,MED  / 100ms,0.0
2026-09-01T11:56:50.772680,0.2,406.341888,406.341888,3062,894,MED  / 100ms,0.0
2026-09-01T11:56:50.776941,0.2,406.341888,406.341888,3062,894,MED  / 100ms,0.0
2026-09-01T11:56:50.781202,0.2,397.89465599999994,397.89465599999994,3000,878,MED  / 100ms,0.0
2026-09-01T11:56:50.785470,0.2,397.89465599999994,397.89465599999994,3000,878,MED  / 100ms,0.0
2026-09-01T11:56:50.789733,0.2,397.89465599999994,397.89465599999994,3000,878,MED  / 100ms,0.0
2026-09-01T11:56:50.793996,0.2,397.89465599999994,397.89465599999994,3000,878,MED  / 100ms,0.0
2026-09-01T11:56:50.798260,0.2,397.89465599999994,397.89465599999994,3000,878,MED  / 100ms,0.0
2026-09-01T11:56:50.802533,0.2,397.89465599999994,397.89465599999994,3000,878,MED  / 100ms,0.0
2026-09-01T11:56:50.806793,0.2,397.89465599999994,397.89465599999994,3000,878,MED  / 100ms,0.0
2026-09-01T11:56:50.811053,0.2,397.89465599999994,397.89465599999994,3000,878,MED  / 100ms,0.0
2026-09-01T11:56:50.815320,0.2,397.89465599999994,397.89465599999994,3000,878,MED  / 100ms,0.0
2026-09-01T11:56:50.819587,0.2,397.89465599999994,397.89465599999994,3000,878,MED  / 100ms,0.0
2026-09-01T11:56:50.823848,0.2,397.89465599999994,397.89465599999994,3000,878,MED  / 100ms,0.0
2026-09-01T11:56:50.828111,0.2,397.89465599999994,397.89465599999994,3000,878,MED  / 100ms,0.0
2026-09-01T11:56:50.832539,0.2,397.89465599999994,397.89465599999994,3000,878,MED  / 100ms,0.0
2026-09-01T11:56:50.836804,0.2,397.89465599999994,397.89465599999994,3000,878,MED  / 100ms,0.0
2026-09-01T11:56:50.841066,0.2,397.89465599999994,397.89465599999994,3000,878,MED  / 100ms,0.0
2026-09-01T11:56:50.845327,0.2,397.89465599999994,397.89465599999994,3000,878,MED  / 100ms,0.0
2026-09-01T11:56:50.849592,0.2,397.89465599999994,397.89465599999994,3000,878,MED  / 100ms,0.0
2026-09-01T11:56:50.853855,0.2,397.89465599999994,397.89465599999994,3000,878,MED  / 100ms,0.0
2026-09-01T11:56:50.858118,0.2,397.89465599999994,397.89465599999994,3000,878,MED  / 100ms,0.0
2026-09-01T11:56:50.862381,0.2,397.89465599999994,397.89465599999994,3000,878,MED  / 100ms,0.0
2026-09-01T11:56:50.866645,0.2,397.89465599999994,397.89465599999994,3000,878,MED  / 100ms,0.0
2026-09-01T11:56:50.870905,0.2,397.89465599999994,397.89465599999994,3000,878,MED  / 100ms,0.0
2026-09-01T11:56:50.875168,0.2,397.89465599999994,397.89465599999994,3000,878,MED  / 100ms,0.0
2026-09-01T11:56:50.879428,0.2,397.89465599999994,397.89465599999994,3000,878,MED  / 100ms,0.0
2026-09-01T11:56:50.883696,0.2,397.89465599999994,397.89465599999994,3000,877,MED  / 100ms,0.0
2026-09-01T11:56:50.887959,0.2,397.34630400000003,397.34630400000003,2996,877,MED  / 100ms,0.0
2026-09-01T11:56:50.892222,0.2,397.34630400000003,397.34630400000003,2996,877,MED  / 100ms,0.0
2026-09-01T11:56:50.896485,0.2,397.34630400000003,397.34630400000003,2996,877,MED  / 100ms,0.0
2026-09-01T11:56:50.900751,0.2,397.34630400000003,397.34630400000003,2996,877,MED  / 100ms,0.0
2026-09-01T11:56:50.905014,0.2,397.34630400000003,397.34630400000003,2996,877,MED  / 100ms,0.0
2026-09-01T11:56:50.909276,0.2,397.34630400000003,397.34630400000003,2996,877,MED  / 100ms,0.0
2026-09-01T11:56:50.913537,0.2,397.34630400000003,397.34630400000003,2996,877,MED  / 100ms,0.0
2026-09-01T11:56:50.917802,0.2,397.34630400000003,397.34630400000003,2996,877,MED  / 100ms,0.0
2026-09-01T11:56:50.922068,0.2,397.34630400000003,397.34630400000003,2996,877,MED  / 100ms,0.0
2026-09-01T11:56:50.926330,0.2,397.34630400000003,397.34630400000003,2996,877,MED  / 100ms,0.0
2026-09-01T11:56:50.930595,0.2,397.34630400000003,397.34630400000003,2996,877,MED  / 100ms,0.0
2026-09-01T11:56:50.935029,0.2,397.34630400000003,397.34630400000003,2996,877,MED  / 100ms,0.0
2026-09-01T11:56:50.939293,0.2,397.34630400000003,397.34630400000003,2996,877,MED  / 100ms,0.0
2026-09-01T11:56:50.943562,0.2,397.34630400000003,397.34630400000003,2996,877,MED  / 100ms,0.0
2026-09-01T11:56:50.947828,0.2,397.34630400000003,397.34630400000003,2996,877,MED  / 100ms,0.0
2026-09-01T11:56:50.952096,0.2,397.34630400000003,397.34630400000003,2996,877,MED  / 100ms,0.0
2026-09-01T11:56:50.956360,0.2,397.34630400000003,397.34630400000003,2996,877,MED  / 100ms,0.0
2026-09-01T11:56:50.960625,0.2,397.34630400000003,397.34630400000003,2996,877,MED  / 100ms,0.0
2026-09-01T11:56:50.964888,0.2,397.34630400000003,397.34630400000003,2996,877,MED  / 100ms,0.0
2026-09-01T11:56:50.969163,0.2,397.34630400000003,397.34630400000003,2996,877,MED  / 100ms,0.0
2026-09-01T11:56:50.973424,0.2,397.34630400000003,397.34630400000003,2996,877,MED  / 100ms,0.0
2026-09-01T11:56:50.977685,0.2,397.34630400000003,397.34630400000003,2996,877,MED  / 100ms,0.0
2026-09-01T11:56:50.981957,0.2,397.34630400000003,397.34630400000003,2996,877,MED  / 100ms,0.0
2026-09-01T11:56:50.986225,0.2,397.34630400000003,397.34630400000003,2996,877,MED  / 100ms,0.0
2026-09-01T11:56:50.990498,0.2,410.493696,410.493696,3090,898,MED  / 100ms,0.0
2026-09-01T11:56:50.994765,0.2,410.493696,410.493696,3090,898,MED  / 100ms,0.0
2026-09-01T11:56:50.999032,0.2,410.493696,410.493696,3090,898,MED  / 100ms,0.0
2026-09-01T11:56:51.003295,0.2,410.493696,410.493696,3090,898,MED  / 100ms,0.0
2026-09-01T11:56:51.007559,0.2,410.493696,410.493696,3090,898,MED  / 100ms,0.0
2026-09-01T11:56:51.011820,0.2,410.493696,410.493696,3090,898,MED  / 100ms,0.0
2026-09-01T11:56:51.016094,0.2,410.493696,410.493696,3090,898,MED  / 100ms,0.0
2026-09-01T11:56:51.020360,0.2,410.493696,410.493696,3090,898,MED  / 100ms,0.0
2026-09-01T11:56:51.024622,0.2,410.493696,410.493696,3090,898,MED  / 100ms,0.0
2026-09-01T11:56:51.028884,0.2,410.493696,410.493696,3090,898,MED  / 100ms,0.0
2026-09-01T11:56:51.033152,0.2,410.493696,410.493696,3090,898,MED  / 100ms,0.0
2026-09-01T11:56:51.037570,0.2,410.493696,410.493696,3090,898,MED  / 100ms,0.0
2026-09-01T11:56:51.041837,0.2,410.493696,410.493696,3090,898,MED  / 100ms,0.0
2026-09-01T11:56:51.046100,0.2,410.493696,410.493696,3090,898,MED  / 100ms,0.0
2026-09-01T11:56:51.050369,0.2,410.493696,410.493696,3090,898,MED  / 100ms,0.0
2026-09-01T11:56:51.054631,0.2,410.493696,410.493696,3090,898,MED  / 100ms,0.0
2026-09-01T11:56:51.058891,0.2,410.493696,410.493696,3090,898,MED  / 100ms,0.0
2026-09-01T11:56:51.063151,0.2,410.493696,410.493696,3090,898,MED  / 100ms,0.0
2026-09-01T11:56:51.067420,0.2,410.493696,410.493696,3090,898,MED  / 100ms,0.0
2026-09-01T11:56:51.071682,0.2,410.493696,410.493696,3090,898,MED  / 100ms,0.0
2026-09-01T11:56:51.075947,0.2,410.493696,410.493696,3090,898,MED  / 100ms,0.0
2026-09-01T11:56:51.080210,0.2,410.493696,410.493696,3090,898,MED  / 100ms,0.0
2026-09-01T11:56:51.084474,0.2,410.493696,410.493696,3090,898,MED  / 100ms,0.0
2026-09-01T11:56:51.088734,0.2,410.493696,410.493696,3090,898,MED  / 100ms,0.0
2026-09-01T11:56:51.092997,0.2,410.493696,410.493696,3090,906,MED  / 100ms,0.0
2026-09-01T11:56:51.097259,0.2,415.85971199999994,415.85971199999994,3128,906,MED  / 100ms,0.0
2026-09-01T11:56:51.101526,0.2,415.85971199999994,415.85971199999994,3128,906,MED  / 100ms,0.0
2026-09-01T11:56:51.105788,0.2,415.85971199999994,415.85971199999994,3128,906,MED  / 100ms,0.0
2026-09-01T11:56:51.110051,0.2,415.85971199999994,415.85971199999994,3128,906,MED  / 100ms,0.0
2026-09-01T11:56:51.114314,0.2,415.85971199999994,415.85971199999994,3128,906,MED  / 100ms,0.0
2026-09-01T11:56:51.118582,0.2,415.85971199999994,415.85971199999994,3128,906,MED  / 100ms,0.0
2026-09-01T11:56:51.122844,0.2,415.85971199999994,415.85971199999994,3128,906,MED  / 100ms,0.0
2026-09-01T11:56:51.127109,0.2,415.85971199999994,415.85971199999994,3128,906,MED  / 100ms,0.0
2026-09-01T11:56:51.131371,0.2,415.85971199999994,415.85971199999994,3128,906,MED  / 100ms,0.0
2026-09-01T11:56:51.135641,0.2,415.85971199999994,415.85971199999994,3128,906,MED  / 100ms,0.0
2026-09-01T11:56:51.139908,0.2,415.85971199999994,415.85971199999994,3128,906,MED  / 100ms,0.0
2026-09-01T11:56:51.144332,0.2,415.85971199999994,415.85971199999994,3128,906,MED  / 100ms,0.0
2026-09-01T11:56:51.148606,0.2,415.85971199999994,415.85971199999994,3128,906,MED  / 100ms,0.0
2026-09-01T11:56:51.152874,0.2,415.85971199999994,415.85971199999994,3128,906,MED  / 100ms,0.0
2026-09-01T11:56:51.157139,0.2,415.85971199999994,415.85971199999994,3128,906,MED  / 100ms,0.0
2026-09-01T11:56:51.161450,0.2,415.85971199999994,415.85971199999994,3128,906,MED  / 100ms,0.0
2026-09-01T11:56:51.165745,0.2,415.85971199999994,415.85971199999994,3128,906,MED  / 100ms,0.0
2026-09-01T11:56:51.170028,0.2,415.85971199999994,415.85971199999994,3128,906,MED  / 100ms,0.0
2026-09-01T11:56:51.174294,0.2,415.85971199999994,415.85971199999994,3128,906,MED  / 100ms,0.0
2026-09-01T11:56:51.178559,0.2,415.85971199999994,415.85971199999994,3128,906,MED  / 100ms,0.0
2026-09-01T11:56:51.182850,0.2,415.85971199999994,415.85971199999994,3128,906,MED  / 100ms,0.0
2026-09-01T11:56:51.187129,0.2,415.85971199999994,415.85971199999994,3128,906,MED  / 100ms,0.0
2026-09-01T11:56:51.191399,0.2,415.85971199999994,415.85971199999994,3128,906,MED  / 100ms,0.0
2026-09-01T11:56:51.195668,0.2,415.85971199999994,415.85971199999994,3128,906,MED  / 100ms,0.0
2026-09-01T11:56:51.199938,0.2,425.21433599999995,425.21433599999995,3193,918,MED  / 100ms,0.0
2026-09-01T11:56:51.204202,0.2,425.21433599999995,425.21433599999995,3193,918,MED  / 100ms,0.0
2026-09-01T11:56:51.208483,0.2,425.21433599999995,425.21433599999995,3193,918,MED  / 100ms,0.0
2026-09-01T11:56:51.212754,0.2,425.21433599999995,425.21433599999995,3193,918,MED  / 100ms,0.0
2026-09-01T11:56:51.217026,0.2,425.21433599999995,425.21433599999995,3193,918,MED  / 100ms,0.0
2026-09-01T11:56:51.221288,0.2,425.21433599999995,425.21433599999995,3193,918,MED  / 100ms,0.0
2026-09-01T11:56:51.225553,0.2,425.21433599999995,425.21433599999995,3193,918,MED  / 100ms,0.0
2026-09-01T11:56:51.229814,0.2,425.21433599999995,425.21433599999995,3193,918,MED  / 100ms,0.0
2026-09-01T11:56:51.234104,0.2,425.21433599999995,425.21433599999995,3193,918,MED  / 100ms,0.0
2026-09-01T11:56:51.238374,0.2,425.21433599999995,425.21433599999995,3193,918,MED  / 100ms,0.0
2026-09-01T11:56:51.242640,0.2,425.21433599999995,425.21433599999995,3193,918,MED  / 100ms,0.0
2026-09-01T11:56:51.247069,0.2,425.21433599999995,425.21433599999995,3193,918,MED  / 100ms,0.0
2026-09-01T11:56:51.251339,0.2,425.21433599999995,425.21433599999995,3193,918,MED  / 100ms,0.0
2026-09-01T11:56:51.255623,0.2,425.21433599999995,425.21433599999995,3193,918,MED  / 100ms,0.0
2026-09-01T11:56:51.259893,0.2,425.21433599999995,425.21433599999995,3193,918,MED  / 100ms,0.0
2026-09-01T11:56:51.264158,0.2,425.21433599999995,425.21433599999995,3193,918,MED  / 100ms,0.0
2026-09-01T11:56:51.268429,0.2,425.21433599999995,425.21433599999995,3193,918,MED  / 100ms,0.0
2026-09-01T11:56:51.272691,0.2,425.21433599999995,425.21433599999995,3193,918,MED  / 100ms,0.0
2026-09-01T11:56:51.276958,0.2,425.21433599999995,425.21433599999995,3193,918,MED  / 100ms,0.0
2026-09-01T11:56:51.281227,0.2,425.21433599999995,425.21433599999995,3193,918,MED  / 100ms,0.0
2026-09-01T11:56:51.285496,0.2,425.21433599999995,425.21433599999995,3193,918,MED  / 100ms,0.0
2026-09-01T11:56:51.289758,0.2,425.21433599999995,425.21433599999995,3193,918,MED  / 100ms,0.0
2026-09-01T11:56:51.294023,0.2,425.21433599999995,425.21433599999995,3193,918,MED  / 100ms,0.0
2026-09-01T11:56:51.298288,0.2,425.21433599999995,425.21433599999995,3193,918,MED  / 100ms,0.0
2026-09-01T11:56:51.302560,0.2,425.21433599999995,425.21433599999995,3193,923,MED  / 100ms,0.0
2026-09-01T11:56:51.306825,0.2,429.098496,429.098496,3220,923,MED  / 100ms,0.0
2026-09-01T11:56:51.311086,0.2,429.098496,429.098496,3220,923,MED  / 100ms,0.0
2026-09-01T11:56:51.315353,0.2,429.098496,429.098496,3220,923,MED  / 100ms,0.0
2026-09-01T11:56:51.319619,0.2,429.098496,429.098496,3220,923,MED  / 100ms,0.0
2026-09-01T11:56:51.323880,0.2,429.098496,429.098496,3220,923,MED  / 100ms,0.0
2026-09-01T11:56:51.328145,0.2,429.098496,429.098496,3220,923,MED  / 100ms,0.0
2026-09-01T11:56:51.332415,0.2,429.098496,429.098496,3220,923,MED  / 100ms,0.0
2026-09-01T11:56:51.336677,0.2,429.098496,429.098496,3220,923,MED  / 100ms,0.0
2026-09-01T11:56:51.340939,0.2,429.098496,429.098496,3220,923,MED  / 100ms,0.0
2026-09-01T11:56:51.345202,0.2,429.098496,429.098496,3220,923,MED  / 100ms,0.0
2026-09-01T11:56:51.349638,0.2,429.098496,429.098496,3220,923,MED  / 100ms,0.0
2026-09-01T11:56:51.353902,0.2,429.098496,429.098496,3220,923,MED  / 100ms,0.0
2026-09-01T11:56:51.358168,0.2,429.098496,429.098496,3220,923,MED  / 100ms,0.0
2026-09-01T11:56:51.362428,0.2,429.098496,429.098496,3220,923,MED  / 100ms,0.0
2026-09-01T11:56:51.366697,0.2,429.098496,429.098496,3220,923,MED  / 100ms,0.0
2026-09-01T11:56:51.370955,0.2,429.098496,429.098496,3220,923,MED  / 100ms,0.0
2026-09-01T11:56:51.375216,0.2,429.098496,429.098496,3220,923,MED  / 100ms,0.0
2026-09-01T11:56:51.379483,0.2,429.098496,429.098496,3220,923,MED  / 100ms,0.0
2026-09-01T11:56:51.383755,0.2,429.098496,429.098496,3220,923,MED  / 100ms,0.0
2026-09-01T11:56:51.388019,0.2,429.098496,429.098496,3220,923,MED  / 100ms,0.0
2026-09-01T11:56:51.392283,0.2,429.098496,429.098496,3220,923,MED  / 100ms,0.0
2026-09-01T11:56:51.396542,0.2,429.098496,429.098496,3220,923,MED  / 100ms,0.0
2026-09-01T11:56:51.400808,0.2,429.098496,429.098496,3220,923,MED  / 100ms,0.0
2026-09-01T11:56:51.405070,0.2,429.098496,429.098496,3220,923,MED  / 100ms,0.0
2026-09-01T11:56:51.409331,0.2,425.260032,425.260032,3192,916,MED  / 100ms,0.0
2026-09-01T11:56:51.413591,0.2,425.260032,425.260032,3192,916,MED  / 100ms,0.0
2026-09-01T11:56:51.417857,0.2,425.260032,425.260032,3192,916,MED  / 100ms,0.0
2026-09-01T11:56:51.422116,0.2,425.260032,425.260032,3192,916,MED  / 100ms,0.0
2026-09-01T11:56:51.426377,0.2,425.260032,425.260032,3192,916,MED  / 100ms,0.0
2026-09-01T11:56:51.430638,0.2,425.260032,425.260032,3192,916,MED  / 100ms,0.0
2026-09-01T11:56:51.434901,0.2,425.260032,425.260032,3192,916,MED  / 100ms,0.0
2026-09-01T11:56:51.439162,0.2,425.260032,425.260032,3192,916,MED  / 100ms,0.0
2026-09-01T11:56:51.443423,0.2,425.260032,425.260032,3192,916,MED  / 100ms,0.0
2026-09-01T11:56:51.447685,0.2,425.260032,425.260032,3192,916,MED  / 100ms,0.0
2026-09-01T11:56:51.452114,0.2,425.260032,425.260032,3192,916,MED  / 100ms,0.0
2026-09-01T11:56:51.456380,0.2,425.260032,425.260032,3192,916,MED  / 100ms,0.0
2026-09-01T11:56:51.460642,0.2,425.260032,425.260032,3192,916,MED  / 100ms,0.0
2026-09-01T11:56:51.464908,0.2,425.260032,425.260032,3192,916,MED  / 100ms,0.0
2026-09-01T11:56:51.469174,0.2,425.260032,425.260032,3192,916,MED  / 100ms,0.0
2026-09-01T11:56:51.473437,0.2,425.260032,425.260032,3192,916,MED  / 100ms,0.0
2026-09-01T11:56:51.477700,0.2,425.260032,425.260032,3192,916,MED  / 100ms,0.0
2026-09-01T11:56:51.481973,0.2,425.260032,425.260032,3192,916,MED  / 100ms,0.0
2026-09-01T11:56:51.486239,0.2,425.260032,425.260032,3192,916,MED  / 100ms,0.0
2026-09-01T11:56:51.490501,0.2,425.260032,425.260032,3192,916,MED  / 100ms,0.0
2026-09-01T11:56:51.494764,0.2,425.260032,425.260032,3192,916,MED  / 100ms,0.0
2026-09-01T11:56:51.499032,0.2,425.260032,425.260032,3192,916,MED  / 100ms,0.0
2026-09-01T11:56:51.503293,0.2,425.260032,425.260032,3192,916,MED  / 100ms,0.0
2026-09-01T11:56:51.507558,0.2,425.260032,425.260032,3192,916,MED  / 100ms,0.0
2026-09-01T11:56:51.511825,0.2,425.260032,425.260032,3192,912,MED  / 100ms,0.0
2026-09-01T11:56:51.516093,0.2,423.229824,423.229824,3177,912,MED  / 100ms,0.0
2026-09-01T11:56:51.520358,0.2,423.229824,423.229824,3177,912,MED  / 100ms,0.0
2026-09-01T11:56:51.524621,0.2,423.229824,423.229824,3177,912,MED  / 100ms,0.0
2026-09-01T11:56:51.528884,0.2,423.229824,423.229824,3177,912,MED  / 100ms,0.0
2026-09-01T11:56:51.533151,0.2,423.229824,423.229824,3177,912,MED  / 100ms,0.0
2026-09-01T11:56:51.537413,0.2,423.229824,423.229824,3177,912,MED  / 100ms,0.0
2026-09-01T11:56:51.541678,0.2,423.229824,423.229824,3177,912,MED  / 100ms,0.0
2026-09-01T11:56:51.545938,0.2,423.229824,423.229824,3177,912,MED  / 100ms,0.0
2026-09-01T11:56:51.550208,0.2,423.229824,423.229824,3177,912,MED  / 100ms,0.0
2026-09-01T11:56:51.554475,0.2,423.229824,423.229824,3177,912,MED  / 100ms,0.0
2026-09-01T11:56:51.558896,0.2,423.229824,423.229824,3177,912,MED  / 100ms,0.0
2026-09-01T11:56:51.563156,0.2,423.229824,423.229824,3177,912,MED  / 100ms,0.0
2026-09-01T11:56:51.567421,0.2,423.229824,423.229824,3177,912,MED  / 100ms,0.0
2026-09-01T11:56:51.571682,0.2,423.229824,423.229824,3177,912,MED  / 100ms,0.0
2026-09-01T11:56:51.575944,0.2,423.229824,423.229824,3177,912,MED  / 100ms,0.0
2026-09-01T11:56:51.580206,0.2,423.229824,423.229824,3177,912,MED  / 100ms,0.0
2026-09-01T11:56:51.584473,0.2,423.229824,423.229824,3177,912,MED  / 100ms,0.0
2026-09-01T11:56:51.588733,0.2,423.229824,423.229824,3177,912,MED  / 100ms,0.0
2026-09-01T11:56:51.592999,0.2,423.229824,423.229824,3177,912,MED  / 100ms,0.0
2026-09-01T11:56:51.597267,0.2,423.229824,423.229824,3177,912,MED  / 100ms,0.0
2026-09-01T11:56:51.601536,0.2,423.229824,423.229824,3177,912,MED  / 100ms,0.0
2026-09-01T11:56:51.605796,0.2,423.229824,423.229824,3177,912,MED  / 100ms,0.0
2026-09-01T11:56:51.610064,0.2,423.229824,423.229824,3177,912,MED  / 100ms,0.0
2026-09-01T11:56:51.614325,0.2,423.229824,423.229824,3177,912,MED  / 100ms,0.0
2026-09-01T11:56:51.618593,0.2,424.267776,424.267776,3184,913,MED  / 100ms,0.0
2026-09-01T11:56:51.622854,0.2,424.267776,424.267776,3184,913,MED  / 100ms,0.0
2026-09-01T11:56:51.627115,0.2,424.267776,424.267776,3184,913,MED  / 100ms,0.0
2026-09-01T11:56:51.631376,0.2,424.267776,424.267776,3184,913,MED  / 100ms,0.0
2026-09-01T11:56:51.635641,0.2,424.267776,424.267776,3184,913,MED  / 100ms,0.0
2026-09-01T11:56:51.639900,0.2,424.267776,424.267776,3184,913,MED  / 100ms,0.0
2026-09-01T11:56:51.644163,0.2,424.267776,424.267776,3184,913,MED  / 100ms,0.0
2026-09-01T11:56:51.648430,0.2,424.267776,424.267776,3184,913,MED  / 100ms,0.0
2026-09-01T11:56:51.652694,0.2,424.267776,424.267776,3184,913,MED  / 100ms,0.0
2026-09-01T11:56:51.656957,0.2,424.267776,424.267776,3184,913,MED  / 100ms,0.0
2026-09-01T11:56:51.661391,0.2,424.267776,424.267776,3184,913,MED  / 100ms,0.0
2026-09-01T11:56:51.665672,0.2,424.267776,424.267776,3184,913,MED  / 100ms,0.0
2026-09-01T11:56:51.669934,0.2,424.267776,424.267776,3184,913,MED  / 100ms,0.0
2026-09-01T11:56:51.674206,0.2,424.267776,424.267776,3184,913,MED  / 100ms,0.0
2026-09-01T11:56:51.678475,0.2,424.267776,424.267776,3184,913,MED  / 100ms,0.0
2026-09-01T11:56:51.682741,0.2,424.267776,424.267776,3184,913,MED  / 100ms,0.0
2026-09-01T11:56:51.687012,0.2,424.267776,424.267776,3184,913,MED  / 100ms,0.0
2026-09-01T11:56:51.691278,0.2,424.267776,424.267776,3184,913,MED  / 100ms,0.0
2026-09-01T11:56:51.695549,0.2,424.267776,424.267776,3184,913,MED  / 100ms,0.0
2026-09-01T11:56:51.699816,0.2,424.267776,424.267776,3184,913,MED  / 100ms,0.0
2026-09-01T11:56:51.704079,0.2,424.267776,424.267776,3184,913,MED  / 100ms,0.0
2026-09-01T11:56:51.708340,0.2,424.267776,424.267776,3184,913,MED  / 100ms,0.0
2026-09-01T11:56:51.712614,0.2,424.267776,424.267776,3184,913,MED  / 100ms,0.0
2026-09-01T11:56:51.716882,0.2,424.267776,424.267776,3184,913,MED  / 100ms,0.0
2026-09-01T11:56:51.721143,0.2,424.267776,424.267776,3184,919,MED  / 100ms,0.0
2026-09-01T11:56:51.725404,0.2,428.863488,428.863488,3216,919,MED  / 100ms,0.0
2026-09-01T11:56:51.729669,0.2,428.863488,428.863488,3216,919,MED  / 100ms,0.0
2026-09-01T11:56:51.733934,0.2,428.863488,428.863488,3216,919,MED  / 100ms,0.0
2026-09-01T11:56:51.738205,0.2,428.863488,428.863488,3216,919,MED  / 100ms,0.0
2026-09-01T11:56:51.742469,0.2,428.863488,428.863488,3216,919,MED  / 100ms,0.0
2026-09-01T11:56:51.746735,0.2,428.863488,428.863488,3216,919,MED  / 100ms,0.0
2026-09-01T11:56:51.751008,0.2,428.863488,428.863488,3216,919,MED  / 100ms,0.0
2026-09-01T11:56:51.755269,0.2,428.863488,428.863488,3216,919,MED  / 100ms,0.0
2026-09-01T11:56:51.759540,0.2,428.863488,428.863488,3216,919,MED  / 100ms,0.0
2026-09-01T11:56:51.763972,0.2,428.863488,428.863488,3216,919,MED  / 100ms,0.0
2026-09-01T11:56:51.768243,0.2,428.863488,428.863488,3216,919,MED  / 100ms,0.0
2026-09-01T11:56:51.772506,0.2,428.863488,428.863488,3216,919,MED  / 100ms,0.0
2026-09-01T11:56:51.776769,0.2,428.863488,428.863488,3216,919,MED  / 100ms,0.0
2026-09-01T11:56:51.781028,0.2,428.863488,428.863488,3216,919,MED  / 100ms,0.0
2026-09-01T11:56:51.785294,0.2,428.863488,428.863488,3216,919,MED  / 100ms,0.0
2026-09-01T11:56:51.789560,0.2,428.863488,428.863488,3216,919,MED  / 100ms,0.0
2026-09-01T11:56:51.793819,0.2,428.863488,428.863488,3216,919,MED  / 100ms,0.0
2026-09-01T11:56:51.798085,0.2,428.863488,428.863488,3216,919,MED  / 100ms,0.0
2026-09-01T11:56:51.802350,0.2,428.863488,428.863488,3216,919,MED  / 100ms,0.0
2026-09-01T11:56:51.806610,0.2,428.863488,428.863488,3216,919,MED  / 100ms,0.0
2026-09-01T11:56:51.810872,0.2,428.863488,428.863488,3216,919,MED  / 100ms,0.0
2026-09-01T11:56:51.815138,0.2,428.863488,428.863488,3216,919,MED  / 100ms,0.0
2026-09-01T11:56:51.819407,0.2,428.863488,428.863488,3216,919,MED  / 100ms,0.0
2026-09-01T11:56:51.823668,0.2,428.863488,428.863488,3216,919,MED  / 100ms,0.0
2026-09-01T11:56:51.827930,0.2,427.60358399999996,427.60358399999996,3207,917,MED  / 100ms,0.0
2026-09-01T11:56:51.832198,0.2,427.60358399999996,427.60358399999996,3207,917,MED  / 100ms,0.0
2026-09-01T11:56:51.836460,0.2,427.60358399999996,427.60358399999996,3207,917,MED  / 100ms,0.0
2026-09-01T11:56:51.840720,0.2,427.60358399999996,427.60358399999996,3207,917,MED  / 100ms,0.0
2026-09-01T11:56:51.844983,0.2,427.60358399999996,427.60358399999996,3207,917,MED  / 100ms,0.0
2026-09-01T11:56:51.849248,0.2,427.60358399999996,427.60358399999996,3207,917,MED  / 100ms,0.0
2026-09-01T11:56:51.853509,0.2,427.60358399999996,427.60358399999996,3207,917,MED  / 100ms,0.0
2026-09-01T11:56:51.857768,0.2,427.60358399999996,427.60358399999996,3207,917,MED  / 100ms,0.0
2026-09-01T11:56:51.862030,0.2,427.60358399999996,427.60358399999996,3207,917,MED  / 100ms,0.0
2026-09-01T11:56:51.866459,0.2,427.60358399999996,427.60358399999996,3207,917,MED  / 100ms,0.0
2026-09-01T11:56:51.870728,0.2,427.60358399999996,427.60358399999996,3207,917,MED  / 100ms,0.0
2026-09-01T11:56:51.874990,0.2,427.60358399999996,427.60358399999996,3207,917,MED  / 100ms,0.0
2026-09-01T11:56:51.879254,0.2,427.60358399999996,427.60358399999996,3207,917,MED  / 100ms,0.0
2026-09-01T11:56:51.883521,0.2,427.60358399999996,427.60358399999996,3207,917,MED  / 100ms,0.0
2026-09-01T11:56:51.887786,0.2,427.60358399999996,427.60358399999996,3207,917,MED  / 100ms,0.0
2026-09-01T11:56:51.892049,0.2,427.60358399999996,427.60358399999996,3207,917,MED  / 100ms,0.0
2026-09-01T11:56:51.896312,0.2,427.60358399999996,427.60358399999996,3207,917,MED  / 100ms,0.0
2026-09-01T11:56:51.900580,0.2,427.60358399999996,427.60358399999996,3207,917,MED  / 100ms,0.0
2026-09-01T11:56:51.904845,0.2,427.60358399999996,427.60358399999996,3207,917,MED  / 100ms,0.0
2026-09-01T11:56:51.909107,0.2,427.60358399999996,427.60358399999996,3207,917,MED  / 100ms,0.0
2026-09-01T11:56:51.913368,0.2,427.60358399999996,427.60358399999996,3207,917,MED  / 100ms,0.0
2026-09-01T11:56:51.917635,0.2,427.60358399999996,427.60358399999996,3207,917,MED  / 100ms,0.0
2026-09-01T11:56:51.921898,0.2,427.60358399999996,427.60358399999996,3207,917,MED  / 100ms,0.0
2026-09-01T11:56:51.926157,0.2,427.60358399999996,427.60358399999996,3207,917,MED  / 100ms,0.0
2026-09-01T11:56:51.930421,0.2,427.60358399999996,427.60358399999996,3207,910,MED  / 100ms,0.0
2026-09-01T11:56:51.934688,0.2,423.60192,423.60192,3178,910,MED  / 100ms,0.0
2026-09-01T11:56:51.938951,0.2,423.60192,423.60192,3178,910,MED  / 100ms,0.0
2026-09-01T11:56:51.943210,0.2,423.60192,423.60192,3178,910,MED  / 100ms,0.0
2026-09-01T11:56:51.947469,0.2,423.60192,423.60192,3178,910,MED  / 100ms,0.0
2026-09-01T11:56:51.951733,0.2,423.60192,423.60192,3178,910,MED  / 100ms,0.0
2026-09-01T11:56:51.955993,0.2,423.60192,423.60192,3178,910,MED  / 100ms,0.0
2026-09-01T11:56:51.960253,0.2,423.60192,423.60192,3178,910,MED  / 100ms,0.0
2026-09-01T11:56:51.964519,0.2,423.60192,423.60192,3178,910,MED  / 100ms,0.0
2026-09-01T11:56:51.968787,0.2,423.60192,423.60192,3178,910,MED  / 100ms,0.0
2026-09-01T11:56:51.973208,0.2,423.60192,423.60192,3178,910,MED  / 100ms,0.0
2026-09-01T11:56:51.977471,0.2,423.60192,423.60192,3178,910,MED  / 100ms,0.0
2026-09-01T11:56:51.981737,0.2,423.60192,423.60192,3178,910,MED  / 100ms,0.0
2026-09-01T11:56:51.986004,0.2,423.60192,423.60192,3178,910,MED  / 100ms,0.0
2026-09-01T11:56:51.990262,0.2,423.60192,423.60192,3178,910,MED  / 100ms,0.0
2026-09-01T11:56:51.994525,0.2,423.60192,423.60192,3178,910,MED  / 100ms,0.0
2026-09-01T11:56:51.998793,0.2,423.60192,423.60192,3178,910,MED  / 100ms,0.0
2026-09-01T11:56:52.003055,0.2,423.60192,423.60192,3178,910,MED  / 100ms,0.0
2026-09-01T11:56:52.007317,0.2,423.60192,423.60192,3178,910,MED  / 100ms,0.0
2026-09-01T11:56:52.011579,0.2,423.60192,423.60192,3178,910,MED  / 100ms,0.0
2026-09-01T11:56:52.015851,0.2,423.60192,423.60192,3178,910,MED  / 100ms,0.0
2026-09-01T11:56:52.020111,0.2,423.60192,423.60192,3178,910,MED  / 100ms,0.0
2026-09-01T11:56:52.024372,0.2,423.60192,423.60192,3178,910,MED  / 100ms,0.0
2026-09-01T11:56:52.028633,0.2,423.60192,423.60192,3178,910,MED  / 100ms,0.0
2026-09-01T11:56:52.032896,0.2,423.60192,423.60192,3178,910,MED  / 100ms,0.0
2026-09-01T11:56:52.037156,0.2,422.60966399999995,422.60966399999995,3170,907,MED  / 100ms,0.0
2026-09-01T11:56:52.041417,0.2,422.60966399999995,422.60966399999995,3170,907,MED  / 100ms,0.0
2026-09-01T11:56:52.045676,0.2,422.60966399999995,422.60966399999995,3170,907,MED  / 100ms,0.0
2026-09-01T11:56:52.049952,0.2,422.60966399999995,422.60966399999995,3170,907,MED  / 100ms,0.0
2026-09-01T11:56:52.054215,0.2,422.60966399999995,422.60966399999995,3170,907,MED  / 100ms,0.0
2026-09-01T11:56:52.058482,0.2,422.60966399999995,422.60966399999995,3170,907,MED  / 100ms,0.0
2026-09-01T11:56:52.062745,0.2,422.60966399999995,422.60966399999995,3170,907,MED  / 100ms,0.0
2026-09-01T11:56:52.067012,0.2,422.60966399999995,422.60966399999995,3170,907,MED  / 100ms,0.0
2026-09-01T11:56:52.071274,0.2,422.60966399999995,422.60966399999995,3170,907,MED  / 100ms,0.0
2026-09-01T11:56:52.075698,0.2,422.60966399999995,422.60966399999995,3170,907,MED  / 100ms,0.0
2026-09-01T11:56:52.079961,0.2,422.60966399999995,422.60966399999995,3170,907,MED  / 100ms,0.0
2026-09-01T11:56:52.084228,0.2,422.60966399999995,422.60966399999995,3170,907,MED  / 100ms,0.0
2026-09-01T11:56:52.088492,0.2,422.60966399999995,422.60966399999995,3170,907,MED  / 100ms,0.0
2026-09-01T11:56:52.092752,0.2,422.60966399999995,422.60966399999995,3170,907,MED  / 100ms,0.0
2026-09-01T11:56:52.097018,0.2,422.60966399999995,422.60966399999995,3170,907,MED  / 100ms,0.0
2026-09-01T11:56:52.101289,0.2,422.60966399999995,422.60966399999995,3170,907,MED  / 100ms,0.0
2026-09-01T11:56:52.105552,0.2,422.60966399999995,422.60966399999995,3170,907,MED  / 100ms,0.0
2026-09-01T11:56:52.109816,0.2,422.60966399999995,422.60966399999995,3170,907,MED  / 100ms,0.0
2026-09-01T11:56:52.114081,0.2,422.60966399999995,422.60966399999995,3170,907,MED  / 100ms,0.0
2026-09-01T11:56:52.118345,0.2,422.60966399999995,422.60966399999995,3170,907,MED  / 100ms,0.0
2026-09-01T11:56:52.122608,0.2,422.60966399999995,422.60966399999995,3170,907,MED  / 100ms,0.0
2026-09-01T11:56:52.126871,0.2,422.60966399999995,422.60966399999995,3170,907,MED  / 100ms,0.0
2026-09-01T11:56:52.131134,0.2,422.60966399999995,422.60966399999995,3170,907,MED  / 100ms,0.0
2026-09-01T11:56:52.135402,0.2,422.60966399999995,422.60966399999995,3170,907,MED  / 100ms,0.0
2026-09-01T11:56:52.139660,0.2,422.60966399999995,422.60966399999995,3170,903,MED  / 100ms,0.0
2026-09-01T11:56:52.143920,0.2,422.21145599999994,422.21145599999994,3165,903,MED  / 100ms,0.0
2026-09-01T11:56:52.148187,0.2,422.21145599999994,422.21145599999994,3165,903,MED  / 100ms,0.0
2026-09-01T11:56:52.152453,0.2,422.21145599999994,422.21145599999994,3165,903,MED  / 100ms,0.0
2026-09-01T11:56:52.156711,0.2,422.21145599999994,422.21145599999994,3165,903,MED  / 100ms,0.0
2026-09-01T11:56:52.161011,0.2,422.21145599999994,422.21145599999994,3165,903,MED  / 100ms,0.0
2026-09-01T11:56:52.165291,0.2,422.21145599999994,422.21145599999994,3165,903,MED  / 100ms,0.0
2026-09-01T11:56:52.169581,0.2,422.21145599999994,422.21145599999994,3165,903,MED  / 100ms,0.0
2026-09-01T11:56:52.173852,0.2,422.21145599999994,422.21145599999994,3165,903,MED  / 100ms,0.0
2026-09-01T11:56:52.178284,0.2,422.21145599999994,422.21145599999994,3165,903,MED  / 100ms,0.0
2026-09-01T11:56:52.182557,0.2,422.21145599999994,422.21145599999994,3165,903,MED  / 100ms,0.0
2026-09-01T11:56:52.186820,0.2,422.21145599999994,422.21145599999994,3165,903,MED  / 100ms,0.0
2026-09-01T11:56:52.191085,0.2,422.21145599999994,422.21145599999994,3165,903,MED  / 100ms,0.0
2026-09-01T11:56:52.195354,0.2,422.21145599999994,422.21145599999994,3165,903,MED  / 100ms,0.0
2026-09-01T11:56:52.199620,0.2,422.21145599999994,422.21145599999994,3165,903,MED  / 100ms,0.0
2026-09-01T11:56:52.203884,0.2,422.21145599999994,422.21145599999994,3165,903,MED  / 100ms,0.0
2026-09-01T11:56:52.208149,0.2,422.21145599999994,422.21145599999994,3165,903,MED  / 100ms,0.0
2026-09-01T11:56:52.212410,0.2,422.21145599999994,422.21145599999994,3165,903,MED  / 100ms,0.0
2026-09-01T11:56:52.216681,0.2,422.21145599999994,422.21145599999994,3165,903,MED  / 100ms,0.0
2026-09-01T11:56:52.220945,0.2,422.21145599999994,422.21145599999994,3165,903,MED  / 100ms,0.0
2026-09-01T11:56:52.225209,0.2,422.21145599999994,422.21145599999994,3165,903,MED  / 100ms,0.0
2026-09-01T11:56:52.229472,0.2,422.21145599999994,422.21145599999994,3165,903,MED  / 100ms,0.0
2026-09-01T11:56:52.233739,0.2,422.21145599999994,422.21145599999994,3165,903,MED  / 100ms,0.0
2026-09-01T11:56:52.238009,0.2,422.21145599999994,422.21145599999994,3165,903,MED  / 100ms,0.0
2026-09-01T11:56:52.242299,0.2,422.21145599999994,422.21145599999994,3165,903,MED  / 100ms,0.0
2026-09-01T11:56:52.246572,0.2,422.40729600000003,422.40729600000003,3163,898,MED  / 100ms,0.0
2026-09-01T11:56:52.250844,0.2,422.40729600000003,422.40729600000003,3163,898,MED  / 100ms,0.0
2026-09-01T11:56:52.255108,0.2,422.40729600000003,422.40729600000003,3163,898,MED  / 100ms,0.0
2026-09-01T11:56:52.259368,0.2,422.40729600000003,422.40729600000003,3163,898,MED  / 100ms,0.0
2026-09-01T11:56:52.263638,0.2,422.40729600000003,422.40729600000003,3163,898,MED  / 100ms,0.0
2026-09-01T11:56:52.267906,0.2,422.40729600000003,422.40729600000003,3163,898,MED  / 100ms,0.0
2026-09-01T11:56:52.272170,0.2,422.40729600000003,422.40729600000003,3163,898,MED  / 100ms,0.0
2026-09-01T11:56:52.276434,0.2,422.40729600000003,422.40729600000003,3163,898,MED  / 100ms,0.0
2026-09-01T11:56:52.280862,0.2,422.40729600000003,422.40729600000003,3163,898,MED  / 100ms,0.0
2026-09-01T11:56:52.285148,0.2,422.40729600000003,422.40729600000003,3163,898,MED  / 100ms,0.0
2026-09-01T11:56:52.289413,0.2,422.40729600000003,422.40729600000003,3163,898,MED  / 100ms,0.0
2026-09-01T11:56:52.293677,0.2,422.40729600000003,422.40729600000003,3163,898,MED  / 100ms,0.0
2026-09-01T11:56:52.297950,0.2,422.40729600000003,422.40729600000003,3163,898,MED  / 100ms,0.0
2026-09-01T11:56:52.302220,0.2,422.40729600000003,422.40729600000003,3163,898,MED  / 100ms,0.0
2026-09-01T11:56:52.306487,0.2,422.40729600000003,422.40729600000003,3163,898,MED  / 100ms,0.0
2026-09-01T11:56:52.310751,0.2,422.40729600000003,422.40729600000003,3163,898,MED  / 100ms,0.0
2026-09-01T11:56:52.315020,0.2,422.40729600000003,422.40729600000003,3163,898,MED  / 100ms,0.0
2026-09-01T11:56:52.319287,0.2,422.40729600000003,422.40729600000003,3163,898,MED  / 100ms,0.0
2026-09-01T11:56:52.323553,0.2,422.40729600000003,422.40729600000003,3163,898,MED  / 100ms,0.0
2026-09-01T11:56:52.327815,0.2,422.40729600000003,422.40729600000003,3163,898,MED  / 100ms,0.0
2026-09-01T11:56:52.332088,0.2,422.40729600000003,422.40729600000003,3163,898,MED  / 100ms,0.0
2026-09-01T11:56:52.336352,0.2,422.40729600000003,422.40729600000003,3163,898,MED  / 100ms,0.0
2026-09-01T11:56:52.340614,0.2,422.40729600000003,422.40729600000003,3163,898,MED  / 100ms,0.0
2026-09-01T11:56:52.344876,0.2,422.40729600000003,422.40729600000003,3163,898,MED  / 100ms,0.0
2026-09-01T11:56:52.349147,0.2,422.40729600000003,422.40729600000003,3104,883,MED  / 100ms,0.0
2026-09-01T11:56:52.353410,0.2,414.345216,414.345216,3104,883,MED  / 100ms,0.0
2026-09-01T11:56:52.357672,0.2,414.345216,414.345216,3104,883,MED  / 100ms,0.0
2026-09-01T11:56:52.361931,0.2,414.345216,414.345216,3104,883,MED  / 100ms,0.0
2026-09-01T11:56:52.366198,0.2,414.345216,414.345216,3104,883,MED  / 100ms,0.0
2026-09-01T11:56:52.370460,0.2,414.345216,414.345216,3104,883,MED  / 100ms,0.0
2026-09-01T11:56:52.374723,0.2,414.345216,414.345216,3104,883,MED  / 100ms,0.0
2026-09-01T11:56:52.378981,0.2,414.345216,414.345216,3104,883,MED  / 100ms,0.0
2026-09-01T11:56:52.383249,0.2,414.345216,414.345216,3104,883,MED  / 100ms,0.0
2026-09-01T11:56:52.387672,0.2,414.345216,414.345216,3104,883,MED  / 100ms,0.0
2026-09-01T11:56:52.391939,0.2,414.345216,414.345216,3104,883,MED  / 100ms,0.0
2026-09-01T11:56:52.396202,0.2,414.345216,414.345216,3104,883,MED  / 100ms,0.0
2026-09-01T11:56:52.400474,0.2,414.345216,414.345216,3104,883,MED  / 100ms,0.0
2026-09-01T11:56:52.404736,0.2,414.345216,414.345216,3104,883,MED  / 100ms,0.0
2026-09-01T11:56:52.409021,0.2,414.345216,414.345216,3104,883,MED  / 100ms,0.0
2026-09-01T11:56:52.413291,0.2,414.345216,414.345216,3104,883,MED  / 100ms,0.0
2026-09-01T11:56:52.417563,0.2,414.345216,414.345216,3104,883,MED  / 100ms,0.0
2026-09-01T11:56:52.421829,0.2,414.345216,414.345216,3104,883,MED  / 100ms,0.0
2026-09-01T11:56:52.426091,0.2,414.345216,414.345216,3104,883,MED  / 100ms,0.0
2026-09-01T11:56:52.430351,0.2,414.345216,414.345216,3104,883,MED  / 100ms,0.0
2026-09-01T11:56:52.434618,0.2,414.345216,414.345216,3104,883,MED  / 100ms,0.0
2026-09-01T11:56:52.438881,0.2,414.345216,414.345216,3104,883,MED  / 100ms,0.0
2026-09-01T11:56:52.443143,0.2,414.345216,414.345216,3104,883,MED  / 100ms,0.0
2026-09-01T11:56:52.447409,0.2,414.345216,414.345216,3104,883,MED  / 100ms,0.0
2026-09-01T11:56:52.451677,0.2,414.345216,414.345216,3104,883,MED  / 100ms,0.0
2026-09-01T11:56:52.455945,0.2,402.28147199999995,402.28147199999995,3016,861,MED  / 100ms,0.0
2026-09-01T11:56:52.460213,0.2,402.28147199999995,402.28147199999995,3016,861,MED  / 100ms,0.0
2026-09-01T11:56:52.464479,0.2,402.28147199999995,402.28147199999995,3016,861,MED  / 100ms,0.0
2026-09-01T11:56:52.468748,0.2,402.28147199999995,402.28147199999995,3016,861,MED  / 100ms,0.0
2026-09-01T11:56:52.473011,0.2,402.28147199999995,402.28147199999995,3016,861,MED  / 100ms,0.0
2026-09-01T11:56:52.477272,0.2,402.28147199999995,402.28147199999995,3016,861,MED  / 100ms,0.0
2026-09-01T11:56:52.481542,0.2,402.28147199999995,402.28147199999995,3016,861,MED  / 100ms,0.0
2026-09-01T11:56:52.485811,0.2,402.28147199999995,402.28147199999995,3016,861,MED  / 100ms,0.0
2026-09-01T11:56:52.490239,0.2,402.28147199999995,402.28147199999995,3016,861,MED  / 100ms,0.0
2026-09-01T11:56:52.494507,0.2,402.28147199999995,402.28147199999995,3016,861,MED  / 100ms,0.0
2026-09-01T11:56:52.498770,0.2,402.28147199999995,402.28147199999995,3016,861,MED  / 100ms,0.0
2026-09-01T11:56:52.503042,0.2,402.28147199999995,402.28147199999995,3016,861,MED  / 100ms,0.0
2026-09-01T11:56:52.507311,0.2,402.28147199999995,402.28147199999995,3016,861,MED  / 100ms,0.0
2026-09-01T11:56:52.511577,0.2,402.28147199999995,402.28147199999995,3016,861,MED  / 100ms,0.0
2026-09-01T11:56:52.515844,0.2,402.28147199999995,402.28147199999995,3016,861,MED  / 100ms,0.0
2026-09-01T11:56:52.520105,0.2,402.28147199999995,402.28147199999995,3016,861,MED  / 100ms,0.0
2026-09-01T11:56:52.524366,0.2,402.28147199999995,402.28147199999995,3016,861,MED  / 100ms,0.0
2026-09-01T11:56:52.528637,0.2,402.28147199999995,402.28147199999995,3016,861,MED  / 100ms,0.0
2026-09-01T11:56:52.532906,0.2,402.28147199999995,402.28147199999995,3016,861,MED  / 100ms,0.0
2026-09-01T11:56:52.537169,0.2,402.28147199999995,402.28147199999995,3016,861,MED  / 100ms,0.0
2026-09-01T11:56:52.541433,0.2,402.28147199999995,402.28147199999995,3016,861,MED  / 100ms,0.0
2026-09-01T11:56:52.545696,0.2,402.28147199999995,402.28147199999995,3016,861,MED  / 100ms,0.0
2026-09-01T11:56:52.549970,0.2,402.28147199999995,402.28147199999995,3016,861,MED  / 100ms,0.0
2026-09-01T11:56:52.554239,0.2,402.28147199999995,402.28147199999995,3016,861,MED  / 100ms,0.0
2026-09-01T11:56:52.558503,0.2,402.28147199999995,402.28147199999995,2847,819,MED  / 100ms,0.0
2026-09-01T11:56:52.562766,0.2,379.087488,379.087488,2847,819,MED  / 100ms,0.0
2026-09-01T11:56:52.567030,0.2,379.087488,379.087488,2847,819,MED  / 100ms,0.0
2026-09-01T11:56:52.571290,0.2,379.087488,379.087488,2847,819,MED  / 100ms,0.0
2026-09-01T11:56:52.575560,0.2,379.087488,379.087488,2847,819,MED  / 100ms,0.0
2026-09-01T11:56:52.579823,0.2,379.087488,379.087488,2847,819,MED  / 100ms,0.0
2026-09-01T11:56:52.584089,0.2,379.087488,379.087488,2847,819,MED  / 100ms,0.0
2026-09-01T11:56:52.588352,0.2,379.087488,379.087488,2847,819,MED  / 100ms,0.0
2026-09-01T11:56:52.592777,0.2,379.087488,379.087488,2847,819,MED  / 100ms,0.0
2026-09-01T11:56:52.597041,0.2,379.087488,379.087488,2847,819,MED  / 100ms,0.0
2026-09-01T11:56:52.601307,0.2,379.087488,379.087488,2847,819,MED  / 100ms,0.0
2026-09-01T11:56:52.605570,0.2,379.087488,379.087488,2847,819,MED  / 100ms,0.0
2026-09-01T11:56:52.609828,0.2,379.087488,379.087488,2847,819,MED  / 100ms,0.0
2026-09-01T11:56:52.614094,0.2,379.087488,379.087488,2847,819,MED  / 100ms,0.0
2026-09-01T11:56:52.618358,0.2,379.087488,379.087488,2847,819,MED  / 100ms,0.0
2026-09-01T11:56:52.622619,0.2,379.087488,379.087488,2847,819,MED  / 100ms,0.0
2026-09-01T11:56:52.626879,0.2,379.087488,379.087488,2847,819,MED  / 100ms,0.0
2026-09-01T11:56:52.631143,0.2,379.087488,379.087488,2847,819,MED  / 100ms,0.0
2026-09-01T11:56:52.635409,0.2,379.087488,379.087488,2847,819,MED  / 100ms,0.0
2026-09-01T11:56:52.639669,0.2,379.087488,379.087488,2847,819,MED  / 100ms,0.0
2026-09-01T11:56:52.643927,0.2,379.087488,379.087488,2847,819,MED  / 100ms,0.0
2026-09-01T11:56:52.648194,0.2,379.087488,379.087488,2847,819,MED  / 100ms,0.0
2026-09-01T11:56:52.652462,0.2,379.087488,379.087488,2847,819,MED  / 100ms,0.0
2026-09-01T11:56:52.656724,0.2,379.087488,379.087488,2847,819,MED  / 100ms,0.0
2026-09-01T11:56:52.660985,0.2,379.087488,379.087488,2847,819,MED  / 100ms,0.0
2026-09-01T11:56:52.665249,0.2,318.866688,318.866688,2414,719,MED  / 100ms,0.0
2026-09-01T11:56:52.669508,0.2,318.866688,318.866688,2414,719,MED  / 100ms,0.0
2026-09-01T11:56:52.673770,0.2,318.866688,318.866688,2414,719,MED  / 100ms,0.0
2026-09-01T11:56:52.678034,0.2,318.866688,318.866688,2414,719,MED  / 100ms,0.0
2026-09-01T11:56:52.682302,0.2,318.866688,318.866688,2414,719,MED  / 100ms,0.0
2026-09-01T11:56:52.686563,0.2,318.866688,318.866688,2414,719,MED  / 100ms,0.0
2026-09-01T11:56:52.690821,0.2,318.866688,318.866688,2414,719,MED  / 100ms,0.0
2026-09-01T11:56:52.695254,0.2,318.866688,318.866688,2414,719,MED  / 100ms,0.0
2026-09-01T11:56:52.699527,0.2,318.866688,318.866688,2414,719,MED  / 100ms,0.0
2026-09-01T11:56:52.703789,0.2,318.866688,318.866688,2414,719,MED  / 100ms,0.0
2026-09-01T11:56:52.708055,0.2,318.866688,318.866688,2414,719,MED  / 100ms,0.0
2026-09-01T11:56:52.712316,0.2,318.866688,318.866688,2414,719,MED  / 100ms,0.0
2026-09-01T11:56:52.716579,0.2,318.866688,318.866688,2414,719,MED  / 100ms,0.0
2026-09-01T11:56:52.720842,0.2,318.866688,318.866688,2414,719,MED  / 100ms,0.0
2026-09-01T11:56:52.725104,0.2,318.866688,318.866688,2414,719,MED  / 100ms,0.0
2026-09-01T11:56:52.729367,0.2,318.866688,318.866688,2414,719,MED  / 100ms,0.0
2026-09-01T11:56:52.733635,0.2,318.866688,318.866688,2414,719,MED  / 100ms,0.0
2026-09-01T11:56:52.737896,0.2,318.866688,318.866688,2414,719,MED  / 100ms,0.0
2026-09-01T11:56:52.742155,0.2,318.866688,318.866688,2414,719,MED  / 100ms,0.0
2026-09-01T11:56:52.746417,0.2,318.866688,318.866688,2414,719,MED  / 100ms,0.0
2026-09-01T11:56:52.750684,0.2,318.866688,318.866688,2414,719,MED  / 100ms,0.0
2026-09-01T11:56:52.754943,0.2,318.866688,318.866688,2414,719,MED  / 100ms,0.0
2026-09-01T11:56:52.759204,0.2,318.866688,318.866688,2414,719,MED  / 100ms,0.0
2026-09-01T11:56:52.763464,0.2,318.866688,318.866688,2414,719,MED  / 100ms,0.0
2026-09-01T11:56:52.767733,0.2,318.866688,318.866688,2121,658,MED  / 100ms,0.0
2026-09-01T11:56:52.771996,0.2,277.420416,277.420416,2121,658,MED  / 100ms,0.0
2026-09-01T11:56:52.776258,0.2,277.420416,277.420416,2121,658,MED  / 100ms,0.0
2026-09-01T11:56:52.780523,0.2,277.420416,277.420416,2121,658,MED  / 100ms,0.0
2026-09-01T11:56:52.784787,0.2,277.420416,277.420416,2121,658,MED  / 100ms,0.0
2026-09-01T11:56:52.789045,0.2,277.420416,277.420416,2121,658,MED  / 100ms,0.0
2026-09-01T11:56:52.793310,0.2,277.420416,277.420416,2121,658,MED  / 100ms,0.0
2026-09-01T11:56:52.797575,0.2,277.420416,277.420416,2121,658,MED  / 100ms,0.0
2026-09-01T11:56:52.802005,0.2,277.420416,277.420416,2121,658,MED  / 100ms,0.0
2026-09-01T11:56:52.806276,0.2,277.420416,277.420416,2121,658,MED  / 100ms,0.0
2026-09-01T11:56:52.810538,0.2,277.420416,277.420416,2121,658,MED  / 100ms,0.0
2026-09-01T11:56:52.814805,0.2,277.420416,277.420416,2121,658,MED  / 100ms,0.0
2026-09-01T11:56:52.819074,0.2,277.420416,277.420416,2121,658,MED  / 100ms,0.0
2026-09-01T11:56:52.823336,0.2,277.420416,277.420416,2121,658,MED  / 100ms,0.0
2026-09-01T11:56:52.827598,0.2,277.420416,277.420416,2121,658,MED  / 100ms,0.0
2026-09-01T11:56:52.831862,0.2,277.420416,277.420416,2121,658,MED  / 100ms,0.0
2026-09-01T11:56:52.836124,0.2,277.420416,277.420416,2121,658,MED  / 100ms,0.0
2026-09-01T11:56:52.840382,0.2,277.420416,277.420416,2121,658,MED  / 100ms,0.0
2026-09-01T11:56:52.844645,0.2,277.420416,277.420416,2121,658,MED  / 100ms,0.0
2026-09-01T11:56:52.848916,0.2,277.420416,277.420416,2121,658,MED  / 100ms,0.0
2026-09-01T11:56:52.853177,0.2,277.420416,277.420416,2121,658,MED  / 100ms,0.0
2026-09-01T11:56:52.857441,0.2,277.420416,277.420416,2121,658,MED  / 100ms,0.0
2026-09-01T11:56:52.861700,0.2,277.420416,277.420416,2121,658,MED  / 100ms,0.0
2026-09-01T11:56:52.865970,0.2,277.420416,277.420416,2121,658,MED  / 100ms,0.0
2026-09-01T11:56:52.870234,0.2,277.420416,277.420416,2121,658,MED  / 100ms,0.0
2026-09-01T11:56:52.874500,0.2,253.80864,253.80864,1952,620,MED  / 100ms,0.0
2026-09-01T11:56:52.878764,0.2,253.80864,253.80864,1952,620,MED  / 100ms,0.0
2026-09-01T11:56:52.883029,0.2,253.80864,253.80864,1952,620,MED  / 100ms,0.0
2026-09-01T11:56:52.887294,0.2,253.80864,253.80864,1952,620,MED  / 100ms,0.0
2026-09-01T11:56:52.891557,0.2,253.80864,253.80864,1952,620,MED  / 100ms,0.0
2026-09-01T11:56:52.895821,0.2,253.80864,253.80864,1952,620,MED  / 100ms,0.0
2026-09-01T11:56:52.900088,0.2,253.80864,253.80864,1952,620,MED  / 100ms,0.0
2026-09-01T11:56:52.904526,0.2,253.80864,253.80864,1952,620,MED  / 100ms,0.0
2026-09-01T11:56:52.908788,0.2,253.80864,253.80864,1952,620,MED  / 100ms,0.0
2026-09-01T11:56:52.913052,0.2,253.80864,253.80864,1952,620,MED  / 100ms,0.0
2026-09-01T11:56:52.917318,0.2,253.80864,253.80864,1952,620,MED  / 100ms,0.0
2026-09-01T11:56:52.921579,0.2,253.80864,253.80864,1952,620,MED  / 100ms,0.0
2026-09-01T11:56:52.925841,0.2,253.80864,253.80864,1952,620,MED  / 100ms,0.0
2026-09-01T11:56:52.930104,0.2,253.80864,253.80864,1952,620,MED  / 100ms,0.0
2026-09-01T11:56:52.934365,0.2,253.80864,253.80864,1952,620,MED  / 100ms,0.0
2026-09-01T11:56:52.938627,0.2,253.80864,253.80864,1952,620,MED  / 100ms,0.0
2026-09-01T11:56:52.942890,0.2,253.80864,253.80864,1952,620,MED  / 100ms,0.0
2026-09-01T11:56:52.947152,0.2,253.80864,253.80864,1952,620,MED  / 100ms,0.0
2026-09-01T11:56:52.951418,0.2,253.80864,253.80864,1952,620,MED  / 100ms,0.0
2026-09-01T11:56:52.955678,0.2,253.80864,253.80864,1952,620,MED  / 100ms,0.0
2026-09-01T11:56:52.959941,0.2,253.80864,253.80864,1952,620,MED  / 100ms,0.0
2026-09-01T11:56:52.964204,0.2,253.80864,253.80864,1952,620,MED  / 100ms,0.0
2026-09-01T11:56:52.968471,0.2,253.80864,253.80864,1952,620,MED  / 100ms,0.0
2026-09-01T11:56:52.972730,0.2,253.80864,253.80864,1952,620,MED  / 100ms,0.0
2026-09-01T11:56:52.976991,0.2,253.80864,253.80864,865,306,MED  / 100ms,0.0
2026-09-01T11:56:52.981255,0.2,109.206912,109.206912,865,306,MED  / 100ms,0.0
2026-09-01T11:56:52.985530,0.2,109.206912,109.206912,865,306,MED  / 100ms,0.0
2026-09-01T11:56:52.989795,0.2,109.206912,109.206912,865,306,MED  / 100ms,0.0
2026-09-01T11:56:52.994060,0.2,109.206912,109.206912,865,306,MED  / 100ms,0.0
2026-09-01T11:56:52.998328,0.2,109.206912,109.206912,865,306,MED  / 100ms,0.0
2026-09-01T11:56:53.002591,0.2,109.206912,109.206912,865,306,MED  / 100ms,0.0
2026-09-01T11:56:53.007032,0.2,109.206912,109.206912,865,306,MED  / 100ms,0.0
2026-09-01T11:56:53.011302,0.2,109.206912,109.206912,865,306,MED  / 100ms,0.0
2026-09-01T11:56:53.015572,0.2,109.206912,109.206912,865,306,MED  / 100ms,0.0
2026-09-01T11:56:53.019833,0.2,109.206912,109.206912,865,306,MED  / 100ms,0.0
2026-09-01T11:56:53.024105,0.2,109.206912,109.206912,865,306,MED  / 100ms,0.0
2026-09-01T11:56:53.028373,0.2,109.206912,109.206912,865,306,MED  / 100ms,0.0
2026-09-01T11:56:53.032643,0.2,109.206912,109.206912,865,306,MED  / 100ms,0.0
2026-09-01T11:56:53.036908,0.2,109.206912,109.206912,865,306,MED  / 100ms,0.0
2026-09-01T11:56:53.041174,0.2,109.206912,109.206912,865,306,MED  / 100ms,0.0
2026-09-01T11:56:53.045437,0.2,109.206912,109.206912,865,306,MED  / 100ms,0.0
2026-09-01T11:56:53.049704,0.2,109.206912,109.206912,865,306,MED  / 100ms,0.0
2026-09-01T11:56:53.053974,0.2,109.206912,109.206912,865,306,MED  / 100ms,0.0
2026-09-01T11:56:53.058243,0.2,109.206912,109.206912,865,306,MED  / 100ms,0.0
2026-09-01T11:56:53.062509,0.2,109.206912,109.206912,865,306,MED  / 100ms,0.0
2026-09-01T11:56:53.066781,0.2,109.206912,109.206912,865,306,MED  / 100ms,0.0
2026-09-01T11:56:53.071048,0.2,109.206912,109.206912,865,306,MED  / 100ms,0.0
2026-09-01T11:56:53.075312,0.2,109.206912,109.206912,865,306,MED  / 100ms,0.0
2026-09-01T11:56:53.079580,0.2,109.206912,109.206912,865,306,MED  / 100ms,0.0
2026-09-01T11:56:53.083852,0.2,12.945024000000002,12.945024000000002,135,87,MED  / 100ms,0.0
2026-09-01T11:56:53.088124,0.2,12.945024000000002,12.945024000000002,135,87,MED  / 100ms,0.0
2026-09-01T11:56:53.092393,0.2,12.945024000000002,12.945024000000002,135,87,MED  / 100ms,0.0
2026-09-01T11:56:53.096668,0.2,12.945024000000002,12.945024000000002,135,87,MED  / 100ms,0.0
2026-09-01T11:56:53.100939,0.2,12.945024000000002,12.945024000000002,135,87,MED  / 100ms,0.0
2026-09-01T11:56:53.105212,0.2,12.945024000000002,12.945024000000002,135,87,MED  / 100ms,0.0
2026-09-01T11:56:53.109647,0.2,12.945024000000002,12.945024000000002,135,87,MED  / 100ms,0.0
2026-09-01T11:56:53.113920,0.2,12.945024000000002,12.945024000000002,135,87,MED  / 100ms,0.0
2026-09-01T11:56:53.118203,0.2,12.945024000000002,12.945024000000002,135,87,MED  / 100ms,0.0
2026-09-01T11:56:53.122474,0.2,12.945024000000002,12.945024000000002,135,87,MED  / 100ms,0.0
2026-09-01T11:56:53.126741,0.2,12.945024000000002,12.945024000000002,135,87,MED  / 100ms,0.0
2026-09-01T11:56:53.131013,0.2,12.945024000000002,12.945024000000002,135,87,MED  / 100ms,0.0
2026-09-01T11:56:53.135287,0.2,12.945024000000002,12.945024000000002,135,87,MED  / 100ms,0.0
2026-09-01T11:56:53.139554,0.2,12.945024000000002,12.945024000000002,135,87,MED  / 100ms,0.0
2026-09-01T11:56:53.143817,0.2,12.945024000000002,12.945024000000002,135,87,MED  / 100ms,0.0
2026-09-01T11:56:53.148088,0.2,12.945024000000002,12.945024000000002,135,87,MED  / 100ms,0.0
2026-09-01T11:56:53.152354,0.2,12.945024000000002,12.945024000000002,135,87,MED  / 100ms,0.0
2026-09-01T11:56:53.156619,0.2,12.945024000000002,12.945024000000002,135,87,MED  / 100ms,0.0
2026-09-01T11:56:53.160923,0.2,12.945024000000002,12.945024000000002,135,87,MED  / 100ms,0.0
2026-09-01T11:56:53.165224,0.2,12.945024000000002,12.945024000000002,135,87,MED  / 100ms,0.0
2026-09-01T11:56:53.169516,0.2,12.945024000000002,12.945024000000002,135,87,MED  / 100ms,0.0
2026-09-01T11:56:53.173787,0.2,12.945024000000002,12.945024000000002,135,87,MED  / 100ms,0.0
2026-09-01T11:56:53.178076,0.2,12.945024000000002,12.945024000000002,135,87,MED  / 100ms,0.0
2026-09-01T11:56:53.182355,0.2,12.945024000000002,12.945024000000002,135,87,MED  / 100ms,0.0
2026-09-01T11:56:53.186626,0.2,12.945024000000002,12.945024000000002,152,103,MED  / 100ms,0.0
2026-09-01T11:56:53.190897,0.2,14.048256,14.048256,152,103,MED  / 100ms,0.0
2026-09-01T11:56:53.195168,0.2,14.048256,14.048256,152,103,MED  / 100ms,0.0
2026-09-01T11:56:53.199458,0.2,14.048256,14.048256,152,103,MED  / 100ms,0.0
2026-09-01T11:56:53.203735,0.2,14.048256,14.048256,152,103,MED  / 100ms,0.0
2026-09-01T11:56:53.208004,0.2,14.048256,14.048256,152,103,MED  / 100ms,0.0
2026-09-01T11:56:53.212270,0.2,14.048256,14.048256,152,103,MED  / 100ms,0.0
2026-09-01T11:56:53.216719,0.2,14.048256,14.048256,152,103,MED  / 100ms,0.0
2026-09-01T11:56:53.220985,0.2,14.048256,14.048256,152,103,MED  / 100ms,0.0
2026-09-01T11:56:53.225294,0.2,14.048256,14.048256,152,103,MED  / 100ms,0.0
2026-09-01T11:56:53.229572,0.2,14.048256,14.048256,152,103,MED  / 100ms,0.0
2026-09-01T11:56:53.233848,0.2,14.048256,14.048256,152,103,MED  / 100ms,0.0
2026-09-01T11:56:53.238119,0.2,14.048256,14.048256,152,103,MED  / 100ms,0.0
2026-09-01T11:56:53.242407,0.2,14.048256,14.048256,152,103,MED  / 100ms,0.0
2026-09-01T11:56:53.246697,0.2,14.048256,14.048256,152,103,MED  / 100ms,0.0
2026-09-01T11:56:53.250981,0.2,14.048256,14.048256,152,103,MED  / 100ms,0.0
2026-09-01T11:56:53.255248,0.2,14.048256,14.048256,152,103,MED  / 100ms,0.0
2026-09-01T11:56:53.259514,0.2,14.048256,14.048256,152,103,MED  / 100ms,0.0
2026-09-01T11:56:53.263783,0.2,14.048256,14.048256,152,103,MED  / 100ms,0.0
2026-09-01T11:56:53.268052,0.2,14.048256,14.048256,152,103,MED  / 100ms,0.0
2026-09-01T11:56:53.272337,0.2,14.048256,14.048256,152,103,MED  / 100ms,0.0
2026-09-01T11:56:53.276615,0.2,14.048256,14.048256,152,103,MED  / 100ms,0.0
2026-09-01T11:56:53.280886,0.2,14.048256,14.048256,152,103,MED  / 100ms,0.0
2026-09-01T11:56:53.285158,0.2,14.048256,14.048256,152,103,MED  / 100ms,0.0
2026-09-01T11:56:53.289425,0.2,14.048256,14.048256,152,103,MED  / 100ms,0.0
2026-09-01T11:56:53.293689,0.2,14.49216,14.49216,156,105,MED  / 100ms,0.0
2026-09-01T11:56:53.297973,0.2,14.49216,14.49216,156,105,MED  / 100ms,0.0
2026-09-01T11:56:53.302249,0.2,14.49216,14.49216,156,105,MED  / 100ms,0.0
2026-09-01T11:56:53.306520,0.2,14.49216,14.49216,156,105,MED  / 100ms,0.0
2026-09-01T11:56:53.310786,0.2,14.49216,14.49216,156,105,MED  / 100ms,0.0
2026-09-01T11:56:53.315056,0.2,14.49216,14.49216,156,105,MED  / 100ms,0.0
2026-09-01T11:56:53.319495,0.2,14.49216,14.49216,156,105,MED  / 100ms,0.0
2026-09-01T11:56:53.323770,0.2,14.49216,14.49216,156,105,MED  / 100ms,0.0
2026-09-01T11:56:53.328040,0.2,14.49216,14.49216,156,105,MED  / 100ms,0.0
2026-09-01T11:56:53.332311,0.2,14.49216,14.49216,156,105,MED  / 100ms,0.0
2026-09-01T11:56:53.336577,0.2,14.49216,14.49216,156,105,MED  / 100ms,0.0
2026-09-01T11:56:53.340844,0.2,14.49216,14.49216,156,105,MED  / 100ms,0.0
2026-09-01T11:56:53.345109,0.2,14.49216,14.49216,156,105,MED  / 100ms,0.0
2026-09-01T11:56:53.349380,0.2,14.49216,14.49216,156,105,MED  / 100ms,0.0
2026-09-01T11:56:53.353649,0.2,14.49216,14.49216,156,105,MED  / 100ms,0.0
2026-09-01T11:56:53.357917,0.2,14.49216,14.49216,156,105,MED  / 100ms,0.0
2026-09-01T11:56:53.362185,0.2,14.49216,14.49216,156,105,MED  / 100ms,0.0
2026-09-01T11:56:53.366452,0.2,14.49216,14.49216,156,105,MED  / 100ms,0.0
2026-09-01T11:56:53.370718,0.2,14.49216,14.49216,156,105,MED  / 100ms,0.0
2026-09-01T11:56:53.374986,0.2,14.49216,14.49216,156,105,MED  / 100ms,0.0
2026-09-01T11:56:53.379252,0.2,14.49216,14.49216,156,105,MED  / 100ms,0.0
2026-09-01T11:56:53.383519,0.2,14.49216,14.49216,156,105,MED  / 100ms,0.0
2026-09-01T11:56:53.387787,0.2,14.49216,14.49216,156,105,MED  / 100ms,0.0
2026-09-01T11:56:53.392053,0.2,14.49216,14.49216,156,105,MED  / 100ms,0.0
2026-09-01T11:56:53.396322,0.2,14.49216,14.49216,158,107,MED  / 100ms,0.0
2026-09-01T11:56:53.400599,0.2,14.609664,14.609664,158,107,MED  / 100ms,0.0
2026-09-01T11:56:53.404866,0.2,14.609664,14.609664,158,107,MED  / 100ms,0.0
2026-09-01T11:56:53.409137,0.2,14.609664,14.609664,158,107,MED  / 100ms,0.0
2026-09-01T11:56:53.413399,0.2,14.609664,14.609664,158,107,MED  / 100ms,0.0
2026-09-01T11:56:53.417689,0.2,14.609664,14.609664,158,107,MED  / 100ms,0.0
2026-09-01T11:56:53.422116,0.2,14.609664,14.609664,158,107,MED  / 100ms,0.0
2026-09-01T11:56:53.426385,0.2,14.609664,14.609664,158,107,MED  / 100ms,0.0
2026-09-01T11:56:53.430655,0.2,14.609664,14.609664,158,107,MED  / 100ms,0.0
2026-09-01T11:56:53.434925,0.2,14.609664,14.609664,158,107,MED  / 100ms,0.0
2026-09-01T11:56:53.439190,0.2,14.609664,14.609664,158,107,MED  / 100ms,0.0
2026-09-01T11:56:53.443458,0.2,14.609664,14.609664,158,107,MED  / 100ms,0.0
2026-09-01T11:56:53.447733,0.2,14.609664,14.609664,158,107,MED  / 100ms,0.0
2026-09-01T11:56:53.452002,0.2,14.609664,14.609664,158,107,MED  / 100ms,0.0
2026-09-01T11:56:53.456266,0.2,14.609664,14.609664,158,107,MED  / 100ms,0.0
2026-09-01T11:56:53.460532,0.2,14.609664,14.609664,158,107,MED  / 100ms,0.0
2026-09-01T11:56:53.464801,0.2,14.609664,14.609664,158,107,MED  / 100ms,0.0
2026-09-01T11:56:53.469065,0.2,14.609664,14.609664,158,107,MED  / 100ms,0.0
2026-09-01T11:56:53.473328,0.2,14.609664,14.609664,158,107,MED  / 100ms,0.0
2026-09-01T11:56:53.477594,0.2,14.609664,14.609664,158,107,MED  / 100ms,0.0
2026-09-01T11:56:53.481862,0.2,14.609664,14.609664,158,107,MED  / 100ms,0.0
2026-09-01T11:56:53.486129,0.2,14.609664,14.609664,158,107,MED  / 100ms,0.0
2026-09-01T11:56:53.490397,0.2,14.609664,14.609664,158,107,MED  / 100ms,0.0
2026-09-01T11:56:53.494666,0.2,14.609664,14.609664,158,107,MED  / 100ms,0.0
2026-09-01T11:56:53.498942,0.2,14.609664,14.609664,158,107,MED  / 100ms,0.0
2026-09-01T11:56:53.503211,0.2,14.668416000000002,14.668416000000002,159,108,MED  / 100ms,0.0
2026-09-01T11:56:53.507478,0.2,14.668416000000002,14.668416000000002,159,108,MED  / 100ms,0.0
2026-09-01T11:56:53.511750,0.2,14.668416000000002,14.668416000000002,159,108,MED  / 100ms,0.0
2026-09-01T11:56:53.516023,0.2,14.668416000000002,14.668416000000002,159,108,MED  / 100ms,0.0
2026-09-01T11:56:53.520290,0.2,14.668416000000002,14.668416000000002,159,108,MED  / 100ms,0.0
2026-09-01T11:56:53.524717,0.2,14.668416000000002,14.668416000000002,159,108,MED  / 100ms,0.0
2026-09-01T11:56:53.528992,0.2,14.668416000000002,14.668416000000002,159,108,MED  / 100ms,0.0
2026-09-01T11:56:53.533265,0.2,14.668416000000002,14.668416000000002,159,108,MED  / 100ms,0.0
2026-09-01T11:56:53.537533,0.2,14.668416000000002,14.668416000000002,159,108,MED  / 100ms,0.0
2026-09-01T11:56:53.541802,0.2,14.668416000000002,14.668416000000002,159,108,MED  / 100ms,0.0
2026-09-01T11:56:53.546072,0.2,14.668416000000002,14.668416000000002,159,108,MED  / 100ms,0.0
2026-09-01T11:56:53.550345,0.2,14.668416000000002,14.668416000000002,159,108,MED  / 100ms,0.0
2026-09-01T11:56:53.554612,0.2,14.668416000000002,14.668416000000002,159,108,MED  / 100ms,0.0
2026-09-01T11:56:53.558877,0.2,14.668416000000002,14.668416000000002,159,108,MED  / 100ms,0.0
2026-09-01T11:56:53.563145,0.2,14.668416000000002,14.668416000000002,159,108,MED  / 100ms,0.0
2026-09-01T11:56:53.567416,0.2,14.668416000000002,14.668416000000002,159,108,MED  / 100ms,0.0
2026-09-01T11:56:53.571682,0.2,14.668416000000002,14.668416000000002,159,108,MED  / 100ms,0.0
2026-09-01T11:56:53.575949,0.2,14.668416000000002,14.668416000000002,159,108,MED  / 100ms,0.0
2026-09-01T11:56:53.580214,0.2,14.668416000000002,14.668416000000002,159,108,MED  / 100ms,0.0
2026-09-01T11:56:53.584482,0.2,14.668416000000002,14.668416000000002,159,108,MED  / 100ms,0.0
2026-09-01T11:56:53.588751,0.2,14.668416000000002,14.668416000000002,159,108,MED  / 100ms,0.0
2026-09-01T11:56:53.593015,0.2,14.668416000000002,14.668416000000002,159,108,MED  / 100ms,0.0
2026-09-01T11:56:53.597284,0.2,14.668416000000002,14.668416000000002,159,108,MED  / 100ms,0.0
2026-09-01T11:56:53.601561,0.2,14.668416000000002,14.668416000000002,159,108,MED  / 100ms,0.0
2026-09-01T11:56:53.605827,0.2,14.831616000000002,14.831616000000002,160,108,MED  / 100ms,0.0
2026-09-01T11:56:53.610098,0.2,14.831616000000002,14.831616000000002,160,108,MED  / 100ms,0.0
2026-09-01T11:56:53.614368,0.2,14.831616000000002,14.831616000000002,160,108,MED  / 100ms,0.0
2026-09-01T11:56:53.618641,0.2,14.831616000000002,14.831616000000002,160,108,MED  / 100ms,0.0
2026-09-01T11:56:53.622907,0.2,14.831616000000002,14.831616000000002,160,108,MED  / 100ms,0.0
2026-09-01T11:56:53.627173,0.2,14.831616000000002,14.831616000000002,160,108,MED  / 100ms,0.0
2026-09-01T11:56:53.631612,0.2,14.831616000000002,14.831616000000002,160,108,MED  / 100ms,0.0
2026-09-01T11:56:53.635881,0.2,14.831616000000002,14.831616000000002,160,108,MED  / 100ms,0.0
2026-09-01T11:56:53.640148,0.2,14.831616000000002,14.831616000000002,160,108,MED  / 100ms,0.0
2026-09-01T11:56:53.644414,0.2,14.831616000000002,14.831616000000002,160,108,MED  / 100ms,0.0
2026-09-01T11:56:53.648684,0.2,14.831616000000002,14.831616000000002,160,108,MED  / 100ms,0.0
2026-09-01T11:56:53.652963,0.2,14.831616000000002,14.831616000000002,160,108,MED  / 100ms,0.0
2026-09-01T11:56:53.657235,0.2,14.831616000000002,14.831616000000002,160,108,MED  / 100ms,0.0
2026-09-01T11:56:53.661508,0.2,14.831616000000002,14.831616000000002,160,108,MED  / 100ms,0.0
2026-09-01T11:56:53.665779,0.2,14.831616000000002,14.831616000000002,160,108,MED  / 100ms,0.0
2026-09-01T11:56:53.670047,0.2,14.831616000000002,14.831616000000002,160,108,MED  / 100ms,0.0
2026-09-01T11:56:53.674311,0.2,14.831616000000002,14.831616000000002,160,108,MED  / 100ms,0.0
2026-09-01T11:56:53.678584,0.2,14.831616000000002,14.831616000000002,160,108,MED  / 100ms,0.0
2026-09-01T11:56:53.682853,0.2,14.831616000000002,14.831616000000002,160,108,MED  / 100ms,0.0
2026-09-01T11:56:53.687120,0.2,14.831616000000002,14.831616000000002,160,108,MED  / 100ms,0.0
2026-09-01T11:56:53.691387,0.2,14.831616000000002,14.831616000000002,160,108,MED  / 100ms,0.0
2026-09-01T11:56:53.695654,0.2,14.831616000000002,14.831616000000002,160,108,MED  / 100ms,0.0
2026-09-01T11:56:53.699926,0.2,14.831616000000002,14.831616000000002,160,108,MED  / 100ms,0.0
2026-09-01T11:56:53.704194,0.2,14.831616000000002,14.831616000000002,160,108,MED  / 100ms,0.0
2026-09-01T11:56:53.708466,0.2,14.831616000000002,14.831616000000002,160,108,MED  / 100ms,0.0
2026-09-01T11:56:53.712731,0.2,14.994816000000004,14.994816000000004,161,108,MED  / 100ms,0.0
2026-09-01T11:56:53.717004,0.2,14.994816000000004,14.994816000000004,161,108,MED  / 100ms,0.0
2026-09-01T11:56:53.721272,0.2,14.994816000000004,14.994816000000004,161,108,MED  / 100ms,0.0
2026-09-01T11:56:53.725537,0.2,14.994816000000004,14.994816000000004,161,108,MED  / 100ms,0.0
2026-09-01T11:56:53.729802,0.2,14.994816000000004,14.994816000000004,161,108,MED  / 100ms,0.0
2026-09-01T11:56:53.734236,0.2,14.994816000000004,14.994816000000004,161,108,MED  / 100ms,0.0
2026-09-01T11:56:53.738506,0.2,14.994816000000004,14.994816000000004,161,108,MED  / 100ms,0.0
2026-09-01T11:56:53.742773,0.2,14.994816000000004,14.994816000000004,161,108,MED  / 100ms,0.0
2026-09-01T11:56:53.747041,0.2,14.994816000000004,14.994816000000004,161,108,MED  / 100ms,0.0
2026-09-01T11:56:53.751321,0.2,14.994816000000004,14.994816000000004,161,108,MED  / 100ms,0.0
2026-09-01T11:56:53.755591,0.2,14.994816000000004,14.994816000000004,161,108,MED  / 100ms,0.0
2026-09-01T11:56:53.759860,0.2,14.994816000000004,14.994816000000004,161,108,MED  / 100ms,0.0
2026-09-01T11:56:53.764130,0.2,14.994816000000004,14.994816000000004,161,108,MED  / 100ms,0.0
2026-09-01T11:56:53.768402,0.2,14.994816000000004,14.994816000000004,161,108,MED  / 100ms,0.0
2026-09-01T11:56:53.772667,0.2,14.994816000000004,14.994816000000004,161,108,MED  / 100ms,0.0
2026-09-01T11:56:53.776932,0.2,14.994816000000004,14.994816000000004,161,108,MED  / 100ms,0.0
2026-09-01T11:56:53.781203,0.2,14.994816000000004,14.994816000000004,161,108,MED  / 100ms,0.0
2026-09-01T11:56:53.785469,0.2,14.994816000000004,14.994816000000004,161,108,MED  / 100ms,0.0
2026-09-01T11:56:53.789734,0.2,14.994816000000004,14.994816000000004,161,108,MED  / 100ms,0.0
2026-09-01T11:56:53.794003,0.2,14.994816000000004,14.994816000000004,161,108,MED  / 100ms,0.0
2026-09-01T11:56:53.798270,0.2,14.994816000000004,14.994816000000004,161,108,MED  / 100ms,0.0
2026-09-01T11:56:53.802539,0.2,14.994816000000004,14.994816000000004,161,108,MED  / 100ms,0.0
2026-09-01T11:56:53.806806,0.2,14.994816000000004,14.994816000000004,161,108,MED  / 100ms,0.0
2026-09-01T11:56:53.811073,0.2,14.994816000000004,14.994816000000004,161,108,MED  / 100ms,0.0
2026-09-01T11:56:53.815342,0.2,14.890368,14.890368,161,109,MED  / 100ms,0.0
2026-09-01T11:56:53.819606,0.2,14.890368,14.890368,161,109,MED  / 100ms,0.0
2026-09-01T11:56:53.823871,0.2,14.890368,14.890368,161,109,MED  / 100ms,0.0
2026-09-01T11:56:53.828137,0.2,14.890368,14.890368,161,109,MED  / 100ms,0.0
2026-09-01T11:56:53.832406,0.2,14.890368,14.890368,161,109,MED  / 100ms,0.0
2026-09-01T11:56:53.836831,0.2,14.890368,14.890368,161,109,MED  / 100ms,0.0
2026-09-01T11:56:53.841098,0.2,14.890368,14.890368,161,109,MED  / 100ms,0.0
2026-09-01T11:56:53.845365,0.2,14.890368,14.890368,161,109,MED  / 100ms,0.0
2026-09-01T11:56:53.849636,0.2,14.890368,14.890368,161,109,MED  / 100ms,0.0
2026-09-01T11:56:53.853901,0.2,14.890368,14.890368,161,109,MED  / 100ms,0.0
2026-09-01T11:56:53.858167,0.2,14.890368,14.890368,161,109,MED  / 100ms,0.0
2026-09-01T11:56:53.862433,0.2,14.890368,14.890368,161,109,MED  / 100ms,0.0
2026-09-01T11:56:53.866699,0.2,14.890368,14.890368,161,109,MED  / 100ms,0.0
2026-09-01T11:56:53.870961,0.2,14.890368,14.890368,161,109,MED  / 100ms,0.0
2026-09-01T11:56:53.875226,0.2,14.890368,14.890368,161,109,MED  / 100ms,0.0
2026-09-01T11:56:53.879492,0.2,14.890368,14.890368,161,109,MED  / 100ms,0.0
2026-09-01T11:56:53.883761,0.2,14.890368,14.890368,161,109,MED  / 100ms,0.0
2026-09-01T11:56:53.888025,0.2,14.890368,14.890368,161,109,MED  / 100ms,0.0
2026-09-01T11:56:53.892287,0.2,14.890368,14.890368,161,109,MED  / 100ms,0.0
2026-09-01T11:56:53.896551,0.2,14.890368,14.890368,161,109,MED  / 100ms,0.0
2026-09-01T11:56:53.900823,0.2,14.890368,14.890368,161,109,MED  / 100ms,0.0
2026-09-01T11:56:53.905093,0.2,14.890368,14.890368,161,109,MED  / 100ms,0.0
2026-09-01T11:56:53.909357,0.2,14.890368,14.890368,161,109,MED  / 100ms,0.0
2026-09-01T11:56:53.913624,0.2,14.890368,14.890368,161,109,MED  / 100ms,0.0
2026-09-01T11:56:53.917896,0.2,14.890368,14.890368,161,109,MED  / 100ms,0.0
2026-09-01T11:56:53.922161,0.2,14.890368,14.890368,161,109,MED  / 100ms,0.0
2026-09-01T11:56:53.926428,0.2,14.890368,14.890368,161,109,MED  / 100ms,0.0
2026-09-01T11:56:53.930694,0.2,14.890368,14.890368,161,109,MED  / 100ms,0.0
2026-09-01T11:56:53.934962,0.2,14.890368,14.890368,161,109,MED  / 100ms,0.0
2026-09-01T11:56:53.939389,0.2,14.890368,14.890368,161,109,MED  / 100ms,0.0
2026-09-01T11:56:53.943663,0.2,14.890368,14.890368,161,109,MED  / 100ms,0.0
2026-09-01T11:56:53.947937,0.2,14.890368,14.890368,161,109,MED  / 100ms,0.0
2026-09-01T11:56:53.952203,0.2,14.890368,14.890368,161,109,MED  / 100ms,0.0
2026-09-01T11:56:53.956468,0.2,14.890368,14.890368,161,109,MED  / 100ms,0.0
2026-09-01T11:56:53.960733,0.2,14.890368,14.890368,161,109,MED  / 100ms,0.0
2026-09-01T11:56:53.964998,0.2,14.890368,14.890368,161,109,MED  / 100ms,0.0
2026-09-01T11:56:53.969260,0.2,14.890368,14.890368,161,109,MED  / 100ms,0.0
2026-09-01T11:56:53.973525,0.2,14.890368,14.890368,161,109,MED  / 100ms,0.0
2026-09-01T11:56:53.977790,0.2,14.890368,14.890368,161,109,MED  / 100ms,0.0
2026-09-01T11:56:53.982062,0.2,14.890368,14.890368,161,109,MED  / 100ms,0.0
2026-09-01T11:56:53.986323,0.2,14.890368,14.890368,161,109,MED  / 100ms,0.0
2026-09-01T11:56:53.990586,0.2,14.890368,14.890368,161,109,MED  / 100ms,0.0
2026-09-01T11:56:53.994850,0.2,14.890368,14.890368,161,109,MED  / 100ms,0.0
2026-09-01T11:56:53.999120,0.2,14.890368,14.890368,161,109,MED  / 100ms,0.0
2026-09-01T11:56:54.003385,0.2,14.890368,14.890368,161,109,MED  / 100ms,0.0
2026-09-01T11:56:54.007650,0.2,14.890368,14.890368,161,109,MED  / 100ms,0.0
2026-09-01T11:56:54.011913,0.2,14.890368,14.890368,161,109,MED  / 100ms,0.0
2026-09-01T11:56:54.016183,0.2,14.890368,14.890368,161,109,MED  / 100ms,0.0
2026-09-01T11:56:54.020447,0.2,14.890368,14.890368,161,109,MED  / 100ms,0.0
2026-09-01T11:56:54.024711,0.2,15.053568,15.053568,162,109,MED  / 100ms,0.0
2026-09-01T11:56:54.028975,0.2,15.053568,15.053568,162,109,MED  / 100ms,0.0
2026-09-01T11:56:54.033242,0.2,15.053568,15.053568,162,109,MED  / 100ms,0.0
2026-09-01T11:56:54.037505,0.2,15.053568,15.053568,162,109,MED  / 100ms,0.0
2026-09-01T11:56:54.041772,0.2,15.053568,15.053568,162,109,MED  / 100ms,0.0
2026-09-01T11:56:54.046201,0.2,15.053568,15.053568,162,109,MED  / 100ms,0.0
2026-09-01T11:56:54.050478,0.2,15.053568,15.053568,162,109,MED  / 100ms,0.0
2026-09-01T11:56:54.054747,0.2,15.053568,15.053568,162,109,MED  / 100ms,0.0
2026-09-01T11:56:54.059019,0.2,15.053568,15.053568,162,109,MED  / 100ms,0.0
2026-09-01T11:56:54.063283,0.2,15.053568,15.053568,162,109,MED  / 100ms,0.0
2026-09-01T11:56:54.067557,0.2,15.053568,15.053568,162,109,MED  / 100ms,0.0
2026-09-01T11:56:54.071822,0.2,15.053568,15.053568,162,109,MED  / 100ms,0.0
2026-09-01T11:56:54.076091,0.2,15.053568,15.053568,162,109,MED  / 100ms,0.0
2026-09-01T11:56:54.080356,0.2,15.053568,15.053568,162,109,MED  / 100ms,0.0
2026-09-01T11:56:54.084626,0.2,15.053568,15.053568,162,109,MED  / 100ms,0.0
2026-09-01T11:56:54.088889,0.2,15.053568,15.053568,162,109,MED  / 100ms,0.0
2026-09-01T11:56:54.093153,0.2,15.053568,15.053568,162,109,MED  / 100ms,0.0
2026-09-01T11:56:54.097423,0.2,15.053568,15.053568,162,109,MED  / 100ms,0.0
2026-09-01T11:56:54.101694,0.2,15.053568,15.053568,162,109,MED  / 100ms,0.0
2026-09-01T11:56:54.105964,0.2,15.053568,15.053568,162,109,MED  / 100ms,0.0
2026-09-01T11:56:54.110227,0.2,15.053568,15.053568,162,109,MED  / 100ms,0.0
2026-09-01T11:56:54.114498,0.2,15.053568,15.053568,162,109,MED  / 100ms,0.0
2026-09-01T11:56:54.118763,0.2,15.053568,15.053568,162,109,MED  / 100ms,0.0
2026-09-01T11:56:54.123030,0.2,15.053568,15.053568,162,109,MED  / 100ms,0.0
2026-09-01T11:56:54.127296,0.2,15.053568,15.053568,162,109,MED  / 100ms,0.0
2026-09-01T11:56:54.131565,0.2,15.216768,15.216768,163,109,MED  / 100ms,0.0
2026-09-01T11:56:54.135833,0.2,15.216768,15.216768,163,109,MED  / 100ms,0.0
2026-09-01T11:56:54.140100,0.2,15.216768,15.216768,163,109,MED  / 100ms,0.0
2026-09-01T11:56:54.144368,0.2,15.216768,15.216768,163,109,MED  / 100ms,0.0
2026-09-01T11:56:54.148812,0.2,15.216768,15.216768,163,109,MED  / 100ms,0.0
2026-09-01T11:56:54.153083,0.2,15.216768,15.216768,163,109,MED  / 100ms,0.0
2026-09-01T11:56:54.157349,0.2,15.216768,15.216768,163,109,MED  / 100ms,0.0
2026-09-01T11:56:54.161662,0.2,15.216768,15.216768,163,109,MED  / 100ms,0.0
2026-09-01T11:56:54.165953,0.2,15.216768,15.216768,163,109,MED  / 100ms,0.0
2026-09-01T11:56:54.170228,0.2,15.216768,15.216768,163,109,MED  / 100ms,0.0
2026-09-01T11:56:54.174501,0.2,15.216768,15.216768,163,109,MED  / 100ms,0.0
2026-09-01T11:56:54.178768,0.2,15.216768,15.216768,163,109,MED  / 100ms,0.0
2026-09-01T11:56:54.183072,0.2,15.216768,15.216768,163,109,MED  / 100ms,0.0
2026-09-01T11:56:54.187350,0.2,15.216768,15.216768,163,109,MED  / 100ms,0.0
2026-09-01T11:56:54.191616,0.2,15.216768,15.216768,163,109,MED  / 100ms,0.0
2026-09-01T11:56:54.195885,0.2,15.216768,15.216768,163,109,MED  / 100ms,0.0
2026-09-01T11:56:54.200157,0.2,15.216768,15.216768,163,109,MED  / 100ms,0.0
2026-09-01T11:56:54.204423,0.2,15.216768,15.216768,163,109,MED  / 100ms,0.0
2026-09-01T11:56:54.208696,0.2,15.216768,15.216768,163,109,MED  / 100ms,0.0
2026-09-01T11:56:54.212964,0.2,15.216768,15.216768,163,109,MED  / 100ms,0.0
2026-09-01T11:56:54.217238,0.2,15.216768,15.216768,163,109,MED  / 100ms,0.0
2026-09-01T11:56:54.221505,0.2,15.216768,15.216768,163,109,MED  / 100ms,0.0
2026-09-01T11:56:54.225771,0.2,15.216768,15.216768,163,109,MED  / 100ms,0.0
2026-09-01T11:56:54.230037,0.2,15.216768,15.216768,163,109,MED  / 100ms,0.0
2026-09-01T11:56:54.234307,0.2,14.890368,14.890368,161,109,MED  / 100ms,0.0
2026-09-01T11:56:54.238576,0.2,14.890368,14.890368,161,109,MED  / 100ms,0.0
2026-09-01T11:56:54.242841,0.2,14.890368,14.890368,161,109,MED  / 100ms,0.0
2026-09-01T11:56:54.247111,0.2,14.890368,14.890368,161,109,MED  / 100ms,0.0
2026-09-01T11:56:54.251559,0.2,14.890368,14.890368,161,109,MED  / 100ms,0.0
2026-09-01T11:56:54.255828,0.2,14.890368,14.890368,161,109,MED  / 100ms,0.0
2026-09-01T11:56:54.260096,0.2,14.890368,14.890368,161,109,MED  / 100ms,0.0
2026-09-01T11:56:54.264363,0.2,14.890368,14.890368,161,109,MED  / 100ms,0.0
2026-09-01T11:56:54.268629,0.2,14.890368,14.890368,161,109,MED  / 100ms,0.0
2026-09-01T11:56:54.272895,0.2,14.890368,14.890368,161,109,MED  / 100ms,0.0
2026-09-01T11:56:54.277160,0.2,14.890368,14.890368,161,109,MED  / 100ms,0.0
2026-09-01T11:56:54.281431,0.2,14.890368,14.890368,161,109,MED  / 100ms,0.0
2026-09-01T11:56:54.285698,0.2,14.890368,14.890368,161,109,MED  / 100ms,0.0
2026-09-01T11:56:54.289968,0.2,14.890368,14.890368,161,109,MED  / 100ms,0.0
2026-09-01T11:56:54.294237,0.2,14.890368,14.890368,161,109,MED  / 100ms,0.0
2026-09-01T11:56:54.298509,0.2,14.890368,14.890368,161,109,MED  / 100ms,0.0
2026-09-01T11:56:54.302794,0.2,14.890368,14.890368,161,109,MED  / 100ms,0.0
2026-09-01T11:56:54.307075,0.2,14.890368,14.890368,161,109,MED  / 100ms,0.0
2026-09-01T11:56:54.311344,0.2,14.890368,14.890368,161,109,MED  / 100ms,0.0
2026-09-01T11:56:54.315616,0.2,14.890368,14.890368,161,109,MED  / 100ms,0.0
2026-09-01T11:56:54.319883,0.2,14.890368,14.890368,161,109,MED  / 100ms,0.0
2026-09-01T11:56:54.324148,0.2,14.890368,14.890368,161,109,MED  / 100ms,0.0
2026-09-01T11:56:54.328416,0.2,14.890368,14.890368,161,109,MED  / 100ms,0.0
2026-09-01T11:56:54.332687,0.2,14.890368,14.890368,161,109,MED  / 100ms,0.0
2026-09-01T11:56:54.336956,0.2,14.890368,14.890368,161,109,MED  / 100ms,0.0
2026-09-01T11:56:54.341224,0.2,15.216768,15.216768,163,109,MED  / 100ms,0.0
2026-09-01T11:56:54.345492,0.2,15.216768,15.216768,163,109,MED  / 100ms,0.0
2026-09-01T11:56:54.349760,0.2,15.216768,15.216768,163,109,MED  / 100ms,0.0
2026-09-01T11:56:54.354194,0.2,15.216768,15.216768,163,109,MED  / 100ms,0.0
2026-09-01T11:56:54.358467,0.2,15.216768,15.216768,163,109,MED  / 100ms,0.0
2026-09-01T11:56:54.362736,0.2,15.216768,15.216768,163,109,MED  / 100ms,0.0
2026-09-01T11:56:54.367009,0.2,15.216768,15.216768,163,109,MED  / 100ms,0.0
2026-09-01T11:56:54.371273,0.2,15.216768,15.216768,163,109,MED  / 100ms,0.0
2026-09-01T11:56:54.375552,0.2,15.216768,15.216768,163,109,MED  / 100ms,0.0
2026-09-01T11:56:54.379823,0.2,15.216768,15.216768,163,109,MED  / 100ms,0.0
2026-09-01T11:56:54.384094,0.2,15.216768,15.216768,163,109,MED  / 100ms,0.0
2026-09-01T11:56:54.388359,0.2,15.216768,15.216768,163,109,MED  / 100ms,0.0
2026-09-01T11:56:54.392623,0.2,15.216768,15.216768,163,109,MED  / 100ms,0.0
2026-09-01T11:56:54.396887,0.2,15.216768,15.216768,163,109,MED  / 100ms,0.0
2026-09-01T11:56:54.401170,0.2,15.216768,15.216768,163,109,MED  / 100ms,0.0
2026-09-01T11:56:54.405437,0.2,15.216768,15.216768,163,109,MED  / 100ms,0.0
2026-09-01T11:56:54.409703,0.2,15.216768,15.216768,163,109,MED  / 100ms,0.0
2026-09-01T11:56:54.413974,0.2,15.216768,15.216768,163,109,MED  / 100ms,0.0
2026-09-01T11:56:54.418242,0.2,15.216768,15.216768,163,109,MED  / 100ms,0.0
2026-09-01T11:56:54.422518,0.2,15.216768,15.216768,163,109,MED  / 100ms,0.0
2026-09-01T11:56:54.426788,0.2,15.216768,15.216768,163,109,MED  / 100ms,0.0
2026-09-01T11:56:54.431056,0.2,15.216768,15.216768,163,109,MED  / 100ms,0.0
2026-09-01T11:56:54.435320,0.2,15.216768,15.216768,163,109,MED  / 100ms,0.0
2026-09-01T11:56:54.439589,0.2,15.216768,15.216768,163,109,MED  / 100ms,0.0
2026-09-01T11:56:54.443853,0.2,15.216768,15.216768,163,109,MED  / 100ms,0.0
2026-09-01T11:56:54.448134,0.2,15.216768,15.216768,163,109,MED  / 100ms,0.0
2026-09-01T11:56:54.452401,0.2,15.216768,15.216768,163,109,MED  / 100ms,0.0
2026-09-01T11:56:54.456667,0.2,15.216768,15.216768,163,109,MED  / 100ms,0.0
2026-09-01T11:56:54.461094,0.2,15.216768,15.216768,163,109,MED  / 100ms,0.0
2026-09-01T11:56:54.465363,0.2,15.216768,15.216768,163,109,MED  / 100ms,0.0
2026-09-01T11:56:54.469628,0.2,15.216768,15.216768,163,109,MED  / 100ms,0.0
2026-09-01T11:56:54.473895,0.2,15.216768,15.216768,163,109,MED  / 100ms,0.0
2026-09-01T11:56:54.478164,0.2,15.216768,15.216768,163,109,MED  / 100ms,0.0
2026-09-01T11:56:54.482434,0.2,15.216768,15.216768,163,109,MED  / 100ms,0.0
2026-09-01T11:56:54.486700,0.2,15.216768,15.216768,163,109,MED  / 100ms,0.0
2026-09-01T11:56:54.490965,0.2,15.216768,15.216768,163,109,MED  / 100ms,0.0
2026-09-01T11:56:54.495232,0.2,15.216768,15.216768,163,109,MED  / 100ms,0.0
2026-09-01T11:56:54.499502,0.2,15.216768,15.216768,163,109,MED  / 100ms,0.0
2026-09-01T11:56:54.503767,0.2,15.216768,15.216768,163,109,MED  / 100ms,0.0
2026-09-01T11:56:54.508033,0.2,15.216768,15.216768,163,109,MED  / 100ms,0.0
2026-09-01T11:56:54.512301,0.2,15.216768,15.216768,163,109,MED  / 100ms,0.0
2026-09-01T11:56:54.516571,0.2,15.216768,15.216768,163,109,MED  / 100ms,0.0
2026-09-01T11:56:54.520842,0.2,15.216768,15.216768,163,109,MED  / 100ms,0.0
2026-09-01T11:56:54.525119,0.2,15.216768,15.216768,163,109,MED  / 100ms,0.0
2026-09-01T11:56:54.529389,0.2,15.216768,15.216768,163,109,MED  / 100ms,0.0
2026-09-01T11:56:54.533666,0.2,15.216768,15.216768,163,109,MED  / 100ms,0.0
2026-09-01T11:56:54.537933,0.2,15.216768,15.216768,163,109,MED  / 100ms,0.0
2026-09-01T11:56:54.542204,0.2,15.216768,15.216768,163,109,MED  / 100ms,0.0
2026-09-01T11:56:54.546475,0.2,15.216768,15.216768,163,109,MED  / 100ms,0.0
2026-09-01T11:56:54.550748,0.2,15.216768,15.216768,163,109,MED  / 100ms,0.0
2026-09-01T11:56:54.555019,0.2,15.216768,15.216768,163,109,MED  / 100ms,0.0
2026-09-01T11:56:54.559283,0.2,15.216768,15.216768,163,109,MED  / 100ms,0.0
2026-09-01T11:56:54.563713,0.2,15.216768,15.216768,163,109,MED  / 100ms,0.0
2026-09-01T11:56:54.567989,0.2,15.216768,15.216768,163,109,MED  / 100ms,0.0
2026-09-01T11:56:54.572258,0.2,15.216768,15.216768,163,109,MED  / 100ms,0.0
2026-09-01T11:56:54.576524,0.2,15.216768,15.216768,163,109,MED  / 100ms,0.0
2026-09-01T11:56:54.580795,0.2,15.216768,15.216768,163,109,MED  / 100ms,0.0
2026-09-01T11:56:54.585065,0.2,15.216768,15.216768,163,109,MED  / 100ms,0.0
2026-09-01T11:56:54.589332,0.2,15.216768,15.216768,163,109,MED  / 100ms,0.0
2026-09-01T11:56:54.593601,0.2,15.216768,15.216768,163,109,MED  / 100ms,0.0
2026-09-01T11:56:54.597871,0.2,15.216768,15.216768,163,109,MED  / 100ms,0.0
2026-09-01T11:56:54.602138,0.2,15.216768,15.216768,163,109,MED  / 100ms,0.0
2026-09-01T11:56:54.606403,0.2,15.216768,15.216768,163,109,MED  / 100ms,0.0
2026-09-01T11:56:54.610669,0.2,15.216768,15.216768,163,109,MED  / 100ms,0.0
2026-09-01T11:56:54.614936,0.2,15.216768,15.216768,163,109,MED  / 100ms,0.0
2026-09-01T11:56:54.619204,0.2,15.216768,15.216768,163,109,MED  / 100ms,0.0
2026-09-01T11:56:54.623469,0.2,15.216768,15.216768,163,109,MED  / 100ms,0.0
2026-09-01T11:56:54.627734,0.2,15.216768,15.216768,163,109,MED  / 100ms,0.0
2026-09-01T11:56:54.632005,0.2,15.216768,15.216768,163,109,MED  / 100ms,0.0
2026-09-01T11:56:54.636267,0.2,15.216768,15.216768,163,109,MED  / 100ms,0.0
2026-09-01T11:56:54.640535,0.2,15.216768,15.216768,163,109,MED  / 100ms,0.0
2026-09-01T11:56:54.644800,0.2,15.216768,15.216768,163,109,MED  / 100ms,0.0
2026-09-01T11:56:54.649070,0.2,15.216768,15.216768,163,109,MED  / 100ms,0.0
2026-09-01T11:56:54.653338,0.2,15.053568,15.053568,162,109,MED  / 100ms,0.0
2026-09-01T11:56:54.657605,0.2,15.053568,15.053568,162,109,MED  / 100ms,0.0
2026-09-01T11:56:54.661868,0.2,15.053568,15.053568,162,109,MED  / 100ms,0.0
2026-09-01T11:56:54.666300,0.2,15.053568,15.053568,162,109,MED  / 100ms,0.0
2026-09-01T11:56:54.670571,0.2,15.053568,15.053568,162,109,MED  / 100ms,0.0
2026-09-01T11:56:54.674838,0.2,15.053568,15.053568,162,109,MED  / 100ms,0.0
2026-09-01T11:56:54.679104,0.2,15.053568,15.053568,162,109,MED  / 100ms,0.0
2026-09-01T11:56:54.683374,0.2,15.053568,15.053568,162,109,MED  / 100ms,0.0
2026-09-01T11:56:54.687645,0.2,15.053568,15.053568,162,109,MED  / 100ms,0.0
2026-09-01T11:56:54.691914,0.2,15.053568,15.053568,162,109,MED  / 100ms,0.0
2026-09-01T11:56:54.696188,0.2,15.053568,15.053568,162,109,MED  / 100ms,0.0
2026-09-01T11:56:54.700459,0.2,15.053568,15.053568,162,109,MED  / 100ms,0.0
2026-09-01T11:56:54.704724,0.2,15.053568,15.053568,162,109,MED  / 100ms,0.0
2026-09-01T11:56:54.708990,0.2,15.053568,15.053568,162,109,MED  / 100ms,0.0
2026-09-01T11:56:54.713260,0.2,15.053568,15.053568,162,109,MED  / 100ms,0.0
2026-09-01T11:56:54.717534,0.2,15.053568,15.053568,162,109,MED  / 100ms,0.0
2026-09-01T11:56:54.721800,0.2,15.053568,15.053568,162,109,MED  / 100ms,0.0
2026-09-01T11:56:54.726071,0.2,15.053568,15.053568,162,109,MED  / 100ms,0.0
2026-09-01T11:56:54.730337,0.2,15.053568,15.053568,162,109,MED  / 100ms,0.0
2026-09-01T11:56:54.734606,0.2,15.053568,15.053568,162,109,MED  / 100ms,0.0
2026-09-01T11:56:54.738872,0.2,15.053568,15.053568,162,109,MED  / 100ms,0.0
2026-09-01T11:56:54.743139,0.2,15.053568,15.053568,162,109,MED  / 100ms,0.0
2026-09-01T11:56:54.747407,0.2,15.053568,15.053568,162,109,MED  / 100ms,0.0
2026-09-01T11:56:54.751681,0.2,15.053568,15.053568,162,109,MED  / 100ms,0.0
2026-09-01T11:56:54.755950,0.2,15.053568,15.053568,162,109,MED  / 100ms,0.0
2026-09-01T11:56:54.760219,0.2,15.053568,15.053568,162,109,MED  / 100ms,0.0
2026-09-01T11:56:54.764493,0.2,15.053568,15.053568,162,109,MED  / 100ms,0.0
2026-09-01T11:56:54.768919,0.2,15.053568,15.053568,162,109,MED  / 100ms,0.0
2026-09-01T11:56:54.773189,0.2,15.053568,15.053568,162,109,MED  / 100ms,0.0
2026-09-01T11:56:54.777456,0.2,15.053568,15.053568,162,109,MED  / 100ms,0.0
2026-09-01T11:56:54.781724,0.2,15.053568,15.053568,162,109,MED  / 100ms,0.0
2026-09-01T11:56:54.785991,0.2,15.053568,15.053568,162,109,MED  / 100ms,0.0
2026-09-01T11:56:54.790258,0.2,15.053568,15.053568,162,109,MED  / 100ms,0.0
2026-09-01T11:56:54.794528,0.2,15.053568,15.053568,162,109,MED  / 100ms,0.0
2026-09-01T11:56:54.798798,0.2,15.053568,15.053568,162,109,MED  / 100ms,0.0
2026-09-01T11:56:54.803066,0.2,15.053568,15.053568,162,109,MED  / 100ms,0.0
2026-09-01T11:56:54.807332,0.2,15.053568,15.053568,162,109,MED  / 100ms,0.0
2026-09-01T11:56:54.811596,0.2,15.053568,15.053568,162,109,MED  / 100ms,0.0
2026-09-01T11:56:54.815865,0.2,15.053568,15.053568,162,109,MED  / 100ms,0.0
2026-09-01T11:56:54.820130,0.2,15.053568,15.053568,162,109,MED  / 100ms,0.0
2026-09-01T11:56:54.824397,0.2,15.053568,15.053568,162,109,MED  / 100ms,0.0
2026-09-01T11:56:54.828660,0.2,15.053568,15.053568,162,109,MED  / 100ms,0.0
2026-09-01T11:56:54.832929,0.2,15.053568,15.053568,162,109,MED  / 100ms,0.0
2026-09-01T11:56:54.837195,0.2,15.053568,15.053568,162,109,MED  / 100ms,0.0
2026-09-01T11:56:54.841461,0.2,15.053568,15.053568,162,109,MED  / 100ms,0.0
2026-09-01T11:56:54.845724,0.2,15.053568,15.053568,162,109,MED  / 100ms,0.0
2026-09-01T11:56:54.849995,0.2,15.053568,15.053568,162,109,MED  / 100ms,0.0
2026-09-01T11:56:54.854259,0.2,15.053568,15.053568,162,109,MED  / 100ms,0.0
2026-09-01T11:56:54.858527,0.2,15.053568,15.053568,162,109,MED  / 100ms,0.0
2026-09-01T11:56:54.862794,0.2,15.053568,15.053568,162,109,MED  / 100ms,0.0
2026-09-01T11:56:54.867065,0.2,15.053568,15.053568,162,109,MED  / 100ms,0.0
2026-09-01T11:56:54.871332,0.2,15.053568,15.053568,162,109,MED  / 100ms,0.0
2026-09-01T11:56:54.875756,0.2,15.053568,15.053568,162,109,MED  / 100ms,0.0
2026-09-01T11:56:54.880035,0.2,15.053568,15.053568,162,109,MED  / 100ms,0.0
2026-09-01T11:56:54.884309,0.2,15.053568,15.053568,162,109,MED  / 100ms,0.0
2026-09-01T11:56:54.888575,0.2,15.053568,15.053568,162,109,MED  / 100ms,0.0
2026-09-01T11:56:54.892841,0.2,15.053568,15.053568,162,109,MED  / 100ms,0.0
2026-09-01T11:56:54.897113,0.2,15.053568,15.053568,162,109,MED  / 100ms,0.0
2026-09-01T11:56:54.901380,0.2,15.053568,15.053568,162,109,MED  / 100ms,0.0
2026-09-01T11:56:54.905647,0.2,15.053568,15.053568,162,109,MED  / 100ms,0.0
2026-09-01T11:56:54.909914,0.2,15.053568,15.053568,162,109,MED  / 100ms,0.0
2026-09-01T11:56:54.914193,0.2,15.053568,15.053568,162,109,MED  / 100ms,0.0
2026-09-01T11:56:54.918458,0.2,15.053568,15.053568,162,109,MED  / 100ms,0.0
2026-09-01T11:56:54.922721,0.2,15.053568,15.053568,162,109,MED  / 100ms,0.0
2026-09-01T11:56:54.926985,0.2,15.053568,15.053568,162,109,MED  / 100ms,0.0
2026-09-01T11:56:54.931257,0.2,15.053568,15.053568,162,109,MED  / 100ms,0.0
2026-09-01T11:56:54.935521,0.2,15.053568,15.053568,162,109,MED  / 100ms,0.0
2026-09-01T11:56:54.939789,0.2,15.053568,15.053568,162,109,MED  / 100ms,0.0
2026-09-01T11:56:54.944054,0.2,15.053568,15.053568,162,109,MED  / 100ms,0.0
2026-09-01T11:56:54.948322,0.2,15.053568,15.053568,162,109,MED  / 100ms,0.0
2026-09-01T11:56:54.952588,0.2,15.053568,15.053568,162,109,MED  / 100ms,0.0
2026-09-01T11:56:54.956855,0.2,15.053568,15.053568,162,109,MED  / 100ms,0.0
2026-09-01T11:56:54.961125,0.2,15.053568,15.053568,162,109,MED  / 100ms,0.0
2026-09-01T11:56:54.965399,0.2,15.053568,15.053568,161,109,MED  / 100ms,0.0
2026-09-01T11:56:54.969666,0.2,14.890368,14.890368,161,109,MED  / 100ms,0.0
2026-09-01T11:56:54.973929,0.2,14.890368,14.890368,161,109,MED  / 100ms,0.0
2026-09-01T11:56:54.978371,0.2,14.890368,14.890368,161,109,MED  / 100ms,0.0
2026-09-01T11:56:54.982648,0.2,14.890368,14.890368,161,109,MED  / 100ms,0.0
2026-09-01T11:56:54.986917,0.2,14.890368,14.890368,161,109,MED  / 100ms,0.0
2026-09-01T11:56:54.991189,0.2,14.890368,14.890368,161,109,MED  / 100ms,0.0
2026-09-01T11:56:54.995453,0.2,14.890368,14.890368,161,109,MED  / 100ms,0.0
2026-09-01T11:56:54.999727,0.2,14.890368,14.890368,161,109,MED  / 100ms,0.0
2026-09-01T11:56:55.003997,0.2,14.890368,14.890368,161,109,MED  / 100ms,0.0
2026-09-01T11:56:55.008266,0.2,14.890368,14.890368,161,109,MED  / 100ms,0.0
2026-09-01T11:56:55.012531,0.2,14.890368,14.890368,161,109,MED  / 100ms,0.0
2026-09-01T11:56:55.016801,0.2,14.890368,14.890368,161,109,MED  / 100ms,0.0
2026-09-01T11:56:55.021064,0.2,14.890368,14.890368,161,109,MED  / 100ms,0.0
2026-09-01T11:56:55.025331,0.2,14.890368,14.890368,161,109,MED  / 100ms,0.0
2026-09-01T11:56:55.029598,0.2,14.890368,14.890368,161,109,MED  / 100ms,0.0
2026-09-01T11:56:55.033869,0.2,14.890368,14.890368,161,109,MED  / 100ms,0.0
2026-09-01T11:56:55.038137,0.2,14.890368,14.890368,161,109,MED  / 100ms,0.0
2026-09-01T11:56:55.042405,0.2,14.890368,14.890368,161,109,MED  / 100ms,0.0
2026-09-01T11:56:55.046672,0.2,14.890368,14.890368,161,109,MED  / 100ms,0.0
2026-09-01T11:56:55.050944,0.2,14.890368,14.890368,161,109,MED  / 100ms,0.0
2026-09-01T11:56:55.055206,0.2,14.890368,14.890368,161,109,MED  / 100ms,0.0
2026-09-01T11:56:55.059473,0.2,14.890368,14.890368,161,109,MED  / 100ms,0.0
2026-09-01T11:56:55.063745,0.2,14.890368,14.890368,161,109,MED  / 100ms,0.0
2026-09-01T11:56:55.068013,0.2,14.890368,14.890368,161,109,MED  / 100ms,0.0
2026-09-01T11:56:55.072279,0.2,14.890368,14.890368,161,109,MED  / 100ms,0.0
2026-09-01T11:56:55.076546,0.2,14.890368,14.890368,161,109,MED  / 100ms,0.0
2026-09-01T11:56:55.080984,0.2,14.890368,14.890368,161,109,MED  / 100ms,0.0
2026-09-01T11:56:55.085254,0.2,14.890368,14.890368,161,109,MED  / 100ms,0.0
2026-09-01T11:56:55.089525,0.2,14.890368,14.890368,161,109,MED  / 100ms,0.0
2026-09-01T11:56:55.093789,0.2,14.890368,14.890368,161,109,MED  / 100ms,0.0
2026-09-01T11:56:55.098064,0.2,14.890368,14.890368,161,109,MED  / 100ms,0.0
2026-09-01T11:56:55.102335,0.2,14.890368,14.890368,161,109,MED  / 100ms,0.0
2026-09-01T11:56:55.106602,0.2,14.890368,14.890368,161,109,MED  / 100ms,0.0
2026-09-01T11:56:55.110867,0.2,14.890368,14.890368,161,109,MED  / 100ms,0.0
2026-09-01T11:56:55.115133,0.2,14.890368,14.890368,161,109,MED  / 100ms,0.0
2026-09-01T11:56:55.119398,0.2,14.890368,14.890368,161,109,MED  / 100ms,0.0
2026-09-01T11:56:55.123663,0.2,14.890368,14.890368,161,109,MED  / 100ms,0.0
2026-09-01T11:56:55.127926,0.2,14.890368,14.890368,161,109,MED  / 100ms,0.0
2026-09-01T11:56:55.132194,0.2,14.890368,14.890368,161,109,MED  / 100ms,0.0
2026-09-01T11:56:55.136458,0.2,14.890368,14.890368,161,109,MED  / 100ms,0.0
2026-09-01T11:56:55.140722,0.2,14.890368,14.890368,161,109,MED  / 100ms,0.0
2026-09-01T11:56:55.144988,0.2,14.890368,14.890368,161,109,MED  / 100ms,0.0
2026-09-01T11:56:55.149257,0.2,14.890368,14.890368,161,109,MED  / 100ms,0.0
2026-09-01T11:56:55.153523,0.2,14.890368,14.890368,161,109,MED  / 100ms,0.0
2026-09-01T11:56:55.157785,0.2,14.890368,14.890368,161,109,MED  / 100ms,0.0
2026-09-01T11:56:55.162093,0.2,14.890368,14.890368,161,109,MED  / 100ms,0.0
2026-09-01T11:56:55.166402,0.2,14.890368,14.890368,161,109,MED  / 100ms,0.0
2026-09-01T11:56:55.170706,0.2,14.890368,14.890368,161,109,MED  / 100ms,0.0
2026-09-01T11:56:55.174978,0.2,14.890368,14.890368,161,108,MED  / 100ms,0.0
2026-09-01T11:56:55.179247,0.2,14.994816000000004,14.994816000000004,161,108,MED  / 100ms,0.0
2026-09-01T11:56:55.183690,0.2,14.994816000000004,14.994816000000004,161,108,MED  / 100ms,0.0
2026-09-01T11:56:55.187962,0.2,14.994816000000004,14.994816000000004,161,108,MED  / 100ms,0.0
2026-09-01T11:56:55.192250,0.2,14.994816000000004,14.994816000000004,161,108,MED  / 100ms,0.0
2026-09-01T11:56:55.196526,0.2,14.994816000000004,14.994816000000004,161,108,MED  / 100ms,0.0
2026-09-01T11:56:55.200802,0.2,14.994816000000004,14.994816000000004,161,108,MED  / 100ms,0.0
2026-09-01T11:56:55.205073,0.2,14.994816000000004,14.994816000000004,161,108,MED  / 100ms,0.0
2026-09-01T11:56:55.209343,0.2,14.994816000000004,14.994816000000004,161,108,MED  / 100ms,0.0
2026-09-01T11:56:55.213613,0.2,14.994816000000004,14.994816000000004,161,108,MED  / 100ms,0.0
2026-09-01T11:56:55.217885,0.2,14.994816000000004,14.994816000000004,161,108,MED  / 100ms,0.0
2026-09-01T11:56:55.222154,0.2,14.994816000000004,14.994816000000004,161,108,MED  / 100ms,0.0
2026-09-01T11:56:55.226420,0.2,14.994816000000004,14.994816000000004,161,108,MED  / 100ms,0.0
2026-09-01T11:56:55.230692,0.2,14.994816000000004,14.994816000000004,161,108,MED  / 100ms,0.0
2026-09-01T11:56:55.234956,0.2,14.994816000000004,14.994816000000004,161,108,MED  / 100ms,0.0
2026-09-01T11:56:55.239224,0.2,14.994816000000004,14.994816000000004,161,108,MED  / 100ms,0.0
2026-09-01T11:56:55.243490,0.2,14.994816000000004,14.994816000000004,161,108,MED  / 100ms,0.0
2026-09-01T11:56:55.247761,0.2,14.994816000000004,14.994816000000004,161,108,MED  / 100ms,0.0
2026-09-01T11:56:55.252027,0.2,14.994816000000004,14.994816000000004,161,108,MED  / 100ms,0.0
2026-09-01T11:56:55.256295,0.2,14.994816000000004,14.994816000000004,161,108,MED  / 100ms,0.0
2026-09-01T11:56:55.260558,0.2,14.994816000000004,14.994816000000004,161,108,MED  / 100ms,0.0
2026-09-01T11:56:55.264829,0.2,14.994816000000004,14.994816000000004,161,108,MED  / 100ms,0.0
2026-09-01T11:56:55.269096,0.2,14.994816000000004,14.994816000000004,161,108,MED  / 100ms,0.0
2026-09-01T11:56:55.273363,0.2,14.994816000000004,14.994816000000004,161,108,MED  / 100ms,0.0
2026-09-01T11:56:55.277626,0.2,14.994816000000004,14.994816000000004,161,108,MED  / 100ms,0.0
2026-09-01T11:56:55.281897,0.2,14.994816000000004,14.994816000000004,161,108,MED  / 100ms,0.0
2026-09-01T11:56:55.286161,0.2,14.994816000000004,14.994816000000004,161,108,MED  / 100ms,0.0
2026-09-01T11:56:55.290599,0.2,14.994816000000004,14.994816000000004,161,108,MED  / 100ms,0.0
2026-09-01T11:56:55.294868,0.2,14.994816000000004,14.994816000000004,161,108,MED  / 100ms,0.0
2026-09-01T11:56:55.299139,0.2,14.994816000000004,14.994816000000004,161,108,MED  / 100ms,0.0
2026-09-01T11:56:55.303407,0.2,14.994816000000004,14.994816000000004,161,108,MED  / 100ms,0.0
2026-09-01T11:56:55.307671,0.2,14.994816000000004,14.994816000000004,161,108,MED  / 100ms,0.0
2026-09-01T11:56:55.311941,0.2,14.994816000000004,14.994816000000004,161,108,MED  / 100ms,0.0
2026-09-01T11:56:55.316212,0.2,14.994816000000004,14.994816000000004,161,108,MED  / 100ms,0.0
2026-09-01T11:56:55.320477,0.2,14.994816000000004,14.994816000000004,161,108,MED  / 100ms,0.0
2026-09-01T11:56:55.324740,0.2,14.994816000000004,14.994816000000004,161,108,MED  / 100ms,0.0
2026-09-01T11:56:55.329005,0.2,14.994816000000004,14.994816000000004,161,108,MED  / 100ms,0.0
2026-09-01T11:56:55.333272,0.2,14.994816000000004,14.994816000000004,161,108,MED  / 100ms,0.0
2026-09-01T11:56:55.337537,0.2,14.994816000000004,14.994816000000004,161,108,MED  / 100ms,0.0
2026-09-01T11:56:55.341804,0.2,14.994816000000004,14.994816000000004,161,108,MED  / 100ms,0.0
2026-09-01T11:56:55.346072,0.2,14.994816000000004,14.994816000000004,161,108,MED  / 100ms,0.0
2026-09-01T11:56:55.350343,0.2,14.994816000000004,14.994816000000004,161,108,MED  / 100ms,0.0
2026-09-01T11:56:55.354609,0.2,14.994816000000004,14.994816000000004,161,108,MED  / 100ms,0.0
2026-09-01T11:56:55.358875,0.2,14.994816000000004,14.994816000000004,161,108,MED  / 100ms,0.0
2026-09-01T11:56:55.363144,0.2,14.994816000000004,14.994816000000004,161,108,MED  / 100ms,0.0
2026-09-01T11:56:55.367418,0.2,14.994816000000004,14.994816000000004,161,108,MED  / 100ms,0.0
2026-09-01T11:56:55.371687,0.2,14.994816000000004,14.994816000000004,161,108,MED  / 100ms,0.0
2026-09-01T11:56:55.375956,0.2,14.994816000000004,14.994816000000004,161,108,MED  / 100ms,0.0
2026-09-01T11:56:55.380228,0.2,14.994816000000004,14.994816000000004,161,108,MED  / 100ms,0.0
2026-09-01T11:56:55.384497,0.2,14.994816000000004,14.994816000000004,160,108,MED  / 100ms,0.0
2026-09-01T11:56:55.388779,0.2,14.831616000000002,14.831616000000002,160,108,MED  / 100ms,0.0
2026-09-01T11:56:55.393224,0.2,14.831616000000002,14.831616000000002,160,108,MED  / 100ms,0.0
2026-09-01T11:56:55.397497,0.2,14.831616000000002,14.831616000000002,160,108,MED  / 100ms,0.0
2026-09-01T11:56:55.401767,0.2,14.831616000000002,14.831616000000002,160,108,MED  / 100ms,0.0
2026-09-01T11:56:55.406033,0.2,14.831616000000002,14.831616000000002,160,108,MED  / 100ms,0.0
2026-09-01T11:56:55.410301,0.2,14.831616000000002,14.831616000000002,160,108,MED  / 100ms,0.0
2026-09-01T11:56:55.414577,0.2,14.831616000000002,14.831616000000002,160,108,MED  / 100ms,0.0
2026-09-01T11:56:55.418846,0.2,14.831616000000002,14.831616000000002,160,108,MED  / 100ms,0.0
2026-09-01T11:56:55.423116,0.2,14.831616000000002,14.831616000000002,160,108,MED  / 100ms,0.0
2026-09-01T11:56:55.427382,0.2,14.831616000000002,14.831616000000002,160,108,MED  / 100ms,0.0
2026-09-01T11:56:55.431651,0.2,14.831616000000002,14.831616000000002,160,108,MED  / 100ms,0.0
2026-09-01T11:56:55.435917,0.2,14.831616000000002,14.831616000000002,160,108,MED  / 100ms,0.0
2026-09-01T11:56:55.440184,0.2,14.831616000000002,14.831616000000002,160,108,MED  / 100ms,0.0
2026-09-01T11:56:55.444451,0.2,14.831616000000002,14.831616000000002,160,108,MED  / 100ms,0.0
2026-09-01T11:56:55.448718,0.2,14.831616000000002,14.831616000000002,160,108,MED  / 100ms,0.0
2026-09-01T11:56:55.452982,0.2,14.831616000000002,14.831616000000002,160,108,MED  / 100ms,0.0
2026-09-01T11:56:55.457245,0.2,14.831616000000002,14.831616000000002,160,108,MED  / 100ms,0.0
2026-09-01T11:56:55.461512,0.2,14.831616000000002,14.831616000000002,160,108,MED  / 100ms,0.0
2026-09-01T11:56:55.465780,0.2,14.831616000000002,14.831616000000002,160,108,MED  / 100ms,0.0
2026-09-01T11:56:55.470050,0.2,14.831616000000002,14.831616000000002,160,108,MED  / 100ms,0.0
2026-09-01T11:56:55.474317,0.2,14.831616000000002,14.831616000000002,160,108,MED  / 100ms,0.0
2026-09-01T11:56:55.478586,0.2,14.831616000000002,14.831616000000002,160,108,MED  / 100ms,0.0
2026-09-01T11:56:55.482859,0.2,14.831616000000002,14.831616000000002,160,108,MED  / 100ms,0.0
2026-09-01T11:56:55.487127,0.2,14.831616000000002,14.831616000000002,160,108,MED  / 100ms,0.0
2026-09-01T11:56:55.491392,0.2,14.831616000000002,14.831616000000002,160,108,MED  / 100ms,0.0
2026-09-01T11:56:55.495817,0.2,14.831616000000002,14.831616000000002,160,108,MED  / 100ms,0.0
2026-09-01T11:56:55.500094,0.2,14.831616000000002,14.831616000000002,160,108,MED  / 100ms,0.0
2026-09-01T11:56:55.504363,0.2,14.831616000000002,14.831616000000002,160,108,MED  / 100ms,0.0
2026-09-01T11:56:55.508631,0.2,14.831616000000002,14.831616000000002,160,108,MED  / 100ms,0.0
2026-09-01T11:56:55.512902,0.2,14.831616000000002,14.831616000000002,160,108,MED  / 100ms,0.0
2026-09-01T11:56:55.517175,0.2,14.831616000000002,14.831616000000002,160,108,MED  / 100ms,0.0
2026-09-01T11:56:55.521442,0.2,14.831616000000002,14.831616000000002,160,108,MED  / 100ms,0.0
2026-09-01T11:56:55.525708,0.2,14.831616000000002,14.831616000000002,160,108,MED  / 100ms,0.0
2026-09-01T11:56:55.529979,0.2,14.831616000000002,14.831616000000002,160,108,MED  / 100ms,0.0
2026-09-01T11:56:55.534250,0.2,14.831616000000002,14.831616000000002,160,108,MED  / 100ms,0.0
2026-09-01T11:56:55.538518,0.2,14.831616000000002,14.831616000000002,160,108,MED  / 100ms,0.0
2026-09-01T11:56:55.542784,0.2,14.831616000000002,14.831616000000002,160,108,MED  / 100ms,0.0
2026-09-01T11:56:55.547054,0.2,14.831616000000002,14.831616000000002,160,108,MED  / 100ms,0.0
2026-09-01T11:56:55.551324,0.2,14.831616000000002,14.831616000000002,160,108,MED  / 100ms,0.0
2026-09-01T11:56:55.555593,0.2,14.831616000000002,14.831616000000002,160,108,MED  / 100ms,0.0
2026-09-01T11:56:55.559862,0.2,14.831616000000002,14.831616000000002,160,108,MED  / 100ms,0.0
2026-09-01T11:56:55.564135,0.2,14.831616000000002,14.831616000000002,160,108,MED  / 100ms,0.0
2026-09-01T11:56:55.568402,0.2,14.831616000000002,14.831616000000002,160,108,MED  / 100ms,0.0
2026-09-01T11:56:55.572666,0.2,14.831616000000002,14.831616000000002,160,108,MED  / 100ms,0.0
2026-09-01T11:56:55.576935,0.2,14.831616000000002,14.831616000000002,160,108,MED  / 100ms,0.0
2026-09-01T11:56:55.581208,0.2,14.831616000000002,14.831616000000002,160,108,MED  / 100ms,0.0
2026-09-01T11:56:55.585476,0.2,14.831616000000002,14.831616000000002,160,108,MED  / 100ms,0.0
2026-09-01T11:56:55.589746,0.2,14.831616000000002,14.831616000000002,160,108,MED  / 100ms,0.0
2026-09-01T11:56:55.594011,0.2,14.831616000000002,14.831616000000002,158,106,MED  / 100ms,0.0
2026-09-01T11:56:55.598436,0.2,14.714111999999998,14.714111999999998,158,106,MED  / 100ms,0.0
2026-09-01T11:56:55.602711,0.2,14.714111999999998,14.714111999999998,158,106,MED  / 100ms,0.0
2026-09-01T11:56:55.606983,0.2,14.714111999999998,14.714111999999998,158,106,MED  / 100ms,0.0
2026-09-01T11:56:55.611249,0.2,14.714111999999998,14.714111999999998,158,106,MED  / 100ms,0.0
2026-09-01T11:56:55.615522,0.2,14.714111999999998,14.714111999999998,158,106,MED  / 100ms,0.0
2026-09-01T11:56:55.619787,0.2,14.714111999999998,14.714111999999998,158,106,MED  / 100ms,0.0
2026-09-01T11:56:55.624059,0.2,14.714111999999998,14.714111999999998,158,106,MED  / 100ms,0.0
2026-09-01T11:56:55.628325,0.2,14.714111999999998,14.714111999999998,158,106,MED  / 100ms,0.0
2026-09-01T11:56:55.632599,0.2,14.714111999999998,14.714111999999998,158,106,MED  / 100ms,0.0
2026-09-01T11:56:55.636864,0.2,14.714111999999998,14.714111999999998,158,106,MED  / 100ms,0.0
2026-09-01T11:56:55.641138,0.2,14.714111999999998,14.714111999999998,158,106,MED  / 100ms,0.0
2026-09-01T11:56:55.645401,0.2,14.714111999999998,14.714111999999998,158,106,MED  / 100ms,0.0
2026-09-01T11:56:55.649684,0.2,14.714111999999998,14.714111999999998,158,106,MED  / 100ms,0.0
2026-09-01T11:56:55.653957,0.2,14.714111999999998,14.714111999999998,158,106,MED  / 100ms,0.0
2026-09-01T11:56:55.658225,0.2,14.714111999999998,14.714111999999998,158,106,MED  / 100ms,0.0
2026-09-01T11:56:55.662497,0.2,14.714111999999998,14.714111999999998,158,106,MED  / 100ms,0.0
2026-09-01T11:56:55.666766,0.2,14.714111999999998,14.714111999999998,158,106,MED  / 100ms,0.0
2026-09-01T11:56:55.671039,0.2,14.714111999999998,14.714111999999998,158,106,MED  / 100ms,0.0
2026-09-01T11:56:55.675306,0.2,14.714111999999998,14.714111999999998,158,106,MED  / 100ms,0.0
2026-09-01T11:56:55.679576,0.2,14.714111999999998,14.714111999999998,158,106,MED  / 100ms,0.0
2026-09-01T11:56:55.683852,0.2,14.714111999999998,14.714111999999998,158,106,MED  / 100ms,0.0
2026-09-01T11:56:55.690796,0.2,14.714111999999998,14.714111999999998,158,106,MED  / 100ms,0.0
2026-09-01T11:56:55.695071,0.2,14.714111999999998,14.714111999999998,158,106,MED  / 100ms,0.0
2026-09-01T11:56:55.699341,0.2,14.714111999999998,14.714111999999998,158,106,MED  / 100ms,0.0
2026-09-01T11:56:55.703613,0.2,14.714111999999998,14.714111999999998,158,106,MED  / 100ms,0.0
2026-09-01T11:56:55.708040,0.2,14.714111999999998,14.714111999999998,158,106,MED  / 100ms,0.0
2026-09-01T11:56:55.712311,0.2,14.714111999999998,14.714111999999998,158,106,MED  / 100ms,0.0
2026-09-01T11:56:55.716581,0.2,14.714111999999998,14.714111999999998,158,106,MED  / 100ms,0.0
2026-09-01T11:56:55.720847,0.2,14.714111999999998,14.714111999999998,158,106,MED  / 100ms,0.0
2026-09-01T11:56:55.725113,0.2,14.714111999999998,14.714111999999998,158,106,MED  / 100ms,0.0
2026-09-01T11:56:55.729382,0.2,14.714111999999998,14.714111999999998,158,106,MED  / 100ms,0.0
2026-09-01T11:56:55.733661,0.2,14.714111999999998,14.714111999999998,158,106,MED  / 100ms,0.0
2026-09-01T11:56:55.737927,0.2,14.714111999999998,14.714111999999998,158,106,MED  / 100ms,0.0
2026-09-01T11:56:55.742198,0.2,14.714111999999998,14.714111999999998,158,106,MED  / 100ms,0.0
2026-09-01T11:56:55.746469,0.2,14.714111999999998,14.714111999999998,158,106,MED  / 100ms,0.0
2026-09-01T11:56:55.750745,0.2,14.714111999999998,14.714111999999998,158,106,MED  / 100ms,0.0
2026-09-01T11:56:55.755018,0.2,14.714111999999998,14.714111999999998,158,106,MED  / 100ms,0.0
2026-09-01T11:56:55.759287,0.2,14.714111999999998,14.714111999999998,158,106,MED  / 100ms,0.0
2026-09-01T11:56:55.763563,0.2,14.714111999999998,14.714111999999998,158,106,MED  / 100ms,0.0
2026-09-01T11:56:55.767838,0.2,14.714111999999998,14.714111999999998,158,106,MED  / 100ms,0.0
2026-09-01T11:56:55.772107,0.2,14.714111999999998,14.714111999999998,158,106,MED  / 100ms,0.0
2026-09-01T11:56:55.776375,0.2,14.714111999999998,14.714111999999998,158,106,MED  / 100ms,0.0
2026-09-01T11:56:55.780651,0.2,14.714111999999998,14.714111999999998,158,106,MED  / 100ms,0.0
2026-09-01T11:56:55.784919,0.2,14.714111999999998,14.714111999999998,158,106,MED  / 100ms,0.0
2026-09-01T11:56:55.789186,0.2,14.714111999999998,14.714111999999998,158,106,MED  / 100ms,0.0
2026-09-01T11:56:55.793457,0.2,14.714111999999998,14.714111999999998,158,106,MED  / 100ms,0.0
2026-09-01T11:56:55.797734,0.2,14.714111999999998,14.714111999999998,158,106,MED  / 100ms,0.0
2026-09-01T11:56:55.802006,0.2,14.714111999999998,14.714111999999998,158,107,MED  / 100ms,0.0
2026-09-01T11:56:55.806275,0.2,14.609664,14.609664,158,107,MED  / 100ms,0.0
2026-09-01T11:56:55.810702,0.2,14.609664,14.609664,158,107,MED  / 100ms,0.0
2026-09-01T11:56:55.814979,0.2,14.609664,14.609664,158,107,MED  / 100ms,0.0
2026-09-01T11:56:55.819250,0.2,14.609664,14.609664,158,107,MED  / 100ms,0.0
2026-09-01T11:56:55.823523,0.2,14.609664,14.609664,158,107,MED  / 100ms,0.0
2026-09-01T11:56:55.827793,0.2,14.609664,14.609664,158,107,MED  / 100ms,0.0
2026-09-01T11:56:55.832070,0.2,14.609664,14.609664,158,107,MED  / 100ms,0.0
2026-09-01T11:56:55.836334,0.2,14.609664,14.609664,158,107,MED  / 100ms,0.0
2026-09-01T11:56:55.840614,0.2,14.609664,14.609664,158,107,MED  / 100ms,0.0
2026-09-01T11:56:55.844879,0.2,14.609664,14.609664,158,107,MED  / 100ms,0.0
2026-09-01T11:56:55.849149,0.2,14.609664,14.609664,158,107,MED  / 100ms,0.0
2026-09-01T11:56:55.853413,0.2,14.609664,14.609664,158,107,MED  / 100ms,0.0
2026-09-01T11:56:55.857680,0.2,14.609664,14.609664,158,107,MED  / 100ms,0.0
2026-09-01T11:56:55.861951,0.2,14.609664,14.609664,158,107,MED  / 100ms,0.0
2026-09-01T11:56:55.866225,0.2,14.609664,14.609664,158,107,MED  / 100ms,0.0
2026-09-01T11:56:55.870493,0.2,14.609664,14.609664,158,107,MED  / 100ms,0.0
2026-09-01T11:56:55.874758,0.2,14.609664,14.609664,158,107,MED  / 100ms,0.0
2026-09-01T11:56:55.879031,0.2,14.609664,14.609664,158,107,MED  / 100ms,0.0
2026-09-01T11:56:55.883298,0.2,14.609664,14.609664,158,107,MED  / 100ms,0.0
2026-09-01T11:56:55.887664,0.2,14.609664,14.609664,158,107,MED  / 100ms,0.0
2026-09-01T11:56:55.891966,0.2,14.609664,14.609664,158,107,MED  / 100ms,0.0
2026-09-01T11:56:55.896252,0.2,14.609664,14.609664,158,107,MED  / 100ms,0.0
2026-09-01T11:56:55.900541,0.2,14.609664,14.609664,158,107,MED  / 100ms,0.0
2026-09-01T11:56:55.904824,0.2,14.609664,14.609664,158,107,MED  / 100ms,0.0
2026-09-01T11:56:55.909107,0.2,14.772864,14.772864,159,107,MED  / 100ms,0.0
2026-09-01T11:56:55.913553,0.2,14.772864,14.772864,159,107,MED  / 100ms,0.0
2026-09-01T11:56:55.917832,0.2,14.772864,14.772864,159,107,MED  / 100ms,0.0
2026-09-01T11:56:55.922112,0.2,14.772864,14.772864,159,107,MED  / 100ms,0.0
2026-09-01T11:56:55.926382,0.2,14.772864,14.772864,159,107,MED  / 100ms,0.0
2026-09-01T11:56:55.930674,0.2,14.772864,14.772864,159,107,MED  / 100ms,0.0
2026-09-01T11:56:55.934968,0.2,14.772864,14.772864,159,107,MED  / 100ms,0.0
2026-09-01T11:56:55.939263,0.2,14.772864,14.772864,159,107,MED  / 100ms,0.0
2026-09-01T11:56:55.943549,0.2,14.772864,14.772864,159,107,MED  / 100ms,0.0
2026-09-01T11:56:55.947850,0.2,14.772864,14.772864,159,107,MED  / 100ms,0.0
2026-09-01T11:56:55.952128,0.2,14.772864,14.772864,159,107,MED  / 100ms,0.0
2026-09-01T11:56:55.956397,0.2,14.772864,14.772864,159,107,MED  / 100ms,0.0
2026-09-01T11:56:55.960708,0.2,14.772864,14.772864,159,107,MED  / 100ms,0.0
2026-09-01T11:56:55.964988,0.2,14.772864,14.772864,159,107,MED  / 100ms,0.0
2026-09-01T11:56:55.969288,0.2,14.772864,14.772864,159,107,MED  / 100ms,0.0
2026-09-01T11:56:55.973611,0.2,14.772864,14.772864,159,107,MED  / 100ms,0.0
2026-09-01T11:56:55.977899,0.2,14.772864,14.772864,159,107,MED  / 100ms,0.0
2026-09-01T11:56:55.982181,0.2,14.772864,14.772864,159,107,MED  / 100ms,0.0
2026-09-01T11:56:55.986458,0.2,14.772864,14.772864,159,107,MED  / 100ms,0.0
2026-09-01T11:56:55.990748,0.2,14.772864,14.772864,159,107,MED  / 100ms,0.0
2026-09-01T11:56:55.995043,0.2,14.772864,14.772864,159,107,MED  / 100ms,0.0
2026-09-01T11:56:55.999328,0.2,14.772864,14.772864,159,107,MED  / 100ms,0.0
2026-09-01T11:56:56.003605,0.2,14.772864,14.772864,159,107,MED  / 100ms,0.0
2026-09-01T11:56:56.007882,0.2,14.772864,14.772864,159,107,MED  / 100ms,0.0
2026-09-01T11:56:56.012175,0.2,14.772864,14.772864,158,107,MED  / 100ms,0.0
2026-09-01T11:56:56.016613,0.2,14.609664,14.609664,158,107,MED  / 100ms,0.0
2026-09-01T11:56:56.020906,0.2,14.609664,14.609664,158,107,MED  / 100ms,0.0
2026-09-01T11:56:56.025180,0.2,14.609664,14.609664,158,107,MED  / 100ms,0.0
2026-09-01T11:56:56.029499,0.2,14.609664,14.609664,158,107,MED  / 100ms,0.0
2026-09-01T11:56:56.033793,0.2,14.609664,14.609664,158,107,MED  / 100ms,0.0
2026-09-01T11:56:56.038078,0.2,14.609664,14.609664,158,107,MED  / 100ms,0.0
2026-09-01T11:56:56.042354,0.2,14.609664,14.609664,158,107,MED  / 100ms,0.0
2026-09-01T11:56:56.046636,0.2,14.609664,14.609664,158,107,MED  / 100ms,0.0
2026-09-01T11:56:56.050916,0.2,14.609664,14.609664,158,107,MED  / 100ms,0.0
2026-09-01T11:56:56.055191,0.2,14.609664,14.609664,158,107,MED  / 100ms,0.0
2026-09-01T11:56:56.059473,0.2,14.609664,14.609664,158,107,MED  / 100ms,0.0
2026-09-01T11:56:56.063755,0.2,14.609664,14.609664,158,107,MED  / 100ms,0.0
2026-09-01T11:56:56.068028,0.2,14.609664,14.609664,158,107,MED  / 100ms,0.0
2026-09-01T11:56:56.072308,0.2,14.609664,14.609664,158,107,MED  / 100ms,0.0
2026-09-01T11:56:56.076602,0.2,14.609664,14.609664,158,107,MED  / 100ms,0.0
2026-09-01T11:56:56.080887,0.2,14.609664,14.609664,158,107,MED  / 100ms,0.0
2026-09-01T11:56:56.085165,0.2,14.609664,14.609664,158,107,MED  / 100ms,0.0
2026-09-01T11:56:56.089453,0.2,14.609664,14.609664,158,107,MED  / 100ms,0.0
2026-09-01T11:56:56.093726,0.2,14.609664,14.609664,158,107,MED  / 100ms,0.0
2026-09-01T11:56:56.098017,0.2,14.609664,14.609664,158,107,MED  / 100ms,0.0
2026-09-01T11:56:56.102290,0.2,14.609664,14.609664,158,107,MED  / 100ms,0.0
2026-09-01T11:56:56.106573,0.2,14.609664,14.609664,158,107,MED  / 100ms,0.0
2026-09-01T11:56:56.110854,0.2,14.609664,14.609664,158,107,MED  / 100ms,0.0
2026-09-01T11:56:56.115141,0.2,14.609664,14.609664,158,107,MED  / 100ms,0.0
2026-09-01T11:56:56.119422,0.2,14.446464,14.446464,157,107,MED  / 100ms,0.0
2026-09-01T11:56:56.123864,0.2,14.446464,14.446464,157,107,MED  / 100ms,0.0
2026-09-01T11:56:56.128158,0.2,14.446464,14.446464,157,107,MED  / 100ms,0.0
2026-09-01T11:56:56.132462,0.2,14.446464,14.446464,157,107,MED  / 100ms,0.0
2026-09-01T11:56:56.136740,0.2,14.446464,14.446464,157,107,MED  / 100ms,0.0
2026-09-01T11:56:56.141013,0.2,14.446464,14.446464,157,107,MED  / 100ms,0.0
2026-09-01T11:56:56.145301,0.2,14.446464,14.446464,157,107,MED  / 100ms,0.0
2026-09-01T11:56:56.149615,0.2,14.446464,14.446464,157,107,MED  / 100ms,0.0
2026-09-01T11:56:56.153887,0.2,14.446464,14.446464,157,107,MED  / 100ms,0.0
2026-09-01T11:56:56.158157,0.2,14.446464,14.446464,157,107,MED  / 100ms,0.0
2026-09-01T11:56:56.162428,0.2,14.446464,14.446464,157,107,MED  / 100ms,0.0
2026-09-01T11:56:56.166724,0.2,14.446464,14.446464,157,107,MED  / 100ms,0.0
2026-09-01T11:56:56.171023,0.2,14.446464,14.446464,157,107,MED  / 100ms,0.0
2026-09-01T11:56:56.175322,0.2,14.446464,14.446464,157,107,MED  / 100ms,0.0
2026-09-01T11:56:56.179608,0.2,14.446464,14.446464,157,107,MED  / 100ms,0.0
2026-09-01T11:56:56.183889,0.2,14.446464,14.446464,157,107,MED  / 100ms,0.0
2026-09-01T11:56:56.188163,0.2,14.446464,14.446464,157,107,MED  / 100ms,0.0
2026-09-01T11:56:56.192464,0.2,14.446464,14.446464,157,107,MED  / 100ms,0.0
2026-09-01T11:56:56.196740,0.2,14.446464,14.446464,157,107,MED  / 100ms,0.0
2026-09-01T11:56:56.201031,0.2,14.446464,14.446464,157,107,MED  / 100ms,0.0
2026-09-01T11:56:56.205323,0.2,14.446464,14.446464,157,107,MED  / 100ms,0.0
2026-09-01T11:56:56.209615,0.2,14.446464,14.446464,157,107,MED  / 100ms,0.0
2026-09-01T11:56:56.213893,0.2,14.446464,14.446464,157,107,MED  / 100ms,0.0
2026-09-01T11:56:56.218171,0.2,14.446464,14.446464,157,107,MED  / 100ms,0.0
2026-09-01T11:56:56.222451,0.2,14.687999999999999,14.687999999999999,154,100,MED  / 100ms,0.0
2026-09-01T11:56:56.226887,0.2,14.687999999999999,14.687999999999999,154,100,MED  / 100ms,0.0
2026-09-01T11:56:56.231360,0.2,14.687999999999999,14.687999999999999,154,100,MED  / 100ms,0.0
2026-09-01T11:56:56.235662,0.2,14.687999999999999,14.687999999999999,154,100,MED  / 100ms,0.0
2026-09-01T11:56:56.239959,0.2,14.687999999999999,14.687999999999999,154,100,MED  / 100ms,0.0
2026-09-01T11:56:56.244253,0.2,14.687999999999999,14.687999999999999,154,100,MED  / 100ms,0.0
2026-09-01T11:56:56.248532,0.2,14.687999999999999,14.687999999999999,154,100,MED  / 100ms,0.0
2026-09-01T11:56:56.252808,0.2,14.687999999999999,14.687999999999999,154,100,MED  / 100ms,0.0
2026-09-01T11:56:56.257084,0.2,14.687999999999999,14.687999999999999,154,100,MED  / 100ms,0.0
2026-09-01T11:56:56.261360,0.2,14.687999999999999,14.687999999999999,154,100,MED  / 100ms,0.0
2026-09-01T11:56:56.265636,0.2,14.687999999999999,14.687999999999999,154,100,MED  / 100ms,0.0
2026-09-01T11:56:56.269919,0.2,14.687999999999999,14.687999999999999,154,100,MED  / 100ms,0.0
2026-09-01T11:56:56.274208,0.2,14.687999999999999,14.687999999999999,154,100,MED  / 100ms,0.0
2026-09-01T11:56:56.278479,0.2,14.687999999999999,14.687999999999999,154,100,MED  / 100ms,0.0
2026-09-01T11:56:56.282749,0.2,14.687999999999999,14.687999999999999,154,100,MED  / 100ms,0.0
2026-09-01T11:56:56.287016,0.2,14.687999999999999,14.687999999999999,154,100,MED  / 100ms,0.0
2026-09-01T11:56:56.291283,0.2,14.687999999999999,14.687999999999999,154,100,MED  / 100ms,0.0
2026-09-01T11:56:56.295610,0.2,14.687999999999999,14.687999999999999,154,100,MED  / 100ms,0.0
2026-09-01T11:56:56.299885,0.2,14.687999999999999,14.687999999999999,154,100,MED  / 100ms,0.0
2026-09-01T11:56:56.304152,0.2,14.687999999999999,14.687999999999999,154,100,MED  / 100ms,0.0
2026-09-01T11:56:56.308421,0.2,14.687999999999999,14.687999999999999,154,100,MED  / 100ms,0.0
2026-09-01T11:56:56.312701,0.2,14.687999999999999,14.687999999999999,154,100,MED  / 100ms,0.0
2026-09-01T11:56:56.316987,0.2,14.687999999999999,14.687999999999999,154,100,MED  / 100ms,0.0
2026-09-01T11:56:56.321272,0.2,14.687999999999999,14.687999999999999,154,100,MED  / 100ms,0.0
2026-09-01T11:56:56.325548,0.2,14.687999999999999,14.687999999999999,154,563,MED  / 100ms,0.0
2026-09-01T11:56:56.329995,0.2,231.038976,231.038976,1776,563,MED  / 100ms,0.0
2026-09-01T11:56:56.334266,0.2,231.038976,231.038976,1776,563,MED  / 100ms,0.0
2026-09-01T11:56:56.338533,0.2,231.038976,231.038976,1776,563,MED  / 100ms,0.0
2026-09-01T11:56:56.342799,0.2,231.038976,231.038976,1776,563,MED  / 100ms,0.0
2026-09-01T11:56:56.347068,0.2,231.038976,231.038976,1776,563,MED  / 100ms,0.0
2026-09-01T11:56:56.351356,0.2,231.038976,231.038976,1776,563,MED  / 100ms,0.0
2026-09-01T11:56:56.355633,0.2,231.038976,231.038976,1776,563,MED  / 100ms,0.0
2026-09-01T11:56:56.359907,0.2,231.038976,231.038976,1776,563,MED  / 100ms,0.0
2026-09-01T11:56:56.364184,0.2,231.038976,231.038976,1776,563,MED  / 100ms,0.0
2026-09-01T11:56:56.368487,0.2,231.038976,231.038976,1776,563,MED  / 100ms,0.0
2026-09-01T11:56:56.372762,0.2,231.038976,231.038976,1776,563,MED  / 100ms,0.0
2026-09-01T11:56:56.377040,0.2,231.038976,231.038976,1776,563,MED  / 100ms,0.0
2026-09-01T11:56:56.381329,0.2,231.038976,231.038976,1776,563,MED  / 100ms,0.0
2026-09-01T11:56:56.385603,0.2,231.038976,231.038976,1776,563,MED  / 100ms,0.0
2026-09-01T11:56:56.389878,0.2,231.038976,231.038976,1776,563,MED  / 100ms,0.0
2026-09-01T11:56:56.394186,0.2,231.038976,231.038976,1776,563,MED  / 100ms,0.0
2026-09-01T11:56:56.398458,0.2,231.038976,231.038976,1776,563,MED  / 100ms,0.0
2026-09-01T11:56:56.402735,0.2,231.038976,231.038976,1776,563,MED  / 100ms,0.0
2026-09-01T11:56:56.407011,0.2,231.038976,231.038976,1776,563,MED  / 100ms,0.0
2026-09-01T11:56:56.411285,0.2,231.038976,231.038976,1776,563,MED  / 100ms,0.0
2026-09-01T11:56:56.415579,0.2,231.038976,231.038976,1776,563,MED  / 100ms,0.0
2026-09-01T11:56:56.419849,0.2,231.038976,231.038976,1776,563,MED  / 100ms,0.0
2026-09-01T11:56:56.424121,0.2,231.038976,231.038976,1776,563,MED  / 100ms,0.0
2026-09-01T11:56:56.428388,0.2,231.038976,231.038976,1776,563,MED  / 100ms,0.0
2026-09-01T11:56:56.432843,0.2,341.4144,341.4144,2572,750,MED  / 100ms,0.0
2026-09-01T11:56:56.437153,0.2,341.4144,341.4144,2572,750,MED  / 100ms,0.0
2026-09-01T11:56:56.441438,0.2,341.4144,341.4144,2572,750,MED  / 100ms,0.0
2026-09-01T11:56:56.445708,0.2,341.4144,341.4144,2572,750,MED  / 100ms,0.0
2026-09-01T11:56:56.449980,0.2,341.4144,341.4144,2572,750,MED  / 100ms,0.0
2026-09-01T11:56:56.454246,0.2,341.4144,341.4144,2572,750,MED  / 100ms,0.0
2026-09-01T11:56:56.458512,0.2,341.4144,341.4144,2572,750,MED  / 100ms,0.0
2026-09-01T11:56:56.462781,0.2,341.4144,341.4144,2572,750,MED  / 100ms,0.0
2026-09-01T11:56:56.467053,0.2,341.4144,341.4144,2572,750,MED  / 100ms,0.0
2026-09-01T11:56:56.471328,0.2,341.4144,341.4144,2572,750,MED  / 100ms,0.0
2026-09-01T11:56:56.475593,0.2,341.4144,341.4144,2572,750,MED  / 100ms,0.0
2026-09-01T11:56:56.479884,0.2,341.4144,341.4144,2572,750,MED  / 100ms,0.0
2026-09-01T11:56:56.484164,0.2,341.4144,341.4144,2572,750,MED  / 100ms,0.0
2026-09-01T11:56:56.488435,0.2,341.4144,341.4144,2572,750,MED  / 100ms,0.0
2026-09-01T11:56:56.492710,0.2,341.4144,341.4144,2572,750,MED  / 100ms,0.0
2026-09-01T11:56:56.496979,0.2,341.4144,341.4144,2572,750,MED  / 100ms,0.0
2026-09-01T11:56:56.501246,0.2,341.4144,341.4144,2572,750,MED  / 100ms,0.0
2026-09-01T11:56:56.505520,0.2,341.4144,341.4144,2572,750,MED  / 100ms,0.0
2026-09-01T11:56:56.509797,0.2,341.4144,341.4144,2572,750,MED  / 100ms,0.0
2026-09-01T11:56:56.514081,0.2,341.4144,341.4144,2572,750,MED  / 100ms,0.0
2026-09-01T11:56:56.518347,0.2,341.4144,341.4144,2572,750,MED  / 100ms,0.0
2026-09-01T11:56:56.522612,0.2,341.4144,341.4144,2572,750,MED  / 100ms,0.0
2026-09-01T11:56:56.526890,0.2,341.4144,341.4144,2572,750,MED  / 100ms,0.0
2026-09-01T11:56:56.531176,0.2,341.4144,341.4144,2572,750,MED  / 100ms,0.0
2026-09-01T11:56:56.535457,0.2,341.4144,341.4144,2957,836,MED  / 100ms,0.0
2026-09-01T11:56:56.539888,0.2,395.263872,395.263872,2957,836,MED  / 100ms,0.0
2026-09-01T11:56:56.544163,0.2,395.263872,395.263872,2957,836,MED  / 100ms,0.0
2026-09-01T11:56:56.548434,0.2,395.263872,395.263872,2957,836,MED  / 100ms,0.0
2026-09-01T11:56:56.552710,0.2,395.263872,395.263872,2957,836,MED  / 100ms,0.0
2026-09-01T11:56:56.556984,0.2,395.263872,395.263872,2957,836,MED  / 100ms,0.0
2026-09-01T11:56:56.561252,0.2,395.263872,395.263872,2957,836,MED  / 100ms,0.0
2026-09-01T11:56:56.565521,0.2,395.263872,395.263872,2957,836,MED  / 100ms,0.0
2026-09-01T11:56:56.569787,0.2,395.263872,395.263872,2957,836,MED  / 100ms,0.0
2026-09-01T11:56:56.574055,0.2,395.263872,395.263872,2957,836,MED  / 100ms,0.0
2026-09-01T11:56:56.578318,0.2,395.263872,395.263872,2957,836,MED  / 100ms,0.0
2026-09-01T11:56:56.582592,0.2,395.263872,395.263872,2957,836,MED  / 100ms,0.0
2026-09-01T11:56:56.586861,0.2,395.263872,395.263872,2957,836,MED  / 100ms,0.0
2026-09-01T11:56:56.591156,0.2,395.263872,395.263872,2957,836,MED  / 100ms,0.0
2026-09-01T11:56:56.595444,0.2,395.263872,395.263872,2957,836,MED  / 100ms,0.0
2026-09-01T11:56:56.599724,0.2,395.263872,395.263872,2957,836,MED  / 100ms,0.0
2026-09-01T11:56:56.604008,0.2,395.263872,395.263872,2957,836,MED  / 100ms,0.0
2026-09-01T11:56:56.608280,0.2,395.263872,395.263872,2957,836,MED  / 100ms,0.0
2026-09-01T11:56:56.612551,0.2,395.263872,395.263872,2957,836,MED  / 100ms,0.0
2026-09-01T11:56:56.616851,0.2,395.263872,395.263872,2957,836,MED  / 100ms,0.0
2026-09-01T11:56:56.621131,0.2,395.263872,395.263872,2957,836,MED  / 100ms,0.0
2026-09-01T11:56:56.625422,0.2,395.263872,395.263872,2957,836,MED  / 100ms,0.0
2026-09-01T11:56:56.629703,0.2,395.263872,395.263872,2957,836,MED  / 100ms,0.0
2026-09-01T11:56:56.634001,0.2,395.263872,395.263872,2957,836,MED  / 100ms,0.0
2026-09-01T11:56:56.638287,0.2,395.263872,395.263872,2957,836,MED  / 100ms,0.0
2026-09-01T11:56:56.642740,0.2,417.92256,417.92256,3124,880,MED  / 100ms,0.0
2026-09-01T11:56:56.647021,0.2,417.92256,417.92256,3124,880,MED  / 100ms,0.0
2026-09-01T11:56:56.651287,0.2,417.92256,417.92256,3124,880,MED  / 100ms,0.0
2026-09-01T11:56:56.655577,0.2,417.92256,417.92256,3124,880,MED  / 100ms,0.0
2026-09-01T11:56:56.659847,0.2,417.92256,417.92256,3124,880,MED  / 100ms,0.0
2026-09-01T11:56:56.664124,0.2,417.92256,417.92256,3124,880,MED  / 100ms,0.0
2026-09-01T11:56:56.668411,0.2,417.92256,417.92256,3124,880,MED  / 100ms,0.0
2026-09-01T11:56:56.672693,0.2,417.92256,417.92256,3124,880,MED  / 100ms,0.0
2026-09-01T11:56:56.676968,0.2,417.92256,417.92256,3124,880,MED  / 100ms,0.0
2026-09-01T11:56:56.681244,0.2,417.92256,417.92256,3124,880,MED  / 100ms,0.0
2026-09-01T11:56:56.685512,0.2,417.92256,417.92256,3124,880,MED  / 100ms,0.0
2026-09-01T11:56:56.689784,0.2,417.92256,417.92256,3124,880,MED  / 100ms,0.0
2026-09-01T11:56:56.694051,0.2,417.92256,417.92256,3124,880,MED  / 100ms,0.0
2026-09-01T11:56:56.698317,0.2,417.92256,417.92256,3124,880,MED  / 100ms,0.0
2026-09-01T11:56:56.702588,0.2,417.92256,417.92256,3124,880,MED  / 100ms,0.0
2026-09-01T11:56:56.706859,0.2,417.92256,417.92256,3124,880,MED  / 100ms,0.0
2026-09-01T11:56:56.711156,0.2,417.92256,417.92256,3124,880,MED  / 100ms,0.0
2026-09-01T11:56:56.715436,0.2,417.92256,417.92256,3124,880,MED  / 100ms,0.0
2026-09-01T11:56:56.719701,0.2,417.92256,417.92256,3124,880,MED  / 100ms,0.0
2026-09-01T11:56:56.723965,0.2,417.92256,417.92256,3124,880,MED  / 100ms,0.0
2026-09-01T11:56:56.728231,0.2,417.92256,417.92256,3124,880,MED  / 100ms,0.0
2026-09-01T11:56:56.732507,0.2,417.92256,417.92256,3124,880,MED  / 100ms,0.0
2026-09-01T11:56:56.736797,0.2,417.92256,417.92256,3124,880,MED  / 100ms,0.0
2026-09-01T11:56:56.741077,0.2,417.92256,417.92256,3124,880,MED  / 100ms,0.0
2026-09-01T11:56:56.745518,0.2,423.74553599999996,423.74553599999996,3168,893,MED  / 100ms,0.0
2026-09-01T11:56:56.749800,0.2,423.74553599999996,423.74553599999996,3168,893,MED  / 100ms,0.0
2026-09-01T11:56:56.754079,0.2,423.74553599999996,423.74553599999996,3168,893,MED  / 100ms,0.0
2026-09-01T11:56:56.758369,0.2,423.74553599999996,423.74553599999996,3168,893,MED  / 100ms,0.0
2026-09-01T11:56:56.762643,0.2,423.74553599999996,423.74553599999996,3168,893,MED  / 100ms,0.0
2026-09-01T11:56:56.766920,0.2,423.74553599999996,423.74553599999996,3168,893,MED  / 100ms,0.0
2026-09-01T11:56:56.771190,0.2,423.74553599999996,423.74553599999996,3168,893,MED  / 100ms,0.0
2026-09-01T11:56:56.775458,0.2,423.74553599999996,423.74553599999996,3168,893,MED  / 100ms,0.0
2026-09-01T11:56:56.779732,0.2,423.74553599999996,423.74553599999996,3168,893,MED  / 100ms,0.0
2026-09-01T11:56:56.784021,0.2,423.74553599999996,423.74553599999996,3168,893,MED  / 100ms,0.0
2026-09-01T11:56:56.788290,0.2,423.74553599999996,423.74553599999996,3168,893,MED  / 100ms,0.0
2026-09-01T11:56:56.792556,0.2,423.74553599999996,423.74553599999996,3168,893,MED  / 100ms,0.0
2026-09-01T11:56:56.796823,0.2,423.74553599999996,423.74553599999996,3168,893,MED  / 100ms,0.0
2026-09-01T11:56:56.801122,0.2,423.74553599999996,423.74553599999996,3168,893,MED  / 100ms,0.0
2026-09-01T11:56:56.805397,0.2,423.74553599999996,423.74553599999996,3168,893,MED  / 100ms,0.0
2026-09-01T11:56:56.809686,0.2,423.74553599999996,423.74553599999996,3168,893,MED  / 100ms,0.0
2026-09-01T11:56:56.813970,0.2,423.74553599999996,423.74553599999996,3168,893,MED  / 100ms,0.0
2026-09-01T11:56:56.818237,0.2,423.74553599999996,423.74553599999996,3168,893,MED  / 100ms,0.0
2026-09-01T11:56:56.822514,0.2,423.74553599999996,423.74553599999996,3168,893,MED  / 100ms,0.0
2026-09-01T11:56:56.826785,0.2,423.74553599999996,423.74553599999996,3168,893,MED  / 100ms,0.0
2026-09-01T11:56:56.831059,0.2,423.74553599999996,423.74553599999996,3168,893,MED  / 100ms,0.0
2026-09-01T11:56:56.835336,0.2,423.74553599999996,423.74553599999996,3168,893,MED  / 100ms,0.0
2026-09-01T11:56:56.839608,0.2,423.74553599999996,423.74553599999996,3168,893,MED  / 100ms,0.0
2026-09-01T11:56:56.843875,0.2,423.74553599999996,423.74553599999996,3168,893,MED  / 100ms,0.0
2026-09-01T11:56:56.848325,0.2,423.74553599999996,423.74553599999996,3168,891,MED  / 100ms,0.0
2026-09-01T11:56:56.852604,0.2,422.648832,422.648832,3160,891,MED  / 100ms,0.0
2026-09-01T11:56:56.856891,0.2,422.648832,422.648832,3160,891,MED  / 100ms,0.0
2026-09-01T11:56:56.861178,0.2,422.648832,422.648832,3160,891,MED  / 100ms,0.0
2026-09-01T11:56:56.865453,0.2,422.648832,422.648832,3160,891,MED  / 100ms,0.0
2026-09-01T11:56:56.869721,0.2,422.648832,422.648832,3160,891,MED  / 100ms,0.0
2026-09-01T11:56:56.873985,0.2,422.648832,422.648832,3160,891,MED  / 100ms,0.0
2026-09-01T11:56:56.878248,0.2,422.648832,422.648832,3160,891,MED  / 100ms,0.0
2026-09-01T11:56:56.882516,0.2,422.648832,422.648832,3160,891,MED  / 100ms,0.0
2026-09-01T11:56:56.886783,0.2,422.648832,422.648832,3160,891,MED  / 100ms,0.0
2026-09-01T11:56:56.891054,0.2,422.648832,422.648832,3160,891,MED  / 100ms,0.0
2026-09-01T11:56:56.895321,0.2,422.648832,422.648832,3160,891,MED  / 100ms,0.0
2026-09-01T11:56:56.899614,0.2,422.648832,422.648832,3160,891,MED  / 100ms,0.0
2026-09-01T11:56:56.903889,0.2,422.648832,422.648832,3160,891,MED  / 100ms,0.0
2026-09-01T11:56:56.908156,0.2,422.648832,422.648832,3160,891,MED  / 100ms,0.0
2026-09-01T11:56:56.912427,0.2,422.648832,422.648832,3160,891,MED  / 100ms,0.0
2026-09-01T11:56:56.916698,0.2,422.648832,422.648832,3160,891,MED  / 100ms,0.0
2026-09-01T11:56:56.920967,0.2,422.648832,422.648832,3160,891,MED  / 100ms,0.0
2026-09-01T11:56:56.925228,0.2,422.648832,422.648832,3160,891,MED  / 100ms,0.0
2026-09-01T11:56:56.929500,0.2,422.648832,422.648832,3160,891,MED  / 100ms,0.0
2026-09-01T11:56:56.933786,0.2,422.648832,422.648832,3160,891,MED  / 100ms,0.0
2026-09-01T11:56:56.938062,0.2,422.648832,422.648832,3160,891,MED  / 100ms,0.0
2026-09-01T11:56:56.942326,0.2,422.648832,422.648832,3160,891,MED  / 100ms,0.0
2026-09-01T11:56:56.946608,0.2,422.648832,422.648832,3160,891,MED  / 100ms,0.0
2026-09-01T11:56:56.950886,0.2,422.648832,422.648832,3160,891,MED  / 100ms,0.0
2026-09-01T11:56:56.955326,0.2,421.65657600000003,421.65657600000003,3152,888,MED  / 100ms,0.0
2026-09-01T11:56:56.959595,0.2,421.65657600000003,421.65657600000003,3152,888,MED  / 100ms,0.0
2026-09-01T11:56:56.963869,0.2,421.65657600000003,421.65657600000003,3152,888,MED  / 100ms,0.0
2026-09-01T11:56:56.968165,0.2,421.65657600000003,421.65657600000003,3152,888,MED  / 100ms,0.0
2026-09-01T11:56:56.972450,0.2,421.65657600000003,421.65657600000003,3152,888,MED  / 100ms,0.0
2026-09-01T11:56:56.976722,0.2,421.65657600000003,421.65657600000003,3152,888,MED  / 100ms,0.0
2026-09-01T11:56:56.980991,0.2,421.65657600000003,421.65657600000003,3152,888,MED  / 100ms,0.0
2026-09-01T11:56:56.985260,0.2,421.65657600000003,421.65657600000003,3152,888,MED  / 100ms,0.0
2026-09-01T11:56:56.989530,0.2,421.65657600000003,421.65657600000003,3152,888,MED  / 100ms,0.0
2026-09-01T11:56:56.993798,0.2,421.65657600000003,421.65657600000003,3152,888,MED  / 100ms,0.0
2026-09-01T11:56:56.998068,0.2,421.65657600000003,421.65657600000003,3152,888,MED  / 100ms,0.0
2026-09-01T11:56:57.002332,0.2,421.65657600000003,421.65657600000003,3152,888,MED  / 100ms,0.0
2026-09-01T11:56:57.006599,0.2,421.65657600000003,421.65657600000003,3152,888,MED  / 100ms,0.0
2026-09-01T11:56:57.010867,0.2,421.65657600000003,421.65657600000003,3152,888,MED  / 100ms,0.0
2026-09-01T11:56:57.015161,0.2,421.65657600000003,421.65657600000003,3152,888,MED  / 100ms,0.0
2026-09-01T11:56:57.019434,0.2,421.65657600000003,421.65657600000003,3152,888,MED  / 100ms,0.0
2026-09-01T11:56:57.023703,0.2,421.65657600000003,421.65657600000003,3152,888,MED  / 100ms,0.0
2026-09-01T11:56:57.027970,0.2,421.65657600000003,421.65657600000003,3152,888,MED  / 100ms,0.0
2026-09-01T11:56:57.032260,0.2,421.65657600000003,421.65657600000003,3152,888,MED  / 100ms,0.0
2026-09-01T11:56:57.036536,0.2,421.65657600000003,421.65657600000003,3152,888,MED  / 100ms,0.0
2026-09-01T11:56:57.040804,0.2,421.65657600000003,421.65657600000003,3152,888,MED  / 100ms,0.0
2026-09-01T11:56:57.045089,0.2,421.65657600000003,421.65657600000003,3152,888,MED  / 100ms,0.0
2026-09-01T11:56:57.049370,0.2,421.65657600000003,421.65657600000003,3152,888,MED  / 100ms,0.0
2026-09-01T11:56:57.053660,0.2,421.65657600000003,421.65657600000003,3152,888,MED  / 100ms,0.0
2026-09-01T11:56:57.058110,0.2,421.65657600000003,421.65657600000003,3152,889,MED  / 100ms,0.0
2026-09-01T11:56:57.062385,0.2,422.041728,422.041728,3155,889,MED  / 100ms,0.0
2026-09-01T11:56:57.066660,0.2,422.041728,422.041728,3155,889,MED  / 100ms,0.0
2026-09-01T11:56:57.070950,0.2,422.041728,422.041728,3155,889,MED  / 100ms,0.0
2026-09-01T11:56:57.075221,0.2,422.041728,422.041728,3155,889,MED  / 100ms,0.0
2026-09-01T11:56:57.079498,0.2,422.041728,422.041728,3155,889,MED  / 100ms,0.0
2026-09-01T11:56:57.083767,0.2,422.041728,422.041728,3155,889,MED  / 100ms,0.0
2026-09-01T11:56:57.088045,0.2,422.041728,422.041728,3155,889,MED  / 100ms,0.0
2026-09-01T11:56:57.092335,0.2,422.041728,422.041728,3155,889,MED  / 100ms,0.0
2026-09-01T11:56:57.096615,0.2,422.041728,422.041728,3155,889,MED  / 100ms,0.0
2026-09-01T11:56:57.100883,0.2,422.041728,422.041728,3155,889,MED  / 100ms,0.0
2026-09-01T11:56:57.105163,0.2,422.041728,422.041728,3155,889,MED  / 100ms,0.0
2026-09-01T11:56:57.109440,0.2,422.041728,422.041728,3155,889,MED  / 100ms,0.0
2026-09-01T11:56:57.113736,0.2,422.041728,422.041728,3155,889,MED  / 100ms,0.0
2026-09-01T11:56:57.118003,0.2,422.041728,422.041728,3155,889,MED  / 100ms,0.0
2026-09-01T11:56:57.122266,0.2,422.041728,422.041728,3155,889,MED  / 100ms,0.0
2026-09-01T11:56:57.126531,0.2,422.041728,422.041728,3155,889,MED  / 100ms,0.0
2026-09-01T11:56:57.130828,0.2,422.041728,422.041728,3155,889,MED  / 100ms,0.0
2026-09-01T11:56:57.135110,0.2,422.041728,422.041728,3155,889,MED  / 100ms,0.0
2026-09-01T11:56:57.139380,0.2,422.041728,422.041728,3155,889,MED  / 100ms,0.0
2026-09-01T11:56:57.143653,0.2,422.041728,422.041728,3155,889,MED  / 100ms,0.0
2026-09-01T11:56:57.147930,0.2,422.041728,422.041728,3155,889,MED  / 100ms,0.0
2026-09-01T11:56:57.152200,0.2,422.041728,422.041728,3155,889,MED  / 100ms,0.0
2026-09-01T11:56:57.156480,0.2,422.041728,422.041728,3155,889,MED  / 100ms,0.0
2026-09-01T11:56:57.160906,0.2,422.041728,422.041728,3155,889,MED  / 100ms,0.0
2026-09-01T11:56:57.165187,0.2,421.71532799999994,421.71532799999994,3153,889,MED  / 100ms,0.0
2026-09-01T11:56:57.169480,0.2,421.71532799999994,421.71532799999994,3153,889,MED  / 100ms,0.0
2026-09-01T11:56:57.173750,0.2,421.71532799999994,421.71532799999994,3153,889,MED  / 100ms,0.0
2026-09-01T11:56:57.178016,0.2,421.71532799999994,421.71532799999994,3153,889,MED  / 100ms,0.0
2026-09-01T11:56:57.182283,0.2,421.71532799999994,421.71532799999994,3153,889,MED  / 100ms,0.0
2026-09-01T11:56:57.186554,0.2,421.71532799999994,421.71532799999994,3153,889,MED  / 100ms,0.0
2026-09-01T11:56:57.190819,0.2,421.71532799999994,421.71532799999994,3153,889,MED  / 100ms,0.0
2026-09-01T11:56:57.195094,0.2,421.71532799999994,421.71532799999994,3153,889,MED  / 100ms,0.0
2026-09-01T11:56:57.199385,0.2,421.71532799999994,421.71532799999994,3153,889,MED  / 100ms,0.0
2026-09-01T11:56:57.203666,0.2,421.71532799999994,421.71532799999994,3153,889,MED  / 100ms,0.0
2026-09-01T11:56:57.207953,0.2,421.71532799999994,421.71532799999994,3153,889,MED  / 100ms,0.0
2026-09-01T11:56:57.212233,0.2,421.71532799999994,421.71532799999994,3153,889,MED  / 100ms,0.0
2026-09-01T11:56:57.216532,0.2,421.71532799999994,421.71532799999994,3153,889,MED  / 100ms,0.0
2026-09-01T11:56:57.220814,0.2,421.71532799999994,421.71532799999994,3153,889,MED  / 100ms,0.0
2026-09-01T11:56:57.225098,0.2,421.71532799999994,421.71532799999994,3153,889,MED  / 100ms,0.0
2026-09-01T11:56:57.229374,0.2,421.71532799999994,421.71532799999994,3153,889,MED  / 100ms,0.0
2026-09-01T11:56:57.233672,0.2,421.71532799999994,421.71532799999994,3153,889,MED  / 100ms,0.0
2026-09-01T11:56:57.237945,0.2,421.71532799999994,421.71532799999994,3153,889,MED  / 100ms,0.0
2026-09-01T11:56:57.242209,0.2,421.71532799999994,421.71532799999994,3153,889,MED  / 100ms,0.0
2026-09-01T11:56:57.246481,0.2,421.71532799999994,421.71532799999994,3153,889,MED  / 100ms,0.0
2026-09-01T11:56:57.250754,0.2,421.71532799999994,421.71532799999994,3153,889,MED  / 100ms,0.0
2026-09-01T11:56:57.255038,0.2,421.71532799999994,421.71532799999994,3153,889,MED  / 100ms,0.0
2026-09-01T11:56:57.259301,0.2,421.71532799999994,421.71532799999994,3153,889,MED  / 100ms,0.0
2026-09-01T11:56:57.263750,0.2,421.71532799999994,421.71532799999994,3153,889,MED  / 100ms,0.0
2026-09-01T11:56:57.268021,0.2,421.71532799999994,421.71532799999994,3143,887,MED  / 100ms,0.0
2026-09-01T11:56:57.272310,0.2,420.292224,420.292224,3143,887,MED  / 100ms,0.0
2026-09-01T11:56:57.276576,0.2,420.292224,420.292224,3143,887,MED  / 100ms,0.0
2026-09-01T11:56:57.280852,0.2,420.292224,420.292224,3143,887,MED  / 100ms,0.0
2026-09-01T11:56:57.285128,0.2,420.292224,420.292224,3143,887,MED  / 100ms,0.0
2026-09-01T11:56:57.289400,0.2,420.292224,420.292224,3143,887,MED  / 100ms,0.0
2026-09-01T11:56:57.293672,0.2,420.292224,420.292224,3143,887,MED  / 100ms,0.0
2026-09-01T11:56:57.297950,0.2,420.292224,420.292224,3143,887,MED  / 100ms,0.0
2026-09-01T11:56:57.302214,0.2,420.292224,420.292224,3143,887,MED  / 100ms,0.0
2026-09-01T11:56:57.306493,0.2,420.292224,420.292224,3143,887,MED  / 100ms,0.0
2026-09-01T11:56:57.310766,0.2,420.292224,420.292224,3143,887,MED  / 100ms,0.0
2026-09-01T11:56:57.315040,0.2,420.292224,420.292224,3143,887,MED  / 100ms,0.0
2026-09-01T11:56:57.319329,0.2,420.292224,420.292224,3143,887,MED  / 100ms,0.0
2026-09-01T11:56:57.323608,0.2,420.292224,420.292224,3143,887,MED  / 100ms,0.0
2026-09-01T11:56:57.327898,0.2,420.292224,420.292224,3143,887,MED  / 100ms,0.0
2026-09-01T11:56:57.332203,0.2,420.292224,420.292224,3143,887,MED  / 100ms,0.0
2026-09-01T11:56:57.336482,0.2,420.292224,420.292224,3143,887,MED  / 100ms,0.0
2026-09-01T11:56:57.340745,0.2,420.292224,420.292224,3143,887,MED  / 100ms,0.0
2026-09-01T11:56:57.345030,0.2,420.292224,420.292224,3143,887,MED  / 100ms,0.0
2026-09-01T11:56:57.349304,0.2,420.292224,420.292224,3143,887,MED  / 100ms,0.0
2026-09-01T11:56:57.353574,0.2,420.292224,420.292224,3143,887,MED  / 100ms,0.0
2026-09-01T11:56:57.357840,0.2,420.292224,420.292224,3143,887,MED  / 100ms,0.0
2026-09-01T11:56:57.362105,0.2,420.292224,420.292224,3143,887,MED  / 100ms,0.0
2026-09-01T11:56:57.366377,0.2,420.292224,420.292224,3143,887,MED  / 100ms,0.0
2026-09-01T11:56:57.370813,0.2,420.292224,420.292224,3143,887,MED  / 100ms,0.0
2026-09-01T11:56:57.375103,0.2,419.35872,419.35872,3136,885,MED  / 100ms,0.0
2026-09-01T11:56:57.379401,0.2,419.35872,419.35872,3136,885,MED  / 100ms,0.0
2026-09-01T11:56:57.383685,0.2,419.35872,419.35872,3136,885,MED  / 100ms,0.0
2026-09-01T11:56:57.387953,0.2,419.35872,419.35872,3136,885,MED  / 100ms,0.0
2026-09-01T11:56:57.392226,0.2,419.35872,419.35872,3136,885,MED  / 100ms,0.0
2026-09-01T11:56:57.396510,0.2,419.35872,419.35872,3136,885,MED  / 100ms,0.0
2026-09-01T11:56:57.400779,0.2,419.35872,419.35872,3136,885,MED  / 100ms,0.0
2026-09-01T11:56:57.405051,0.2,419.35872,419.35872,3136,885,MED  / 100ms,0.0
2026-09-01T11:56:57.409318,0.2,419.35872,419.35872,3136,885,MED  / 100ms,0.0
2026-09-01T11:56:57.413594,0.2,419.35872,419.35872,3136,885,MED  / 100ms,0.0
2026-09-01T11:56:57.417857,0.2,419.35872,419.35872,3136,885,MED  / 100ms,0.0
2026-09-01T11:56:57.422121,0.2,419.35872,419.35872,3136,885,MED  / 100ms,0.0
2026-09-01T11:56:57.426386,0.2,419.35872,419.35872,3136,885,MED  / 100ms,0.0
2026-09-01T11:56:57.430674,0.2,419.35872,419.35872,3136,885,MED  / 100ms,0.0
2026-09-01T11:56:57.434942,0.2,419.35872,419.35872,3136,885,MED  / 100ms,0.0
2026-09-01T11:56:57.439219,0.2,419.35872,419.35872,3136,885,MED  / 100ms,0.0
2026-09-01T11:56:57.443488,0.2,419.35872,419.35872,3136,885,MED  / 100ms,0.0
2026-09-01T11:56:57.447763,0.2,419.35872,419.35872,3136,885,MED  / 100ms,0.0
2026-09-01T11:56:57.452034,0.2,419.35872,419.35872,3136,885,MED  / 100ms,0.0
2026-09-01T11:56:57.456308,0.2,419.35872,419.35872,3136,885,MED  / 100ms,0.0
2026-09-01T11:56:57.460580,0.2,419.35872,419.35872,3136,885,MED  / 100ms,0.0
2026-09-01T11:56:57.464854,0.2,419.35872,419.35872,3136,885,MED  / 100ms,0.0
2026-09-01T11:56:57.469132,0.2,419.35872,419.35872,3136,885,MED  / 100ms,0.0
2026-09-01T11:56:57.473600,0.2,419.35872,419.35872,3136,885,MED  / 100ms,0.0
2026-09-01T11:56:57.477880,0.2,419.35872,419.35872,3125,882,MED  / 100ms,0.0
2026-09-01T11:56:57.482155,0.2,417.87686399999996,417.87686399999996,3125,882,MED  / 100ms,0.0
2026-09-01T11:56:57.486425,0.2,417.87686399999996,417.87686399999996,3125,882,MED  / 100ms,0.0
2026-09-01T11:56:57.490703,0.2,417.87686399999996,417.87686399999996,3125,882,MED  / 100ms,0.0
2026-09-01T11:56:57.494988,0.2,417.87686399999996,417.87686399999996,3125,882,MED  / 100ms,0.0
2026-09-01T11:56:57.499279,0.2,417.87686399999996,417.87686399999996,3125,882,MED  / 100ms,0.0
2026-09-01T11:56:57.503562,0.2,417.87686399999996,417.87686399999996,3125,882,MED  / 100ms,0.0
2026-09-01T11:56:57.507837,0.2,417.87686399999996,417.87686399999996,3125,882,MED  / 100ms,0.0
2026-09-01T11:56:57.512114,0.2,417.87686399999996,417.87686399999996,3125,882,MED  / 100ms,0.0
2026-09-01T11:56:57.516385,0.2,417.87686399999996,417.87686399999996,3125,882,MED  / 100ms,0.0
2026-09-01T11:56:57.520682,0.2,417.87686399999996,417.87686399999996,3125,882,MED  / 100ms,0.0
2026-09-01T11:56:57.524952,0.2,417.87686399999996,417.87686399999996,3125,882,MED  / 100ms,0.0
2026-09-01T11:56:57.529225,0.2,417.87686399999996,417.87686399999996,3125,882,MED  / 100ms,0.0
2026-09-01T11:56:57.533500,0.2,417.87686399999996,417.87686399999996,3125,882,MED  / 100ms,0.0
2026-09-01T11:56:57.537794,0.2,417.87686399999996,417.87686399999996,3125,882,MED  / 100ms,0.0
2026-09-01T11:56:57.542060,0.2,417.87686399999996,417.87686399999996,3125,882,MED  / 100ms,0.0
2026-09-01T11:56:57.546331,0.2,417.87686399999996,417.87686399999996,3125,882,MED  / 100ms,0.0
2026-09-01T11:56:57.550607,0.2,417.87686399999996,417.87686399999996,3125,882,MED  / 100ms,0.0
2026-09-01T11:56:57.554880,0.2,417.87686399999996,417.87686399999996,3125,882,MED  / 100ms,0.0
2026-09-01T11:56:57.559144,0.2,417.87686399999996,417.87686399999996,3125,882,MED  / 100ms,0.0
2026-09-01T11:56:57.563417,0.2,417.87686399999996,417.87686399999996,3125,882,MED  / 100ms,0.0
2026-09-01T11:56:57.567683,0.2,417.87686399999996,417.87686399999996,3125,882,MED  / 100ms,0.0
2026-09-01T11:56:57.571963,0.2,417.87686399999996,417.87686399999996,3125,882,MED  / 100ms,0.0
2026-09-01T11:56:57.576401,0.2,417.87686399999996,417.87686399999996,3125,882,MED  / 100ms,0.0
2026-09-01T11:56:57.580679,0.2,417.87686399999996,417.87686399999996,3125,881,MED  / 100ms,0.0
2026-09-01T11:56:57.584980,0.2,417.49171199999995,417.49171199999995,3122,881,MED  / 100ms,0.0
2026-09-01T11:56:57.589256,0.2,417.49171199999995,417.49171199999995,3122,881,MED  / 100ms,0.0
2026-09-01T11:56:57.593537,0.2,417.49171199999995,417.49171199999995,3122,881,MED  / 100ms,0.0
2026-09-01T11:56:57.597813,0.2,417.49171199999995,417.49171199999995,3122,881,MED  / 100ms,0.0
2026-09-01T11:56:57.602088,0.2,417.49171199999995,417.49171199999995,3122,881,MED  / 100ms,0.0
2026-09-01T11:56:57.606357,0.2,417.49171199999995,417.49171199999995,3122,881,MED  / 100ms,0.0
2026-09-01T11:56:57.610636,0.2,417.49171199999995,417.49171199999995,3122,881,MED  / 100ms,0.0
2026-09-01T11:56:57.614916,0.2,417.49171199999995,417.49171199999995,3122,881,MED  / 100ms,0.0
2026-09-01T11:56:57.619192,0.2,417.49171199999995,417.49171199999995,3122,881,MED  / 100ms,0.0
2026-09-01T11:56:57.623462,0.2,417.49171199999995,417.49171199999995,3122,881,MED  / 100ms,0.0
2026-09-01T11:56:57.627743,0.2,417.49171199999995,417.49171199999995,3122,881,MED  / 100ms,0.0
2026-09-01T11:56:57.632014,0.2,417.49171199999995,417.49171199999995,3122,881,MED  / 100ms,0.0
2026-09-01T11:56:57.636282,0.2,417.49171199999995,417.49171199999995,3122,881,MED  / 100ms,0.0
2026-09-01T11:56:57.640587,0.2,417.49171199999995,417.49171199999995,3122,881,MED  / 100ms,0.0
2026-09-01T11:56:57.644886,0.2,417.49171199999995,417.49171199999995,3122,881,MED  / 100ms,0.0
2026-09-01T11:56:57.649165,0.2,417.49171199999995,417.49171199999995,3122,881,MED  / 100ms,0.0
2026-09-01T11:56:57.653434,0.2,417.49171199999995,417.49171199999995,3122,881,MED  / 100ms,0.0
2026-09-01T11:56:57.657697,0.2,417.49171199999995,417.49171199999995,3122,881,MED  / 100ms,0.0
2026-09-01T11:56:57.661968,0.2,417.49171199999995,417.49171199999995,3122,881,MED  / 100ms,0.0
2026-09-01T11:56:57.666256,0.2,417.49171199999995,417.49171199999995,3122,881,MED  / 100ms,0.0
2026-09-01T11:56:57.670523,0.2,417.49171199999995,417.49171199999995,3122,881,MED  / 100ms,0.0
2026-09-01T11:56:57.674791,0.2,417.49171199999995,417.49171199999995,3122,881,MED  / 100ms,0.0
2026-09-01T11:56:57.679237,0.2,417.49171199999995,417.49171199999995,3122,881,MED  / 100ms,0.0
2026-09-01T11:56:57.683519,0.2,417.49171199999995,417.49171199999995,3122,881,MED  / 100ms,0.0
2026-09-01T11:56:57.687790,0.2,417.38726399999996,417.38726399999996,3122,882,MED  / 100ms,0.0
2026-09-01T11:56:57.692069,0.2,417.38726399999996,417.38726399999996,3122,882,MED  / 100ms,0.0
2026-09-01T11:56:57.696344,0.2,417.38726399999996,417.38726399999996,3122,882,MED  / 100ms,0.0
2026-09-01T11:56:57.700619,0.2,417.38726399999996,417.38726399999996,3122,882,MED  / 100ms,0.0
2026-09-01T11:56:57.704891,0.2,417.38726399999996,417.38726399999996,3122,882,MED  / 100ms,0.0
2026-09-01T11:56:57.709157,0.2,417.38726399999996,417.38726399999996,3122,882,MED  / 100ms,0.0
2026-09-01T11:56:57.713426,0.2,417.38726399999996,417.38726399999996,3122,882,MED  / 100ms,0.0
2026-09-01T11:56:57.717693,0.2,417.38726399999996,417.38726399999996,3122,882,MED  / 100ms,0.0
2026-09-01T11:56:57.721962,0.2,417.38726399999996,417.38726399999996,3122,882,MED  / 100ms,0.0
2026-09-01T11:56:57.726227,0.2,417.38726399999996,417.38726399999996,3122,882,MED  / 100ms,0.0
2026-09-01T11:56:57.730507,0.2,417.38726399999996,417.38726399999996,3122,882,MED  / 100ms,0.0
2026-09-01T11:56:57.734783,0.2,417.38726399999996,417.38726399999996,3122,882,MED  / 100ms,0.0
2026-09-01T11:56:57.739054,0.2,417.38726399999996,417.38726399999996,3122,882,MED  / 100ms,0.0
2026-09-01T11:56:57.743327,0.2,417.38726399999996,417.38726399999996,3122,882,MED  / 100ms,0.0
2026-09-01T11:56:57.747629,0.2,417.38726399999996,417.38726399999996,3122,882,MED  / 100ms,0.0
2026-09-01T11:56:57.751900,0.2,417.38726399999996,417.38726399999996,3122,882,MED  / 100ms,0.0
2026-09-01T11:56:57.756164,0.2,417.38726399999996,417.38726399999996,3122,882,MED  / 100ms,0.0
2026-09-01T11:56:57.760439,0.2,417.38726399999996,417.38726399999996,3122,882,MED  / 100ms,0.0
2026-09-01T11:56:57.764717,0.2,417.38726399999996,417.38726399999996,3122,882,MED  / 100ms,0.0
2026-09-01T11:56:57.768990,0.2,417.38726399999996,417.38726399999996,3122,882,MED  / 100ms,0.0
2026-09-01T11:56:57.773269,0.2,417.38726399999996,417.38726399999996,3122,882,MED  / 100ms,0.0
2026-09-01T11:56:57.777543,0.2,417.38726399999996,417.38726399999996,3122,882,MED  / 100ms,0.0
2026-09-01T11:56:57.781823,0.2,417.38726399999996,417.38726399999996,3122,882,MED  / 100ms,0.0
2026-09-01T11:56:57.786283,0.2,417.38726399999996,417.38726399999996,3122,882,MED  / 100ms,0.0
2026-09-01T11:56:57.790554,0.2,417.38726399999996,417.38726399999996,3122,880,MED  / 100ms,0.0
2026-09-01T11:56:57.794827,0.2,416.78016,416.78016,3117,880,MED  / 100ms,0.0
2026-09-01T11:56:57.799106,0.2,416.78016,416.78016,3117,880,MED  / 100ms,0.0
2026-09-01T11:56:57.803374,0.2,416.78016,416.78016,3117,880,MED  / 100ms,0.0
2026-09-01T11:56:57.807653,0.2,416.78016,416.78016,3117,880,MED  / 100ms,0.0
2026-09-01T11:56:57.811939,0.2,416.78016,416.78016,3117,880,MED  / 100ms,0.0
2026-09-01T11:56:57.816222,0.2,416.78016,416.78016,3117,880,MED  / 100ms,0.0
2026-09-01T11:56:57.820500,0.2,416.78016,416.78016,3117,880,MED  / 100ms,0.0
2026-09-01T11:56:57.824777,0.2,416.78016,416.78016,3117,880,MED  / 100ms,0.0
2026-09-01T11:56:57.829064,0.2,416.78016,416.78016,3117,880,MED  / 100ms,0.0
2026-09-01T11:56:57.833348,0.2,416.78016,416.78016,3117,880,MED  / 100ms,0.0
2026-09-01T11:56:57.837619,0.2,416.78016,416.78016,3117,880,MED  / 100ms,0.0
2026-09-01T11:56:57.841883,0.2,416.78016,416.78016,3117,880,MED  / 100ms,0.0
2026-09-01T11:56:57.846160,0.2,416.78016,416.78016,3117,880,MED  / 100ms,0.0
2026-09-01T11:56:57.850459,0.2,416.78016,416.78016,3117,880,MED  / 100ms,0.0
2026-09-01T11:56:57.854768,0.2,416.78016,416.78016,3117,880,MED  / 100ms,0.0
2026-09-01T11:56:57.859066,0.2,416.78016,416.78016,3117,880,MED  / 100ms,0.0
2026-09-01T11:56:57.863362,0.2,416.78016,416.78016,3117,880,MED  / 100ms,0.0
2026-09-01T11:56:57.867629,0.2,416.78016,416.78016,3117,880,MED  / 100ms,0.0
2026-09-01T11:56:57.871903,0.2,416.78016,416.78016,3117,880,MED  / 100ms,0.0
2026-09-01T11:56:57.876165,0.2,416.78016,416.78016,3117,880,MED  / 100ms,0.0
2026-09-01T11:56:57.880453,0.2,416.78016,416.78016,3117,880,MED  / 100ms,0.0
2026-09-01T11:56:57.884721,0.2,416.78016,416.78016,3117,880,MED  / 100ms,0.0
2026-09-01T11:56:57.889194,0.2,416.78016,416.78016,3117,880,MED  / 100ms,0.0
2026-09-01T11:56:57.893477,0.2,416.78016,416.78016,3117,880,MED  / 100ms,0.0
2026-09-01T11:56:57.897750,0.2,416.61696,416.61696,3116,880,MED  / 100ms,0.0
2026-09-01T11:56:57.902013,0.2,416.61696,416.61696,3116,880,MED  / 100ms,0.0
2026-09-01T11:56:57.906302,0.2,416.61696,416.61696,3116,880,MED  / 100ms,0.0
2026-09-01T11:56:57.910589,0.2,416.61696,416.61696,3116,880,MED  / 100ms,0.0
2026-09-01T11:56:57.914894,0.2,416.61696,416.61696,3116,880,MED  / 100ms,0.0
2026-09-01T11:56:57.919161,0.2,416.61696,416.61696,3116,880,MED  / 100ms,0.0
2026-09-01T11:56:57.923435,0.2,416.61696,416.61696,3116,880,MED  / 100ms,0.0
2026-09-01T11:56:57.927702,0.2,416.61696,416.61696,3116,880,MED  / 100ms,0.0
2026-09-01T11:56:57.931973,0.2,416.61696,416.61696,3116,880,MED  / 100ms,0.0
2026-09-01T11:56:57.936247,0.2,416.61696,416.61696,3116,880,MED  / 100ms,0.0
2026-09-01T11:56:57.940519,0.2,416.61696,416.61696,3116,880,MED  / 100ms,0.0
2026-09-01T11:56:57.944786,0.2,416.61696,416.61696,3116,880,MED  / 100ms,0.0
2026-09-01T11:56:57.949057,0.2,416.61696,416.61696,3116,880,MED  / 100ms,0.0
2026-09-01T11:56:57.953327,0.2,416.61696,416.61696,3116,880,MED  / 100ms,0.0
2026-09-01T11:56:57.957594,0.2,416.61696,416.61696,3116,880,MED  / 100ms,0.0
2026-09-01T11:56:57.961857,0.2,416.61696,416.61696,3116,880,MED  / 100ms,0.0
2026-09-01T11:56:57.966129,0.2,416.61696,416.61696,3116,880,MED  / 100ms,0.0
2026-09-01T11:56:57.970391,0.2,416.61696,416.61696,3116,880,MED  / 100ms,0.0
2026-09-01T11:56:57.974655,0.2,416.61696,416.61696,3116,880,MED  / 100ms,0.0
2026-09-01T11:56:57.978922,0.2,416.61696,416.61696,3116,880,MED  / 100ms,0.0
2026-09-01T11:56:57.983199,0.2,416.61696,416.61696,3116,880,MED  / 100ms,0.0
2026-09-01T11:56:57.987471,0.2,416.61696,416.61696,3116,880,MED  / 100ms,0.0
2026-09-01T11:56:57.991971,0.2,416.61696,416.61696,3116,880,MED  / 100ms,0.0
2026-09-01T11:56:57.996264,0.2,416.61696,416.61696,3116,880,MED  / 100ms,0.0
2026-09-01T11:56:58.000537,0.2,416.61696,416.61696,3109,878,MED  / 100ms,0.0
2026-09-01T11:56:58.004813,0.2,415.683456,415.683456,3109,878,MED  / 100ms,0.0
2026-09-01T11:56:58.009095,0.2,415.683456,415.683456,3109,878,MED  / 100ms,0.0
2026-09-01T11:56:58.013366,0.2,415.683456,415.683456,3109,878,MED  / 100ms,0.0
2026-09-01T11:56:58.017631,0.2,415.683456,415.683456,3109,878,MED  / 100ms,0.0
2026-09-01T11:56:58.021894,0.2,415.683456,415.683456,3109,878,MED  / 100ms,0.0
2026-09-01T11:56:58.026171,0.2,415.683456,415.683456,3109,878,MED  / 100ms,0.0
2026-09-01T11:56:58.030444,0.2,415.683456,415.683456,3109,878,MED  / 100ms,0.0
2026-09-01T11:56:58.034738,0.2,415.683456,415.683456,3109,878,MED  / 100ms,0.0
2026-09-01T11:56:58.039016,0.2,415.683456,415.683456,3109,878,MED  / 100ms,0.0
2026-09-01T11:56:58.043287,0.2,415.683456,415.683456,3109,878,MED  / 100ms,0.0
2026-09-01T11:56:58.047612,0.2,415.683456,415.683456,3109,878,MED  / 100ms,0.0
2026-09-01T11:56:58.051886,0.2,415.683456,415.683456,3109,878,MED  / 100ms,0.0
2026-09-01T11:56:58.056179,0.2,415.683456,415.683456,3109,878,MED  / 100ms,0.0
2026-09-01T11:56:58.060465,0.2,415.683456,415.683456,3109,878,MED  / 100ms,0.0
2026-09-01T11:56:58.064760,0.2,415.683456,415.683456,3109,878,MED  / 100ms,0.0
2026-09-01T11:56:58.069044,0.2,415.683456,415.683456,3109,878,MED  / 100ms,0.0
2026-09-01T11:56:58.073337,0.2,415.683456,415.683456,3109,878,MED  / 100ms,0.0
2026-09-01T11:56:58.077614,0.2,415.683456,415.683456,3109,878,MED  / 100ms,0.0
2026-09-01T11:56:58.081889,0.2,415.683456,415.683456,3109,878,MED  / 100ms,0.0
2026-09-01T11:56:58.086159,0.2,415.683456,415.683456,3109,878,MED  / 100ms,0.0
2026-09-01T11:56:58.090433,0.2,415.683456,415.683456,3109,878,MED  / 100ms,0.0
2026-09-01T11:56:58.094868,0.2,415.683456,415.683456,3109,878,MED  / 100ms,0.0
2026-09-01T11:56:58.099146,0.2,415.683456,415.683456,3109,878,MED  / 100ms,0.0
2026-09-01T11:56:58.103414,0.2,415.683456,415.683456,3109,878,MED  / 100ms,0.0
2026-09-01T11:56:58.107713,0.2,414.586752,414.586752,3101,876,MED  / 100ms,0.0
2026-09-01T11:56:58.111986,0.2,414.586752,414.586752,3101,876,MED  / 100ms,0.0
2026-09-01T11:56:58.116260,0.2,414.586752,414.586752,3101,876,MED  / 100ms,0.0
2026-09-01T11:56:58.120550,0.2,414.586752,414.586752,3101,876,MED  / 100ms,0.0
2026-09-01T11:56:58.124831,0.2,414.586752,414.586752,3101,876,MED  / 100ms,0.0
2026-09-01T11:56:58.129141,0.2,414.586752,414.586752,3101,876,MED  / 100ms,0.0
2026-09-01T11:56:58.133414,0.2,414.586752,414.586752,3101,876,MED  / 100ms,0.0
2026-09-01T11:56:58.137689,0.2,414.586752,414.586752,3101,876,MED  / 100ms,0.0
2026-09-01T11:56:58.141970,0.2,414.586752,414.586752,3101,876,MED  / 100ms,0.0
2026-09-01T11:56:58.146255,0.2,414.586752,414.586752,3101,876,MED  / 100ms,0.0
2026-09-01T11:56:58.150522,0.2,414.586752,414.586752,3101,876,MED  / 100ms,0.0
2026-09-01T11:56:58.154817,0.2,414.586752,414.586752,3101,876,MED  / 100ms,0.0
2026-09-01T11:56:58.159108,0.2,414.586752,414.586752,3101,876,MED  / 100ms,0.0
2026-09-01T11:56:58.163398,0.2,414.586752,414.586752,3101,876,MED  / 100ms,0.0
2026-09-01T11:56:58.167676,0.2,414.586752,414.586752,3101,876,MED  / 100ms,0.0
2026-09-01T11:56:58.171965,0.2,414.586752,414.586752,3101,876,MED  / 100ms,0.0
2026-09-01T11:56:58.176234,0.2,414.586752,414.586752,3101,876,MED  / 100ms,0.0
2026-09-01T11:56:58.180503,0.2,414.586752,414.586752,3101,876,MED  / 100ms,0.0
2026-09-01T11:56:58.184768,0.2,414.586752,414.586752,3101,876,MED  / 100ms,0.0
2026-09-01T11:56:58.189051,0.2,414.586752,414.586752,3101,876,MED  / 100ms,0.0
2026-09-01T11:56:58.193328,0.2,414.586752,414.586752,3101,876,MED  / 100ms,0.0
2026-09-01T11:56:58.197602,0.2,414.586752,414.586752,3101,876,MED  / 100ms,0.0
2026-09-01T11:56:58.202037,0.2,414.586752,414.586752,3101,876,MED  / 100ms,0.0
2026-09-01T11:56:58.206306,0.2,414.586752,414.586752,3101,876,MED  / 100ms,0.0
2026-09-01T11:56:58.210578,0.2,413.712,413.712,3095,875,MED  / 100ms,0.0
2026-09-01T11:56:58.214866,0.2,413.712,413.712,3095,875,MED  / 100ms,0.0
2026-09-01T11:56:58.219135,0.2,413.712,413.712,3095,875,MED  / 100ms,0.0
2026-09-01T11:56:58.223400,0.2,413.712,413.712,3095,875,MED  / 100ms,0.0
2026-09-01T11:56:58.227679,0.2,413.712,413.712,3095,875,MED  / 100ms,0.0
2026-09-01T11:56:58.231958,0.2,413.712,413.712,3095,875,MED  / 100ms,0.0
2026-09-01T11:56:58.236232,0.2,413.712,413.712,3095,875,MED  / 100ms,0.0
2026-09-01T11:56:58.240515,0.2,413.712,413.712,3095,875,MED  / 100ms,0.0
2026-09-01T11:56:58.244783,0.2,413.712,413.712,3095,875,MED  / 100ms,0.0
2026-09-01T11:56:58.249064,0.2,413.712,413.712,3095,875,MED  / 100ms,0.0
2026-09-01T11:56:58.253361,0.2,413.712,413.712,3095,875,MED  / 100ms,0.0
2026-09-01T11:56:58.257666,0.2,413.712,413.712,3095,875,MED  / 100ms,0.0
2026-09-01T11:56:58.261933,0.2,413.712,413.712,3095,875,MED  / 100ms,0.0
2026-09-01T11:56:58.266229,0.2,413.712,413.712,3095,875,MED  / 100ms,0.0
2026-09-01T11:56:58.270501,0.2,413.712,413.712,3095,875,MED  / 100ms,0.0
2026-09-01T11:56:58.274769,0.2,413.712,413.712,3095,875,MED  / 100ms,0.0
2026-09-01T11:56:58.279066,0.2,413.712,413.712,3095,875,MED  / 100ms,0.0
2026-09-01T11:56:58.283337,0.2,413.712,413.712,3095,875,MED  / 100ms,0.0
2026-09-01T11:56:58.287634,0.2,413.712,413.712,3095,875,MED  / 100ms,0.0
2026-09-01T11:56:58.291915,0.2,413.712,413.712,3095,875,MED  / 100ms,0.0
2026-09-01T11:56:58.296193,0.2,413.712,413.712,3095,875,MED  / 100ms,0.0
2026-09-01T11:56:58.300474,0.2,413.712,413.712,3095,875,MED  / 100ms,0.0
2026-09-01T11:56:58.304923,0.2,413.712,413.712,3095,875,MED  / 100ms,0.0
2026-09-01T11:56:58.309202,0.2,413.712,413.712,3095,875,MED  / 100ms,0.0
2026-09-01T11:56:58.313481,0.2,413.712,413.712,3095,875,MED  / 100ms,0.0
2026-09-01T11:56:58.317747,0.2,413.87519999999995,413.87519999999995,3096,875,MED  / 100ms,0.0
2026-09-01T11:56:58.322016,0.2,413.87519999999995,413.87519999999995,3096,875,MED  / 100ms,0.0
2026-09-01T11:56:58.326302,0.2,413.87519999999995,413.87519999999995,3096,875,MED  / 100ms,0.0
2026-09-01T11:56:58.330599,0.2,413.87519999999995,413.87519999999995,3096,875,MED  / 100ms,0.0
2026-09-01T11:56:58.334874,0.2,413.87519999999995,413.87519999999995,3096,875,MED  / 100ms,0.0
2026-09-01T11:56:58.339145,0.2,413.87519999999995,413.87519999999995,3096,875,MED  / 100ms,0.0
2026-09-01T11:56:58.343415,0.2,413.87519999999995,413.87519999999995,3096,875,MED  / 100ms,0.0
2026-09-01T11:56:58.347718,0.2,413.87519999999995,413.87519999999995,3096,875,MED  / 100ms,0.0
2026-09-01T11:56:58.352020,0.2,413.87519999999995,413.87519999999995,3096,875,MED  / 100ms,0.0
2026-09-01T11:56:58.356291,0.2,413.87519999999995,413.87519999999995,3096,875,MED  / 100ms,0.0
2026-09-01T11:56:58.360595,0.2,413.87519999999995,413.87519999999995,3096,875,MED  / 100ms,0.0
2026-09-01T11:56:58.364869,0.2,413.87519999999995,413.87519999999995,3096,875,MED  / 100ms,0.0
2026-09-01T11:56:58.369148,0.2,413.87519999999995,413.87519999999995,3096,875,MED  / 100ms,0.0
2026-09-01T11:56:58.373418,0.2,413.87519999999995,413.87519999999995,3096,875,MED  / 100ms,0.0
2026-09-01T11:56:58.377696,0.2,413.87519999999995,413.87519999999995,3096,875,MED  / 100ms,0.0
2026-09-01T11:56:58.381973,0.2,413.87519999999995,413.87519999999995,3096,875,MED  / 100ms,0.0
2026-09-01T11:56:58.386253,0.2,413.87519999999995,413.87519999999995,3096,875,MED  / 100ms,0.0
2026-09-01T11:56:58.390524,0.2,413.87519999999995,413.87519999999995,3096,875,MED  / 100ms,0.0
2026-09-01T11:56:58.394799,0.2,413.87519999999995,413.87519999999995,3096,875,MED  / 100ms,0.0
2026-09-01T11:56:58.399080,0.2,413.87519999999995,413.87519999999995,3096,875,MED  / 100ms,0.0
2026-09-01T11:56:58.403356,0.2,413.87519999999995,413.87519999999995,3096,875,MED  / 100ms,0.0
2026-09-01T11:56:58.407789,0.2,413.87519999999995,413.87519999999995,3096,875,MED  / 100ms,0.0
2026-09-01T11:56:58.412088,0.2,413.87519999999995,413.87519999999995,3096,875,MED  / 100ms,0.0
2026-09-01T11:56:58.416366,0.2,413.87519999999995,413.87519999999995,3096,875,MED  / 100ms,0.0
2026-09-01T11:56:58.420656,0.2,415.579008,415.579008,3109,879,MED  / 100ms,0.0
2026-09-01T11:56:58.424931,0.2,415.579008,415.579008,3109,879,MED  / 100ms,0.0
2026-09-01T11:56:58.429206,0.2,415.579008,415.579008,3109,879,MED  / 100ms,0.0
2026-09-01T11:56:58.433476,0.2,415.579008,415.579008,3109,879,MED  / 100ms,0.0
2026-09-01T11:56:58.437741,0.2,415.579008,415.579008,3109,879,MED  / 100ms,0.0
2026-09-01T11:56:58.442008,0.2,415.579008,415.579008,3109,879,MED  / 100ms,0.0
2026-09-01T11:56:58.446278,0.2,415.579008,415.579008,3109,879,MED  / 100ms,0.0
2026-09-01T11:56:58.450552,0.2,415.579008,415.579008,3109,879,MED  / 100ms,0.0
2026-09-01T11:56:58.454820,0.2,415.579008,415.579008,3109,879,MED  / 100ms,0.0
2026-09-01T11:56:58.459100,0.2,415.579008,415.579008,3109,879,MED  / 100ms,0.0
2026-09-01T11:56:58.463380,0.2,415.579008,415.579008,3109,879,MED  / 100ms,0.0
2026-09-01T11:56:58.467645,0.2,415.579008,415.579008,3109,879,MED  / 100ms,0.0
2026-09-01T11:56:58.471930,0.2,415.579008,415.579008,3109,879,MED  / 100ms,0.0
2026-09-01T11:56:58.476204,0.2,415.579008,415.579008,3109,879,MED  / 100ms,0.0
2026-09-01T11:56:58.480487,0.2,415.579008,415.579008,3109,879,MED  / 100ms,0.0
2026-09-01T11:56:58.484757,0.2,415.579008,415.579008,3109,879,MED  / 100ms,0.0
2026-09-01T11:56:58.489033,0.2,415.579008,415.579008,3109,879,MED  / 100ms,0.0
2026-09-01T11:56:58.493302,0.2,415.579008,415.579008,3109,879,MED  / 100ms,0.0
2026-09-01T11:56:58.497579,0.2,415.579008,415.579008,3109,879,MED  / 100ms,0.0
2026-09-01T11:56:58.501849,0.2,415.579008,415.579008,3109,879,MED  / 100ms,0.0
2026-09-01T11:56:58.506117,0.2,415.579008,415.579008,3109,879,MED  / 100ms,0.0
2026-09-01T11:56:58.510548,0.2,415.579008,415.579008,3109,879,MED  / 100ms,0.0
2026-09-01T11:56:58.514859,0.2,415.579008,415.579008,3109,879,MED  / 100ms,0.0
2026-09-01T11:56:58.519168,0.2,415.579008,415.579008,3109,879,MED  / 100ms,0.0
2026-09-01T11:56:58.523440,0.2,415.579008,415.579008,3109,880,MED  / 100ms,0.0
2026-09-01T11:56:58.527710,0.2,415.80096,415.80096,3111,880,MED  / 100ms,0.0
2026-09-01T11:56:58.531985,0.2,415.80096,415.80096,3111,880,MED  / 100ms,0.0
2026-09-01T11:56:58.536265,0.2,415.80096,415.80096,3111,880,MED  / 100ms,0.0
2026-09-01T11:56:58.540538,0.2,415.80096,415.80096,3111,880,MED  / 100ms,0.0
2026-09-01T11:56:58.544813,0.2,415.80096,415.80096,3111,880,MED  / 100ms,0.0
2026-09-01T11:56:58.549094,0.2,415.80096,415.80096,3111,880,MED  / 100ms,0.0
2026-09-01T11:56:58.553365,0.2,415.80096,415.80096,3111,880,MED  / 100ms,0.0
2026-09-01T11:56:58.557631,0.2,415.80096,415.80096,3111,880,MED  / 100ms,0.0
2026-09-01T11:56:58.561897,0.2,415.80096,415.80096,3111,880,MED  / 100ms,0.0
2026-09-01T11:56:58.566171,0.2,415.80096,415.80096,3111,880,MED  / 100ms,0.0
2026-09-01T11:56:58.570458,0.2,415.80096,415.80096,3111,880,MED  / 100ms,0.0
2026-09-01T11:56:58.574730,0.2,415.80096,415.80096,3111,880,MED  / 100ms,0.0
2026-09-01T11:56:58.579012,0.2,415.80096,415.80096,3111,880,MED  / 100ms,0.0
2026-09-01T11:56:58.583286,0.2,415.80096,415.80096,3111,880,MED  / 100ms,0.0
2026-09-01T11:56:58.587577,0.2,415.80096,415.80096,3111,880,MED  / 100ms,0.0
2026-09-01T11:56:58.591852,0.2,415.80096,415.80096,3111,880,MED  / 100ms,0.0
2026-09-01T11:56:58.596119,0.2,415.80096,415.80096,3111,880,MED  / 100ms,0.0
2026-09-01T11:56:58.600386,0.2,415.80096,415.80096,3111,880,MED  / 100ms,0.0
2026-09-01T11:56:58.604666,0.2,415.80096,415.80096,3111,880,MED  / 100ms,0.0
2026-09-01T11:56:58.608936,0.2,415.80096,415.80096,3111,880,MED  / 100ms,0.0
2026-09-01T11:56:58.613203,0.2,415.80096,415.80096,3111,880,MED  / 100ms,0.0
2026-09-01T11:56:58.617695,0.2,415.80096,415.80096,3111,880,MED  / 100ms,0.0
2026-09-01T11:56:58.621970,0.2,415.80096,415.80096,3111,880,MED  / 100ms,0.0
2026-09-01T11:56:58.626256,0.2,415.80096,415.80096,3111,880,MED  / 100ms,0.0
2026-09-01T11:56:58.630566,0.2,417.00211199999995,417.00211199999995,3119,881,MED  / 100ms,0.0
2026-09-01T11:56:58.634859,0.2,417.00211199999995,417.00211199999995,3119,881,MED  / 100ms,0.0
2026-09-01T11:56:58.639143,0.2,417.00211199999995,417.00211199999995,3119,881,MED  / 100ms,0.0
2026-09-01T11:56:58.643413,0.2,417.00211199999995,417.00211199999995,3119,881,MED  / 100ms,0.0
2026-09-01T11:56:58.647683,0.2,417.00211199999995,417.00211199999995,3119,881,MED  / 100ms,0.0
2026-09-01T11:56:58.651957,0.2,417.00211199999995,417.00211199999995,3119,881,MED  / 100ms,0.0
2026-09-01T11:56:58.656231,0.2,417.00211199999995,417.00211199999995,3119,881,MED  / 100ms,0.0
2026-09-01T11:56:58.660502,0.2,417.00211199999995,417.00211199999995,3119,881,MED  / 100ms,0.0
2026-09-01T11:56:58.664786,0.2,417.00211199999995,417.00211199999995,3119,881,MED  / 100ms,0.0
2026-09-01T11:56:58.669056,0.2,417.00211199999995,417.00211199999995,3119,881,MED  / 100ms,0.0
2026-09-01T11:56:58.673328,0.2,417.00211199999995,417.00211199999995,3119,881,MED  / 100ms,0.0
2026-09-01T11:56:58.677596,0.2,417.00211199999995,417.00211199999995,3119,881,MED  / 100ms,0.0
2026-09-01T11:56:58.681864,0.2,417.00211199999995,417.00211199999995,3119,881,MED  / 100ms,0.0
2026-09-01T11:56:58.686140,0.2,417.00211199999995,417.00211199999995,3119,881,MED  / 100ms,0.0
2026-09-01T11:56:58.690410,0.2,417.00211199999995,417.00211199999995,3119,881,MED  / 100ms,0.0
2026-09-01T11:56:58.694679,0.2,417.00211199999995,417.00211199999995,3119,881,MED  / 100ms,0.0
2026-09-01T11:56:58.698953,0.2,417.00211199999995,417.00211199999995,3119,881,MED  / 100ms,0.0
2026-09-01T11:56:58.703240,0.2,417.00211199999995,417.00211199999995,3119,881,MED  / 100ms,0.0
2026-09-01T11:56:58.707514,0.2,417.00211199999995,417.00211199999995,3119,881,MED  / 100ms,0.0
2026-09-01T11:56:58.711783,0.2,417.00211199999995,417.00211199999995,3119,881,MED  / 100ms,0.0
2026-09-01T11:56:58.716066,0.2,417.00211199999995,417.00211199999995,3119,881,MED  / 100ms,0.0
2026-09-01T11:56:58.720520,0.2,417.00211199999995,417.00211199999995,3119,881,MED  / 100ms,0.0
2026-09-01T11:56:58.724793,0.2,417.00211199999995,417.00211199999995,3119,881,MED  / 100ms,0.0
2026-09-01T11:56:58.729068,0.2,417.00211199999995,417.00211199999995,3119,881,MED  / 100ms,0.0
2026-09-01T11:56:58.733336,0.2,417.00211199999995,417.00211199999995,3139,886,MED  / 100ms,0.0
2026-09-01T11:56:58.737601,0.2,419.74387199999995,419.74387199999995,3139,886,MED  / 100ms,0.0
2026-09-01T11:56:58.741864,0.2,419.74387199999995,419.74387199999995,3139,886,MED  / 100ms,0.0
2026-09-01T11:56:58.746143,0.2,419.74387199999995,419.74387199999995,3139,886,MED  / 100ms,0.0
2026-09-01T11:56:58.750423,0.2,419.74387199999995,419.74387199999995,3139,886,MED  / 100ms,0.0
2026-09-01T11:56:58.754691,0.2,419.74387199999995,419.74387199999995,3139,886,MED  / 100ms,0.0
2026-09-01T11:56:58.758957,0.2,419.74387199999995,419.74387199999995,3139,886,MED  / 100ms,0.0
2026-09-01T11:56:58.763229,0.2,419.74387199999995,419.74387199999995,3139,886,MED  / 100ms,0.0
2026-09-01T11:56:58.767498,0.2,419.74387199999995,419.74387199999995,3139,886,MED  / 100ms,0.0
2026-09-01T11:56:58.771772,0.2,419.74387199999995,419.74387199999995,3139,886,MED  / 100ms,0.0
2026-09-01T11:56:58.776044,0.2,419.74387199999995,419.74387199999995,3139,886,MED  / 100ms,0.0
2026-09-01T11:56:58.780337,0.2,419.74387199999995,419.74387199999995,3139,886,MED  / 100ms,0.0
2026-09-01T11:56:58.784614,0.2,419.74387199999995,419.74387199999995,3139,886,MED  / 100ms,0.0
2026-09-01T11:56:58.788888,0.2,419.74387199999995,419.74387199999995,3139,886,MED  / 100ms,0.0
2026-09-01T11:56:58.793173,0.2,419.74387199999995,419.74387199999995,3139,886,MED  / 100ms,0.0
2026-09-01T11:56:58.797445,0.2,419.74387199999995,419.74387199999995,3139,886,MED  / 100ms,0.0
2026-09-01T11:56:58.801710,0.2,419.74387199999995,419.74387199999995,3139,886,MED  / 100ms,0.0
2026-09-01T11:56:58.805981,0.2,419.74387199999995,419.74387199999995,3139,886,MED  / 100ms,0.0
2026-09-01T11:56:58.810263,0.2,419.74387199999995,419.74387199999995,3139,886,MED  / 100ms,0.0
2026-09-01T11:56:58.814556,0.2,419.74387199999995,419.74387199999995,3139,886,MED  / 100ms,0.0
2026-09-01T11:56:58.818827,0.2,419.74387199999995,419.74387199999995,3139,886,MED  / 100ms,0.0
2026-09-01T11:56:58.823288,0.2,419.74387199999995,419.74387199999995,3139,886,MED  / 100ms,0.0
2026-09-01T11:56:58.827568,0.2,419.74387199999995,419.74387199999995,3139,886,MED  / 100ms,0.0
2026-09-01T11:56:58.831840,0.2,419.74387199999995,419.74387199999995,3139,886,MED  / 100ms,0.0
2026-09-01T11:56:58.836104,0.2,419.74387199999995,419.74387199999995,3139,886,MED  / 100ms,0.0
2026-09-01T11:56:58.840375,0.2,419.580672,419.580672,3138,886,MED  / 100ms,0.0
2026-09-01T11:56:58.844647,0.2,419.580672,419.580672,3138,886,MED  / 100ms,0.0
2026-09-01T11:56:58.848924,0.2,419.580672,419.580672,3138,886,MED  / 100ms,0.0
2026-09-01T11:56:58.853207,0.2,419.580672,419.580672,3138,886,MED  / 100ms,0.0
2026-09-01T11:56:58.857473,0.2,419.580672,419.580672,3138,886,MED  / 100ms,0.0
2026-09-01T11:56:58.861736,0.2,419.580672,419.580672,3138,886,MED  / 100ms,0.0
2026-09-01T11:56:58.866008,0.2,419.580672,419.580672,3138,886,MED  / 100ms,0.0
2026-09-01T11:56:58.870288,0.2,419.580672,419.580672,3138,886,MED  / 100ms,0.0
2026-09-01T11:56:58.874573,0.2,419.580672,419.580672,3138,886,MED  / 100ms,0.0
2026-09-01T11:56:58.878848,0.2,419.580672,419.580672,3138,886,MED  / 100ms,0.0
2026-09-01T11:56:58.883119,0.2,419.580672,419.580672,3138,886,MED  / 100ms,0.0
2026-09-01T11:56:58.887390,0.2,419.580672,419.580672,3138,886,MED  / 100ms,0.0
2026-09-01T11:56:58.891687,0.2,419.580672,419.580672,3138,886,MED  / 100ms,0.0
2026-09-01T11:56:58.895960,0.2,419.580672,419.580672,3138,886,MED  / 100ms,0.0
2026-09-01T11:56:58.900242,0.2,419.580672,419.580672,3138,886,MED  / 100ms,0.0
2026-09-01T11:56:58.904510,0.2,419.580672,419.580672,3138,886,MED  / 100ms,0.0
2026-09-01T11:56:58.908789,0.2,419.580672,419.580672,3138,886,MED  / 100ms,0.0
2026-09-01T11:56:58.913062,0.2,419.580672,419.580672,3138,886,MED  / 100ms,0.0
2026-09-01T11:56:58.917331,0.2,419.580672,419.580672,3138,886,MED  / 100ms,0.0
2026-09-01T11:56:58.921594,0.2,419.580672,419.580672,3138,886,MED  / 100ms,0.0
2026-09-01T11:56:58.926024,0.2,419.580672,419.580672,3138,886,MED  / 100ms,0.0
2026-09-01T11:56:58.930304,0.2,419.580672,419.580672,3138,886,MED  / 100ms,0.0
2026-09-01T11:56:58.934586,0.2,419.580672,419.580672,3138,886,MED  / 100ms,0.0
2026-09-01T11:56:58.938860,0.2,419.580672,419.580672,3138,886,MED  / 100ms,0.0
2026-09-01T11:56:58.943153,0.2,418.425216,418.425216,3129,883,MED  / 100ms,0.0
2026-09-01T11:56:58.947421,0.2,418.425216,418.425216,3129,883,MED  / 100ms,0.0
2026-09-01T11:56:58.951698,0.2,418.425216,418.425216,3129,883,MED  / 100ms,0.0
2026-09-01T11:56:58.955984,0.2,418.425216,418.425216,3129,883,MED  / 100ms,0.0
2026-09-01T11:56:58.960253,0.2,418.425216,418.425216,3129,883,MED  / 100ms,0.0
2026-09-01T11:56:58.964521,0.2,418.425216,418.425216,3129,883,MED  / 100ms,0.0
2026-09-01T11:56:58.968802,0.2,418.425216,418.425216,3129,883,MED  / 100ms,0.0
2026-09-01T11:56:58.973069,0.2,418.425216,418.425216,3129,883,MED  / 100ms,0.0
2026-09-01T11:56:58.977339,0.2,418.425216,418.425216,3129,883,MED  / 100ms,0.0
2026-09-01T11:56:58.981611,0.2,418.425216,418.425216,3129,883,MED  / 100ms,0.0
2026-09-01T11:56:58.985873,0.2,418.425216,418.425216,3129,883,MED  / 100ms,0.0
2026-09-01T11:56:58.990148,0.2,418.425216,418.425216,3129,883,MED  / 100ms,0.0
2026-09-01T11:56:58.994425,0.2,418.425216,418.425216,3129,883,MED  / 100ms,0.0
2026-09-01T11:56:58.998710,0.2,418.425216,418.425216,3129,883,MED  / 100ms,0.0
2026-09-01T11:56:59.002974,0.2,418.425216,418.425216,3129,883,MED  / 100ms,0.0
2026-09-01T11:56:59.007265,0.2,418.425216,418.425216,3129,883,MED  / 100ms,0.0
2026-09-01T11:56:59.011558,0.2,418.425216,418.425216,3129,883,MED  / 100ms,0.0
2026-09-01T11:56:59.015842,0.2,418.425216,418.425216,3129,883,MED  / 100ms,0.0
2026-09-01T11:56:59.020111,0.2,418.425216,418.425216,3129,883,MED  / 100ms,0.0
2026-09-01T11:56:59.024377,0.2,418.425216,418.425216,3129,883,MED  / 100ms,0.0
2026-09-01T11:56:59.028647,0.2,418.425216,418.425216,3129,883,MED  / 100ms,0.0
2026-09-01T11:56:59.033092,0.2,418.425216,418.425216,3129,883,MED  / 100ms,0.0
2026-09-01T11:56:59.037363,0.2,418.425216,418.425216,3129,883,MED  / 100ms,0.0
2026-09-01T11:56:59.041628,0.2,418.425216,418.425216,3129,883,MED  / 100ms,0.0
2026-09-01T11:56:59.045898,0.2,418.425216,418.425216,3129,882,MED  / 100ms,0.0
2026-09-01T11:56:59.050181,0.2,417.87686399999996,417.87686399999996,3125,882,MED  / 100ms,0.0
2026-09-01T11:56:59.054458,0.2,417.87686399999996,417.87686399999996,3125,882,MED  / 100ms,0.0
2026-09-01T11:56:59.058727,0.2,417.87686399999996,417.87686399999996,3125,882,MED  / 100ms,0.0
2026-09-01T11:56:59.063021,0.2,417.87686399999996,417.87686399999996,3125,882,MED  / 100ms,0.0
2026-09-01T11:56:59.067303,0.2,417.87686399999996,417.87686399999996,3125,882,MED  / 100ms,0.0
2026-09-01T11:56:59.071577,0.2,417.87686399999996,417.87686399999996,3125,882,MED  / 100ms,0.0
2026-09-01T11:56:59.075850,0.2,417.87686399999996,417.87686399999996,3125,882,MED  / 100ms,0.0
2026-09-01T11:56:59.080133,0.2,417.87686399999996,417.87686399999996,3125,882,MED  / 100ms,0.0
2026-09-01T11:56:59.084403,0.2,417.87686399999996,417.87686399999996,3125,882,MED  / 100ms,0.0
2026-09-01T11:56:59.088673,0.2,417.87686399999996,417.87686399999996,3125,882,MED  / 100ms,0.0
2026-09-01T11:56:59.092944,0.2,417.87686399999996,417.87686399999996,3125,882,MED  / 100ms,0.0
2026-09-01T11:56:59.097221,0.2,417.87686399999996,417.87686399999996,3125,882,MED  / 100ms,0.0
2026-09-01T11:56:59.101497,0.2,417.87686399999996,417.87686399999996,3125,882,MED  / 100ms,0.0
2026-09-01T11:56:59.105772,0.2,417.87686399999996,417.87686399999996,3125,882,MED  / 100ms,0.0
2026-09-01T11:56:59.110068,0.2,417.87686399999996,417.87686399999996,3125,882,MED  / 100ms,0.0
2026-09-01T11:56:59.114343,0.2,417.87686399999996,417.87686399999996,3125,882,MED  / 100ms,0.0
2026-09-01T11:56:59.118621,0.2,417.87686399999996,417.87686399999996,3125,882,MED  / 100ms,0.0
2026-09-01T11:56:59.122889,0.2,417.87686399999996,417.87686399999996,3125,882,MED  / 100ms,0.0
2026-09-01T11:56:59.127161,0.2,417.87686399999996,417.87686399999996,3125,882,MED  / 100ms,0.0
2026-09-01T11:56:59.131466,0.2,417.87686399999996,417.87686399999996,3125,882,MED  / 100ms,0.0
2026-09-01T11:56:59.135935,0.2,417.87686399999996,417.87686399999996,3125,882,MED  / 100ms,0.0
2026-09-01T11:56:59.140215,0.2,417.87686399999996,417.87686399999996,3125,882,MED  / 100ms,0.0
2026-09-01T11:56:59.144490,0.2,417.87686399999996,417.87686399999996,3125,882,MED  / 100ms,0.0
2026-09-01T11:56:59.148765,0.2,417.87686399999996,417.87686399999996,3125,882,MED  / 100ms,0.0
2026-09-01T11:56:59.153039,0.2,410.363136,410.363136,3070,868,MED  / 100ms,0.0
2026-09-01T11:56:59.157309,0.2,410.363136,410.363136,3070,868,MED  / 100ms,0.0
2026-09-01T11:56:59.161578,0.2,410.363136,410.363136,3070,868,MED  / 100ms,0.0
2026-09-01T11:56:59.165845,0.2,410.363136,410.363136,3070,868,MED  / 100ms,0.0
2026-09-01T11:56:59.170109,0.2,410.363136,410.363136,3070,868,MED  / 100ms,0.0
2026-09-01T11:56:59.174379,0.2,410.363136,410.363136,3070,868,MED  / 100ms,0.0
2026-09-01T11:56:59.178647,0.2,410.363136,410.363136,3070,868,MED  / 100ms,0.0
2026-09-01T11:56:59.182944,0.2,410.363136,410.363136,3070,868,MED  / 100ms,0.0
2026-09-01T11:56:59.187212,0.2,410.363136,410.363136,3070,868,MED  / 100ms,0.0
2026-09-01T11:56:59.191482,0.2,410.363136,410.363136,3070,868,MED  / 100ms,0.0
2026-09-01T11:56:59.195749,0.2,410.363136,410.363136,3070,868,MED  / 100ms,0.0
2026-09-01T11:56:59.200028,0.2,410.363136,410.363136,3070,868,MED  / 100ms,0.0
2026-09-01T11:56:59.204304,0.2,410.363136,410.363136,3070,868,MED  / 100ms,0.0
2026-09-01T11:56:59.208578,0.2,410.363136,410.363136,3070,868,MED  / 100ms,0.0
2026-09-01T11:56:59.212854,0.2,410.363136,410.363136,3070,868,MED  / 100ms,0.0
2026-09-01T11:56:59.217125,0.2,410.363136,410.363136,3070,868,MED  / 100ms,0.0
2026-09-01T11:56:59.221387,0.2,410.363136,410.363136,3070,868,MED  / 100ms,0.0
2026-09-01T11:56:59.225669,0.2,410.363136,410.363136,3070,868,MED  / 100ms,0.0
2026-09-01T11:56:59.229952,0.2,410.363136,410.363136,3070,868,MED  / 100ms,0.0
2026-09-01T11:56:59.234237,0.2,410.363136,410.363136,3070,868,MED  / 100ms,0.0
2026-09-01T11:56:59.238669,0.2,410.363136,410.363136,3070,868,MED  / 100ms,0.0
2026-09-01T11:56:59.242943,0.2,410.363136,410.363136,3070,868,MED  / 100ms,0.0
2026-09-01T11:56:59.247223,0.2,410.363136,410.363136,3070,868,MED  / 100ms,0.0
2026-09-01T11:56:59.251490,0.2,410.363136,410.363136,3070,868,MED  / 100ms,0.0
2026-09-01T11:56:59.255760,0.2,410.363136,410.363136,3070,770,MED  / 100ms,0.0
2026-09-01T11:56:59.260034,0.2,353.8502399999999,353.8502399999999,2661,770,MED  / 100ms,0.0
2026-09-01T11:56:59.264306,0.2,353.8502399999999,353.8502399999999,2661,770,MED  / 100ms,0.0
2026-09-01T11:56:59.268571,0.2,353.8502399999999,353.8502399999999,2661,770,MED  / 100ms,0.0
2026-09-01T11:56:59.272865,0.2,353.8502399999999,353.8502399999999,2661,770,MED  / 100ms,0.0
2026-09-01T11:56:59.277140,0.2,353.8502399999999,353.8502399999999,2661,770,MED  / 100ms,0.0
2026-09-01T11:56:59.281412,0.2,353.8502399999999,353.8502399999999,2661,770,MED  / 100ms,0.0
2026-09-01T11:56:59.285682,0.2,353.8502399999999,353.8502399999999,2661,770,MED  / 100ms,0.0
2026-09-01T11:56:59.289972,0.2,353.8502399999999,353.8502399999999,2661,770,MED  / 100ms,0.0
2026-09-01T11:56:59.294242,0.2,353.8502399999999,353.8502399999999,2661,770,MED  / 100ms,0.0
2026-09-01T11:56:59.298539,0.2,353.8502399999999,353.8502399999999,2661,770,MED  / 100ms,0.0
2026-09-01T11:56:59.302830,0.2,353.8502399999999,353.8502399999999,2661,770,MED  / 100ms,0.0
2026-09-01T11:56:59.307101,0.2,353.8502399999999,353.8502399999999,2661,770,MED  / 100ms,0.0
2026-09-01T11:56:59.311381,0.2,353.8502399999999,353.8502399999999,2661,770,MED  / 100ms,0.0
2026-09-01T11:56:59.315657,0.2,353.8502399999999,353.8502399999999,2661,770,MED  / 100ms,0.0
2026-09-01T11:56:59.319926,0.2,353.8502399999999,353.8502399999999,2661,770,MED  / 100ms,0.0
2026-09-01T11:56:59.324220,0.2,353.8502399999999,353.8502399999999,2661,770,MED  / 100ms,0.0
2026-09-01T11:56:59.328525,0.2,353.8502399999999,353.8502399999999,2661,770,MED  / 100ms,0.0
2026-09-01T11:56:59.332809,0.2,353.8502399999999,353.8502399999999,2661,770,MED  / 100ms,0.0
2026-09-01T11:56:59.337079,0.2,353.8502399999999,353.8502399999999,2661,770,MED  / 100ms,0.0
2026-09-01T11:56:59.341499,0.2,353.8502399999999,353.8502399999999,2661,770,MED  / 100ms,0.0
2026-09-01T11:56:59.345781,0.2,353.8502399999999,353.8502399999999,2661,770,MED  / 100ms,0.0
2026-09-01T11:56:59.350123,0.2,353.8502399999999,353.8502399999999,2661,770,MED  / 100ms,0.0
2026-09-01T11:56:59.354428,0.2,353.8502399999999,353.8502399999999,2661,770,MED  / 100ms,0.0
2026-09-01T11:56:59.358736,0.2,353.8502399999999,353.8502399999999,2661,770,MED  / 100ms,0.0
2026-09-01T11:56:59.363072,0.2,194.85427199999998,194.85427199999998,1505,486,MED  / 100ms,0.0
2026-09-01T11:56:59.367357,0.2,194.85427199999998,194.85427199999998,1505,486,MED  / 100ms,0.0
2026-09-01T11:56:59.371646,0.2,194.85427199999998,194.85427199999998,1505,486,MED  / 100ms,0.0
2026-09-01T11:56:59.375939,0.2,194.85427199999998,194.85427199999998,1505,486,MED  / 100ms,0.0
2026-09-01T11:56:59.380225,0.2,194.85427199999998,194.85427199999998,1505,486,MED  / 100ms,0.0
2026-09-01T11:56:59.384509,0.2,194.85427199999998,194.85427199999998,1505,486,MED  / 100ms,0.0
2026-09-01T11:56:59.388788,0.2,194.85427199999998,194.85427199999998,1505,486,MED  / 100ms,0.0
2026-09-01T11:56:59.393059,0.2,194.85427199999998,194.85427199999998,1505,486,MED  / 100ms,0.0
2026-09-01T11:56:59.397363,0.2,194.85427199999998,194.85427199999998,1505,486,MED  / 100ms,0.0
2026-09-01T11:56:59.401656,0.2,194.85427199999998,194.85427199999998,1505,486,MED  / 100ms,0.0
2026-09-01T11:56:59.405933,0.2,194.85427199999998,194.85427199999998,1505,486,MED  / 100ms,0.0
2026-09-01T11:56:59.410234,0.2,194.85427199999998,194.85427199999998,1505,486,MED  / 100ms,0.0
2026-09-01T11:56:59.414524,0.2,194.85427199999998,194.85427199999998,1505,486,MED  / 100ms,0.0
2026-09-01T11:56:59.418801,0.2,194.85427199999998,194.85427199999998,1505,486,MED  / 100ms,0.0
2026-09-01T11:56:59.423072,0.2,194.85427199999998,194.85427199999998,1505,486,MED  / 100ms,0.0
2026-09-01T11:56:59.427369,0.2,194.85427199999998,194.85427199999998,1505,486,MED  / 100ms,0.0
2026-09-01T11:56:59.431652,0.2,194.85427199999998,194.85427199999998,1505,486,MED  / 100ms,0.0
2026-09-01T11:56:59.435926,0.2,194.85427199999998,194.85427199999998,1505,486,MED  / 100ms,0.0
2026-09-01T11:56:59.440196,0.2,194.85427199999998,194.85427199999998,1505,486,MED  / 100ms,0.0
2026-09-01T11:56:59.444474,0.2,194.85427199999998,194.85427199999998,1505,486,MED  / 100ms,0.0
2026-09-01T11:56:59.448931,0.2,194.85427199999998,194.85427199999998,1505,486,MED  / 100ms,0.0
2026-09-01T11:56:59.453207,0.2,194.85427199999998,194.85427199999998,1505,486,MED  / 100ms,0.0
2026-09-01T11:56:59.457481,0.2,194.85427199999998,194.85427199999998,1505,486,MED  / 100ms,0.0
2026-09-01T11:56:59.461750,0.2,194.85427199999998,194.85427199999998,1505,486,MED  / 100ms,0.0
2026-09-01T11:56:59.466024,0.2,194.85427199999998,194.85427199999998,98,61,MED  / 100ms,0.0
2026-09-01T11:56:59.470331,0.2,9.622272,9.622272,98,61,MED  / 100ms,0.0
2026-09-01T11:56:59.474609,0.2,9.622272,9.622272,98,61,MED  / 100ms,0.0
2026-09-01T11:56:59.478899,0.2,9.622272,9.622272,98,61,MED  / 100ms,0.0
2026-09-01T11:56:59.483176,0.2,9.622272,9.622272,98,61,MED  / 100ms,0.0
2026-09-01T11:56:59.487458,0.2,9.622272,9.622272,98,61,MED  / 100ms,0.0
2026-09-01T11:56:59.491747,0.2,9.622272,9.622272,98,61,MED  / 100ms,0.0
2026-09-01T11:56:59.496034,0.2,9.622272,9.622272,98,61,MED  / 100ms,0.0
2026-09-01T11:56:59.500311,0.2,9.622272,9.622272,98,61,MED  / 100ms,0.0
2026-09-01T11:56:59.504595,0.2,9.622272,9.622272,98,61,MED  / 100ms,0.0
2026-09-01T11:56:59.508903,0.2,9.622272,9.622272,98,61,MED  / 100ms,0.0
2026-09-01T11:56:59.513235,0.2,9.622272,9.622272,98,61,MED  / 100ms,0.0
2026-09-01T11:56:59.517537,0.2,9.622272,9.622272,98,61,MED  / 100ms,0.0
2026-09-01T11:56:59.521811,0.2,9.622272,9.622272,98,61,MED  / 100ms,0.0
2026-09-01T11:56:59.526090,0.2,9.622272,9.622272,98,61,MED  / 100ms,0.0
2026-09-01T11:56:59.530393,0.2,9.622272,9.622272,98,61,MED  / 100ms,0.0
2026-09-01T11:56:59.534681,0.2,9.622272,9.622272,98,61,MED  / 100ms,0.0
2026-09-01T11:56:59.538963,0.2,9.622272,9.622272,98,61,MED  / 100ms,0.0
2026-09-01T11:56:59.543247,0.2,9.622272,9.622272,98,61,MED  / 100ms,0.0
2026-09-01T11:56:59.547530,0.2,9.622272,9.622272,98,61,MED  / 100ms,0.0
2026-09-01T11:56:59.551970,0.2,9.622272,9.622272,98,61,MED  / 100ms,0.0
2026-09-01T11:56:59.556249,0.2,9.622272,9.622272,98,61,MED  / 100ms,0.0
2026-09-01T11:56:59.560535,0.2,9.622272,9.622272,98,61,MED  / 100ms,0.0
2026-09-01T11:56:59.564835,0.2,9.622272,9.622272,98,61,MED  / 100ms,0.0
2026-09-01T11:56:59.569121,0.2,9.622272,9.622272,98,70,MED  / 100ms,0.0
2026-09-01T11:56:59.573396,0.2,10.31424,10.31424,108,70,MED  / 100ms,0.0
2026-09-01T11:56:59.577679,0.2,10.31424,10.31424,108,70,MED  / 100ms,0.0
2026-09-01T11:56:59.581961,0.2,10.31424,10.31424,108,70,MED  / 100ms,0.0
2026-09-01T11:56:59.586261,0.2,10.31424,10.31424,108,70,MED  / 100ms,0.0
2026-09-01T11:56:59.590548,0.2,10.31424,10.31424,108,70,MED  / 100ms,0.0
2026-09-01T11:56:59.594833,0.2,10.31424,10.31424,108,70,MED  / 100ms,0.0
2026-09-01T11:56:59.599110,0.2,10.31424,10.31424,108,70,MED  / 100ms,0.0
2026-09-01T11:56:59.603380,0.2,10.31424,10.31424,108,70,MED  / 100ms,0.0
2026-09-01T11:56:59.607665,0.2,10.31424,10.31424,108,70,MED  / 100ms,0.0
2026-09-01T11:56:59.611952,0.2,10.31424,10.31424,108,70,MED  / 100ms,0.0
2026-09-01T11:56:59.616226,0.2,10.31424,10.31424,108,70,MED  / 100ms,0.0
2026-09-01T11:56:59.620506,0.2,10.31424,10.31424,108,70,MED  / 100ms,0.0
2026-09-01T11:56:59.624781,0.2,10.31424,10.31424,108,70,MED  / 100ms,0.0
2026-09-01T11:56:59.629057,0.2,10.31424,10.31424,108,70,MED  / 100ms,0.0
2026-09-01T11:56:59.633326,0.2,10.31424,10.31424,108,70,MED  / 100ms,0.0
2026-09-01T11:56:59.637597,0.2,10.31424,10.31424,108,70,MED  / 100ms,0.0
2026-09-01T11:56:59.641866,0.2,10.31424,10.31424,108,70,MED  / 100ms,0.0
2026-09-01T11:56:59.646141,0.2,10.31424,10.31424,108,70,MED  / 100ms,0.0
2026-09-01T11:56:59.650427,0.2,10.31424,10.31424,108,70,MED  / 100ms,0.0
2026-09-01T11:56:59.654868,0.2,10.31424,10.31424,108,70,MED  / 100ms,0.0
2026-09-01T11:56:59.659146,0.2,10.31424,10.31424,108,70,MED  / 100ms,0.0
2026-09-01T11:56:59.663418,0.2,10.31424,10.31424,108,70,MED  / 100ms,0.0
2026-09-01T11:56:59.667710,0.2,10.31424,10.31424,108,70,MED  / 100ms,0.0
2026-09-01T11:56:59.671987,0.2,10.31424,10.31424,108,70,MED  / 100ms,0.0
2026-09-01T11:56:59.676260,0.2,10.594944,10.594944,111,72,MED  / 100ms,0.0
2026-09-01T11:56:59.680560,0.2,10.594944,10.594944,111,72,MED  / 100ms,0.0
2026-09-01T11:56:59.684839,0.2,10.594944,10.594944,111,72,MED  / 100ms,0.0
2026-09-01T11:56:59.689123,0.2,10.594944,10.594944,111,72,MED  / 100ms,0.0
2026-09-01T11:56:59.693405,0.2,10.594944,10.594944,111,72,MED  / 100ms,0.0
2026-09-01T11:56:59.697690,0.2,10.594944,10.594944,111,72,MED  / 100ms,0.0
2026-09-01T11:56:59.701966,0.2,10.594944,10.594944,111,72,MED  / 100ms,0.0
2026-09-01T11:56:59.706251,0.2,10.594944,10.594944,111,72,MED  / 100ms,0.0
2026-09-01T11:56:59.710549,0.2,10.594944,10.594944,111,72,MED  / 100ms,0.0
2026-09-01T11:56:59.714833,0.2,10.594944,10.594944,111,72,MED  / 100ms,0.0
2026-09-01T11:56:59.719129,0.2,10.594944,10.594944,111,72,MED  / 100ms,0.0
2026-09-01T11:56:59.723402,0.2,10.594944,10.594944,111,72,MED  / 100ms,0.0
2026-09-01T11:56:59.727681,0.2,10.594944,10.594944,111,72,MED  / 100ms,0.0
2026-09-01T11:56:59.731972,0.2,10.594944,10.594944,111,72,MED  / 100ms,0.0
2026-09-01T11:56:59.736263,0.2,10.594944,10.594944,111,72,MED  / 100ms,0.0
2026-09-01T11:56:59.740547,0.2,10.594944,10.594944,111,72,MED  / 100ms,0.0
2026-09-01T11:56:59.744844,0.2,10.594944,10.594944,111,72,MED  / 100ms,0.0
2026-09-01T11:56:59.749186,0.2,10.594944,10.594944,111,72,MED  / 100ms,0.0
2026-09-01T11:56:59.753506,0.2,10.594944,10.594944,111,72,MED  / 100ms,0.0
2026-09-01T11:56:59.757968,0.2,10.594944,10.594944,111,72,MED  / 100ms,0.0
2026-09-01T11:56:59.762256,0.2,10.594944,10.594944,111,72,MED  / 100ms,0.0
2026-09-01T11:56:59.766531,0.2,10.594944,10.594944,111,72,MED  / 100ms,0.0
2026-09-01T11:56:59.770800,0.2,10.594944,10.594944,111,72,MED  / 100ms,0.0
2026-09-01T11:56:59.775092,0.2,10.594944,10.594944,111,72,MED  / 100ms,0.0
2026-09-01T11:56:59.779399,0.2,10.594944,10.594944,113,75,MED  / 100ms,0.0
2026-09-01T11:56:59.783681,0.2,10.608000000000002,10.608000000000002,113,75,MED  / 100ms,0.0
2026-09-01T11:56:59.787961,0.2,10.608000000000002,10.608000000000002,113,75,MED  / 100ms,0.0
2026-09-01T11:56:59.792242,0.2,10.608000000000002,10.608000000000002,113,75,MED  / 100ms,0.0
2026-09-01T11:56:59.796535,0.2,10.608000000000002,10.608000000000002,113,75,MED  / 100ms,0.0
2026-09-01T11:56:59.800824,0.2,10.608000000000002,10.608000000000002,113,75,MED  / 100ms,0.0
2026-09-01T11:56:59.805098,0.2,10.608000000000002,10.608000000000002,113,75,MED  / 100ms,0.0
2026-09-01T11:56:59.809379,0.2,10.608000000000002,10.608000000000002,113,75,MED  / 100ms,0.0
2026-09-01T11:56:59.813660,0.2,10.608000000000002,10.608000000000002,113,75,MED  / 100ms,0.0
2026-09-01T11:56:59.817962,0.2,10.608000000000002,10.608000000000002,113,75,MED  / 100ms,0.0
2026-09-01T11:56:59.822246,0.2,10.608000000000002,10.608000000000002,113,75,MED  / 100ms,0.0
2026-09-01T11:56:59.826524,0.2,10.608000000000002,10.608000000000002,113,75,MED  / 100ms,0.0
2026-09-01T11:56:59.830800,0.2,10.608000000000002,10.608000000000002,113,75,MED  / 100ms,0.0
2026-09-01T11:56:59.835084,0.2,10.608000000000002,10.608000000000002,113,75,MED  / 100ms,0.0
2026-09-01T11:56:59.839365,0.2,10.608000000000002,10.608000000000002,113,75,MED  / 100ms,0.0
2026-09-01T11:56:59.843635,0.2,10.608000000000002,10.608000000000002,113,75,MED  / 100ms,0.0
2026-09-01T11:56:59.847908,0.2,10.608000000000002,10.608000000000002,113,75,MED  / 100ms,0.0
2026-09-01T11:56:59.852181,0.2,10.608000000000002,10.608000000000002,113,75,MED  / 100ms,0.0
2026-09-01T11:56:59.856459,0.2,10.608000000000002,10.608000000000002,113,75,MED  / 100ms,0.0
2026-09-01T11:56:59.860734,0.2,10.608000000000002,10.608000000000002,113,75,MED  / 100ms,0.0
2026-09-01T11:56:59.865185,0.2,10.608000000000002,10.608000000000002,113,75,MED  / 100ms,0.0
2026-09-01T11:56:59.869457,0.2,10.608000000000002,10.608000000000002,113,75,MED  / 100ms,0.0
2026-09-01T11:56:59.873744,0.2,10.608000000000002,10.608000000000002,113,75,MED  / 100ms,0.0
2026-09-01T11:56:59.878023,0.2,10.608000000000002,10.608000000000002,113,75,MED  / 100ms,0.0
2026-09-01T11:56:59.882298,0.2,10.608000000000002,10.608000000000002,113,75,MED  / 100ms,0.0
2026-09-01T11:56:59.886568,0.2,10.829952000000002,10.829952000000002,115,76,MED  / 100ms,0.0
2026-09-01T11:56:59.890843,0.2,10.829952000000002,10.829952000000002,115,76,MED  / 100ms,0.0
2026-09-01T11:56:59.895137,0.2,10.829952000000002,10.829952000000002,115,76,MED  / 100ms,0.0
2026-09-01T11:56:59.899442,0.2,10.829952000000002,10.829952000000002,115,76,MED  / 100ms,0.0
2026-09-01T11:56:59.903721,0.2,10.829952000000002,10.829952000000002,115,76,MED  / 100ms,0.0
2026-09-01T11:56:59.908003,0.2,10.829952000000002,10.829952000000002,115,76,MED  / 100ms,0.0
2026-09-01T11:56:59.912299,0.2,10.829952000000002,10.829952000000002,115,76,MED  / 100ms,0.0
2026-09-01T11:56:59.916573,0.2,10.829952000000002,10.829952000000002,115,76,MED  / 100ms,0.0
2026-09-01T11:56:59.920864,0.2,10.829952000000002,10.829952000000002,115,76,MED  / 100ms,0.0
2026-09-01T11:56:59.925162,0.2,10.829952000000002,10.829952000000002,115,76,MED  / 100ms,0.0
2026-09-01T11:56:59.929447,0.2,10.829952000000002,10.829952000000002,115,76,MED  / 100ms,0.0
2026-09-01T11:56:59.933735,0.2,10.829952000000002,10.829952000000002,115,76,MED  / 100ms,0.0
2026-09-01T11:56:59.938012,0.2,10.829952000000002,10.829952000000002,115,76,MED  / 100ms,0.0
2026-09-01T11:56:59.942278,0.2,10.829952000000002,10.829952000000002,115,76,MED  / 100ms,0.0
2026-09-01T11:56:59.946553,0.2,10.829952000000002,10.829952000000002,115,76,MED  / 100ms,0.0
2026-09-01T11:56:59.950831,0.2,10.829952000000002,10.829952000000002,115,76,MED  / 100ms,0.0
2026-09-01T11:56:59.955119,0.2,10.829952000000002,10.829952000000002,115,76,MED  / 100ms,0.0
2026-09-01T11:56:59.959397,0.2,10.829952000000002,10.829952000000002,115,76,MED  / 100ms,0.0
2026-09-01T11:56:59.963668,0.2,10.829952000000002,10.829952000000002,115,76,MED  / 100ms,0.0
2026-09-01T11:56:59.968122,0.2,10.829952000000002,10.829952000000002,115,76,MED  / 100ms,0.0
2026-09-01T11:56:59.972402,0.2,10.829952000000002,10.829952000000002,115,76,MED  / 100ms,0.0
2026-09-01T11:56:59.976692,0.2,10.829952000000002,10.829952000000002,115,76,MED  / 100ms,0.0
2026-09-01T11:56:59.980992,0.2,10.829952000000002,10.829952000000002,115,76,MED  / 100ms,0.0
2026-09-01T11:56:59.985270,0.2,10.829952000000002,10.829952000000002,115,76,MED  / 100ms,0.0
2026-09-01T11:56:59.989549,0.2,10.829952000000002,10.829952000000002,117,77,MED  / 100ms,0.0
2026-09-01T11:56:59.993829,0.2,11.051904000000002,11.051904000000002,117,77,MED  / 100ms,0.0
2026-09-01T11:56:59.998105,0.2,11.051904000000002,11.051904000000002,117,77,MED  / 100ms,0.0
2026-09-01T11:57:00.002374,0.2,11.051904000000002,11.051904000000002,117,77,MED  / 100ms,0.0
2026-09-01T11:57:00.006645,0.2,11.051904000000002,11.051904000000002,117,77,MED  / 100ms,0.0
2026-09-01T11:57:00.010937,0.2,11.051904000000002,11.051904000000002,117,77,MED  / 100ms,0.0
2026-09-01T11:57:00.015220,0.2,11.051904000000002,11.051904000000002,117,77,MED  / 100ms,0.0
2026-09-01T11:57:00.019501,0.2,11.051904000000002,11.051904000000002,117,77,MED  / 100ms,0.0
2026-09-01T11:57:00.023771,0.2,11.051904000000002,11.051904000000002,117,77,MED  / 100ms,0.0
2026-09-01T11:57:00.028051,0.2,11.051904000000002,11.051904000000002,117,77,MED  / 100ms,0.0
2026-09-01T11:57:00.032334,0.2,11.051904000000002,11.051904000000002,117,77,MED  / 100ms,0.0
2026-09-01T11:57:00.036619,0.2,11.051904000000002,11.051904000000002,117,77,MED  / 100ms,0.0
2026-09-01T11:57:00.040892,0.2,11.051904000000002,11.051904000000002,117,77,MED  / 100ms,0.0
2026-09-01T11:57:00.045169,0.2,11.051904000000002,11.051904000000002,117,77,MED  / 100ms,0.0
2026-09-01T11:57:00.049442,0.2,11.051904000000002,11.051904000000002,117,77,MED  / 100ms,0.0
2026-09-01T11:57:00.053726,0.2,11.051904000000002,11.051904000000002,117,77,MED  / 100ms,0.0
2026-09-01T11:57:00.058000,0.2,11.051904000000002,11.051904000000002,117,77,MED  / 100ms,0.0
2026-09-01T11:57:00.062272,0.2,11.051904000000002,11.051904000000002,117,77,MED  / 100ms,0.0
2026-09-01T11:57:00.066544,0.2,11.051904000000002,11.051904000000002,117,77,MED  / 100ms,0.0
2026-09-01T11:57:00.070979,0.2,11.051904000000002,11.051904000000002,117,77,MED  / 100ms,0.0
2026-09-01T11:57:00.075257,0.2,11.051904000000002,11.051904000000002,117,77,MED  / 100ms,0.0
2026-09-01T11:57:00.079544,0.2,11.051904000000002,11.051904000000002,117,77,MED  / 100ms,0.0
2026-09-01T11:57:00.083821,0.2,11.051904000000002,11.051904000000002,117,77,MED  / 100ms,0.0
2026-09-01T11:57:00.088113,0.2,11.051904000000002,11.051904000000002,117,77,MED  / 100ms,0.0
2026-09-01T11:57:00.092419,0.2,11.051904000000002,11.051904000000002,117,77,MED  / 100ms,0.0
2026-09-01T11:57:00.096727,0.2,11.215104000000002,11.215104000000002,118,77,MED  / 100ms,0.0
2026-09-01T11:57:00.101009,0.2,11.215104000000002,11.215104000000002,118,77,MED  / 100ms,0.0
2026-09-01T11:57:00.105287,0.2,11.215104000000002,11.215104000000002,118,77,MED  / 100ms,0.0
2026-09-01T11:57:00.109568,0.2,11.215104000000002,11.215104000000002,118,77,MED  / 100ms,0.0
2026-09-01T11:57:00.113848,0.2,11.215104000000002,11.215104000000002,118,77,MED  / 100ms,0.0
2026-09-01T11:57:00.118122,0.2,11.215104000000002,11.215104000000002,118,77,MED  / 100ms,0.0
2026-09-01T11:57:00.122388,0.2,11.215104000000002,11.215104000000002,118,77,MED  / 100ms,0.0
2026-09-01T11:57:00.126670,0.2,11.215104000000002,11.215104000000002,118,77,MED  / 100ms,0.0
2026-09-01T11:57:00.130953,0.2,11.215104000000002,11.215104000000002,118,77,MED  / 100ms,0.0
2026-09-01T11:57:00.135225,0.2,11.215104000000002,11.215104000000002,118,77,MED  / 100ms,0.0
2026-09-01T11:57:00.139506,0.2,11.215104000000002,11.215104000000002,118,77,MED  / 100ms,0.0
2026-09-01T11:57:00.143782,0.2,11.215104000000002,11.215104000000002,118,77,MED  / 100ms,0.0
2026-09-01T11:57:00.148070,0.2,11.215104000000002,11.215104000000002,118,77,MED  / 100ms,0.0
2026-09-01T11:57:00.152348,0.2,11.215104000000002,11.215104000000002,118,77,MED  / 100ms,0.0
2026-09-01T11:57:00.156629,0.2,11.215104000000002,11.215104000000002,118,77,MED  / 100ms,0.0
2026-09-01T11:57:00.160952,0.2,11.215104000000002,11.215104000000002,118,77,MED  / 100ms,0.0
2026-09-01T11:57:00.165254,0.2,11.215104000000002,11.215104000000002,118,77,MED  / 100ms,0.0
2026-09-01T11:57:00.169564,0.2,11.215104000000002,11.215104000000002,118,77,MED  / 100ms,0.0
2026-09-01T11:57:00.174028,0.2,11.215104000000002,11.215104000000002,118,77,MED  / 100ms,0.0
2026-09-01T11:57:00.178308,0.2,11.215104000000002,11.215104000000002,118,77,MED  / 100ms,0.0
2026-09-01T11:57:00.182589,0.2,11.215104000000002,11.215104000000002,118,77,MED  / 100ms,0.0
2026-09-01T11:57:00.186859,0.2,11.215104000000002,11.215104000000002,118,77,MED  / 100ms,0.0
2026-09-01T11:57:00.191151,0.2,11.215104000000002,11.215104000000002,118,77,MED  / 100ms,0.0
2026-09-01T11:57:00.195437,0.2,11.215104000000002,11.215104000000002,118,77,MED  / 100ms,0.0
2026-09-01T11:57:00.199739,0.2,11.378304000000002,11.378304000000002,119,77,MED  / 100ms,0.0
2026-09-01T11:57:00.204016,0.2,11.378304000000002,11.378304000000002,119,77,MED  / 100ms,0.0
2026-09-01T11:57:00.208294,0.2,11.378304000000002,11.378304000000002,119,77,MED  / 100ms,0.0
2026-09-01T11:57:00.212574,0.2,11.378304000000002,11.378304000000002,119,77,MED  / 100ms,0.0
2026-09-01T11:57:00.216864,0.2,11.378304000000002,11.378304000000002,119,77,MED  / 100ms,0.0
2026-09-01T11:57:00.221161,0.2,11.378304000000002,11.378304000000002,119,77,MED  / 100ms,0.0
2026-09-01T11:57:00.225433,0.2,11.378304000000002,11.378304000000002,119,77,MED  / 100ms,0.0
2026-09-01T11:57:00.229708,0.2,11.378304000000002,11.378304000000002,119,77,MED  / 100ms,0.0
2026-09-01T11:57:00.233982,0.2,11.378304000000002,11.378304000000002,119,77,MED  / 100ms,0.0
2026-09-01T11:57:00.238253,0.2,11.378304000000002,11.378304000000002,119,77,MED  / 100ms,0.0
2026-09-01T11:57:00.242529,0.2,11.378304000000002,11.378304000000002,119,77,MED  / 100ms,0.0
2026-09-01T11:57:00.246808,0.2,11.378304000000002,11.378304000000002,119,77,MED  / 100ms,0.0
2026-09-01T11:57:00.251077,0.2,11.378304000000002,11.378304000000002,119,77,MED  / 100ms,0.0
2026-09-01T11:57:00.255354,0.2,11.378304000000002,11.378304000000002,119,77,MED  / 100ms,0.0
2026-09-01T11:57:00.259654,0.2,11.378304000000002,11.378304000000002,119,77,MED  / 100ms,0.0
2026-09-01T11:57:00.263937,0.2,11.378304000000002,11.378304000000002,119,77,MED  / 100ms,0.0
2026-09-01T11:57:00.268214,0.2,11.378304000000002,11.378304000000002,119,77,MED  / 100ms,0.0
2026-09-01T11:57:00.272498,0.2,11.378304000000002,11.378304000000002,119,77,MED  / 100ms,0.0
2026-09-01T11:57:00.276795,0.2,11.378304000000002,11.378304000000002,119,77,MED  / 100ms,0.0
2026-09-01T11:57:00.281258,0.2,11.378304000000002,11.378304000000002,119,77,MED  / 100ms,0.0
2026-09-01T11:57:00.285546,0.2,11.378304000000002,11.378304000000002,119,77,MED  / 100ms,0.0
2026-09-01T11:57:00.289836,0.2,11.378304000000002,11.378304000000002,119,77,MED  / 100ms,0.0
2026-09-01T11:57:00.294139,0.2,11.378304000000002,11.378304000000002,119,77,MED  / 100ms,0.0
2026-09-01T11:57:00.298413,0.2,11.378304000000002,11.378304000000002,119,77,MED  / 100ms,0.0
2026-09-01T11:57:00.302685,0.2,11.378304000000002,11.378304000000002,119,77,MED  / 100ms,0.0
2026-09-01T11:57:00.306957,0.2,11.378304000000002,11.378304000000002,119,77,MED  / 100ms,0.0
2026-09-01T11:57:00.311249,0.2,11.378304000000002,11.378304000000002,119,77,MED  / 100ms,0.0
2026-09-01T11:57:00.315554,0.2,11.378304000000002,11.378304000000002,119,77,MED  / 100ms,0.0
2026-09-01T11:57:00.319839,0.2,11.378304000000002,11.378304000000002,119,77,MED  / 100ms,0.0
2026-09-01T11:57:00.324111,0.2,11.378304000000002,11.378304000000002,119,77,MED  / 100ms,0.0
2026-09-01T11:57:00.328395,0.2,11.378304000000002,11.378304000000002,119,77,MED  / 100ms,0.0
2026-09-01T11:57:00.332679,0.2,11.378304000000002,11.378304000000002,119,77,MED  / 100ms,0.0
2026-09-01T11:57:00.336949,0.2,11.378304000000002,11.378304000000002,119,77,MED  / 100ms,0.0
2026-09-01T11:57:00.341227,0.2,11.378304000000002,11.378304000000002,119,77,MED  / 100ms,0.0
2026-09-01T11:57:00.345510,0.2,11.378304000000002,11.378304000000002,119,77,MED  / 100ms,0.0
2026-09-01T11:57:00.349784,0.2,11.378304000000002,11.378304000000002,119,77,MED  / 100ms,0.0
2026-09-01T11:57:00.354055,0.2,11.378304000000002,11.378304000000002,119,77,MED  / 100ms,0.0
2026-09-01T11:57:00.358324,0.2,11.378304000000002,11.378304000000002,119,77,MED  / 100ms,0.0
2026-09-01T11:57:00.362597,0.2,11.378304000000002,11.378304000000002,119,77,MED  / 100ms,0.0
2026-09-01T11:57:00.366868,0.2,11.378304000000002,11.378304000000002,119,77,MED  / 100ms,0.0
2026-09-01T11:57:00.371158,0.2,11.378304000000002,11.378304000000002,119,77,MED  / 100ms,0.0
2026-09-01T11:57:00.375455,0.2,11.378304000000002,11.378304000000002,119,77,MED  / 100ms,0.0
2026-09-01T11:57:00.379733,0.2,11.378304000000002,11.378304000000002,119,77,MED  / 100ms,0.0
2026-09-01T11:57:00.384183,0.2,11.378304000000002,11.378304000000002,119,77,MED  / 100ms,0.0
2026-09-01T11:57:00.388485,0.2,11.378304000000002,11.378304000000002,119,77,MED  / 100ms,0.0
2026-09-01T11:57:00.392761,0.2,11.378304000000002,11.378304000000002,119,77,MED  / 100ms,0.0
2026-09-01T11:57:00.397067,0.2,11.378304000000002,11.378304000000002,119,77,MED  / 100ms,0.0
2026-09-01T11:57:00.401348,0.2,11.378304000000002,11.378304000000002,119,77,MED  / 100ms,0.0
2026-09-01T11:57:00.405630,0.2,11.378304000000002,11.378304000000002,119,77,MED  / 100ms,0.0
2026-09-01T11:57:00.409912,0.2,10.947456,10.947456,117,78,MED  / 100ms,0.0
2026-09-01T11:57:00.414192,0.2,10.947456,10.947456,117,78,MED  / 100ms,0.0
2026-09-01T11:57:00.418460,0.2,10.947456,10.947456,117,78,MED  / 100ms,0.0
2026-09-01T11:57:00.422729,0.2,10.947456,10.947456,117,78,MED  / 100ms,0.0
2026-09-01T11:57:00.426993,0.2,10.947456,10.947456,117,78,MED  / 100ms,0.0
2026-09-01T11:57:00.431289,0.2,10.947456,10.947456,117,78,MED  / 100ms,0.0
2026-09-01T11:57:00.435581,0.2,10.947456,10.947456,117,78,MED  / 100ms,0.0
2026-09-01T11:57:00.439854,0.2,10.947456,10.947456,117,78,MED  / 100ms,0.0
2026-09-01T11:57:00.444122,0.2,10.947456,10.947456,117,78,MED  / 100ms,0.0
2026-09-01T11:57:00.448401,0.2,10.947456,10.947456,117,78,MED  / 100ms,0.0
2026-09-01T11:57:00.452692,0.2,10.947456,10.947456,117,78,MED  / 100ms,0.0
2026-09-01T11:57:00.456965,0.2,10.947456,10.947456,117,78,MED  / 100ms,0.0
2026-09-01T11:57:00.461240,0.2,10.947456,10.947456,117,78,MED  / 100ms,0.0
2026-09-01T11:57:00.465525,0.2,10.947456,10.947456,117,78,MED  / 100ms,0.0
2026-09-01T11:57:00.469822,0.2,10.947456,10.947456,117,78,MED  / 100ms,0.0
2026-09-01T11:57:00.474099,0.2,10.947456,10.947456,117,78,MED  / 100ms,0.0
2026-09-01T11:57:00.478379,0.2,10.947456,10.947456,117,78,MED  / 100ms,0.0
2026-09-01T11:57:00.482661,0.2,10.947456,10.947456,117,78,MED  / 100ms,0.0
2026-09-01T11:57:00.487099,0.2,10.947456,10.947456,117,78,MED  / 100ms,0.0
2026-09-01T11:57:00.491371,0.2,10.947456,10.947456,117,78,MED  / 100ms,0.0
2026-09-01T11:57:00.495661,0.2,10.947456,10.947456,117,78,MED  / 100ms,0.0
2026-09-01T11:57:00.499935,0.2,10.947456,10.947456,117,78,MED  / 100ms,0.0
2026-09-01T11:57:00.504207,0.2,10.947456,10.947456,117,78,MED  / 100ms,0.0
2026-09-01T11:57:00.508496,0.2,10.947456,10.947456,117,78,MED  / 100ms,0.0
2026-09-01T11:57:00.512800,0.2,10.947456,10.947456,119,78,MED  / 100ms,0.0
2026-09-01T11:57:00.517093,0.2,11.273856000000002,11.273856000000002,119,78,MED  / 100ms,0.0
2026-09-01T11:57:00.521378,0.2,11.273856000000002,11.273856000000002,119,78,MED  / 100ms,0.0
2026-09-01T11:57:00.525650,0.2,11.273856000000002,11.273856000000002,119,78,MED  / 100ms,0.0
2026-09-01T11:57:00.529950,0.2,11.273856000000002,11.273856000000002,119,78,MED  / 100ms,0.0
2026-09-01T11:57:00.534230,0.2,11.273856000000002,11.273856000000002,119,78,MED  / 100ms,0.0
2026-09-01T11:57:00.538504,0.2,11.273856000000002,11.273856000000002,119,78,MED  / 100ms,0.0
2026-09-01T11:57:00.542792,0.2,11.273856000000002,11.273856000000002,119,78,MED  / 100ms,0.0
2026-09-01T11:57:00.547070,0.2,11.273856000000002,11.273856000000002,119,78,MED  / 100ms,0.0
2026-09-01T11:57:00.551342,0.2,11.273856000000002,11.273856000000002,119,78,MED  / 100ms,0.0
2026-09-01T11:57:00.555624,0.2,11.273856000000002,11.273856000000002,119,78,MED  / 100ms,0.0
2026-09-01T11:57:00.559901,0.2,11.273856000000002,11.273856000000002,119,78,MED  / 100ms,0.0
2026-09-01T11:57:00.564186,0.2,11.273856000000002,11.273856000000002,119,78,MED  / 100ms,0.0
2026-09-01T11:57:00.568472,0.2,11.273856000000002,11.273856000000002,119,78,MED  / 100ms,0.0
2026-09-01T11:57:00.572749,0.2,11.273856000000002,11.273856000000002,119,78,MED  / 100ms,0.0
2026-09-01T11:57:00.577049,0.2,11.273856000000002,11.273856000000002,119,78,MED  / 100ms,0.0
2026-09-01T11:57:00.581337,0.2,11.273856000000002,11.273856000000002,119,78,MED  / 100ms,0.0
2026-09-01T11:57:00.585609,0.2,11.273856000000002,11.273856000000002,119,78,MED  / 100ms,0.0
2026-09-01T11:57:00.590057,0.2,11.273856000000002,11.273856000000002,119,78,MED  / 100ms,0.0
2026-09-01T11:57:00.594337,0.2,11.273856000000002,11.273856000000002,119,78,MED  / 100ms,0.0
2026-09-01T11:57:00.598615,0.2,11.273856000000002,11.273856000000002,119,78,MED  / 100ms,0.0
2026-09-01T11:57:00.602886,0.2,11.273856000000002,11.273856000000002,119,78,MED  / 100ms,0.0
2026-09-01T11:57:00.607155,0.2,11.273856000000002,11.273856000000002,119,78,MED  / 100ms,0.0
2026-09-01T11:57:00.611443,0.2,11.273856000000002,11.273856000000002,119,78,MED  / 100ms,0.0
2026-09-01T11:57:00.615724,0.2,11.273856000000002,11.273856000000002,119,78,MED  / 100ms,0.0
2026-09-01T11:57:00.620004,0.2,11.437056000000002,11.437056000000002,120,78,MED  / 100ms,0.0
2026-09-01T11:57:00.624284,0.2,11.437056000000002,11.437056000000002,120,78,MED  / 100ms,0.0
2026-09-01T11:57:00.628573,0.2,11.437056000000002,11.437056000000002,120,78,MED  / 100ms,0.0
2026-09-01T11:57:00.632863,0.2,11.437056000000002,11.437056000000002,120,78,MED  / 100ms,0.0
2026-09-01T11:57:00.637149,0.2,11.437056000000002,11.437056000000002,120,78,MED  / 100ms,0.0
2026-09-01T11:57:00.641428,0.2,11.437056000000002,11.437056000000002,120,78,MED  / 100ms,0.0
2026-09-01T11:57:00.645726,0.2,11.437056000000002,11.437056000000002,120,78,MED  / 100ms,0.0
2026-09-01T11:57:00.650018,0.2,11.437056000000002,11.437056000000002,120,78,MED  / 100ms,0.0
2026-09-01T11:57:00.654299,0.2,11.437056000000002,11.437056000000002,120,78,MED  / 100ms,0.0
2026-09-01T11:57:00.658575,0.2,11.437056000000002,11.437056000000002,120,78,MED  / 100ms,0.0
2026-09-01T11:57:00.662854,0.2,11.437056000000002,11.437056000000002,120,78,MED  / 100ms,0.0
2026-09-01T11:57:00.667126,0.2,11.437056000000002,11.437056000000002,120,78,MED  / 100ms,0.0
2026-09-01T11:57:00.671401,0.2,11.437056000000002,11.437056000000002,120,78,MED  / 100ms,0.0
2026-09-01T11:57:00.675684,0.2,11.437056000000002,11.437056000000002,120,78,MED  / 100ms,0.0
2026-09-01T11:57:00.679991,0.2,11.437056000000002,11.437056000000002,120,78,MED  / 100ms,0.0
2026-09-01T11:57:00.684271,0.2,11.437056000000002,11.437056000000002,120,78,MED  / 100ms,0.0
2026-09-01T11:57:00.688548,0.2,11.437056000000002,11.437056000000002,120,78,MED  / 100ms,0.0
2026-09-01T11:57:00.695651,0.2,11.437056000000002,11.437056000000002,120,78,MED  / 100ms,0.0
2026-09-01T11:57:00.700146,0.2,11.437056000000002,11.437056000000002,120,78,MED  / 100ms,0.0
2026-09-01T11:57:00.704436,0.2,11.437056000000002,11.437056000000002,120,78,MED  / 100ms,0.0
2026-09-01T11:57:00.708717,0.2,11.437056000000002,11.437056000000002,120,78,MED  / 100ms,0.0
2026-09-01T11:57:00.713001,0.2,11.437056000000002,11.437056000000002,120,78,MED  / 100ms,0.0
2026-09-01T11:57:00.717272,0.2,11.437056000000002,11.437056000000002,120,78,MED  / 100ms,0.0
2026-09-01T11:57:00.721542,0.2,11.437056000000002,11.437056000000002,120,79,MED  / 100ms,0.0
2026-09-01T11:57:00.725812,0.2,11.332607999999999,11.332607999999999,120,79,MED  / 100ms,0.0
2026-09-01T11:57:00.730100,0.2,11.332607999999999,11.332607999999999,120,79,MED  / 100ms,0.0
2026-09-01T11:57:00.734384,0.2,11.332607999999999,11.332607999999999,120,79,MED  / 100ms,0.0
2026-09-01T11:57:00.738703,0.2,11.332607999999999,11.332607999999999,120,79,MED  / 100ms,0.0
2026-09-01T11:57:00.743001,0.2,11.332607999999999,11.332607999999999,120,79,MED  / 100ms,0.0
2026-09-01T11:57:00.747288,0.2,11.332607999999999,11.332607999999999,120,79,MED  / 100ms,0.0
2026-09-01T11:57:00.751569,0.2,11.332607999999999,11.332607999999999,120,79,MED  / 100ms,0.0
2026-09-01T11:57:00.755841,0.2,11.332607999999999,11.332607999999999,120,79,MED  / 100ms,0.0
2026-09-01T11:57:00.760145,0.2,11.332607999999999,11.332607999999999,120,79,MED  / 100ms,0.0
2026-09-01T11:57:00.764426,0.2,11.332607999999999,11.332607999999999,120,79,MED  / 100ms,0.0
2026-09-01T11:57:00.768700,0.2,11.332607999999999,11.332607999999999,120,79,MED  / 100ms,0.0
2026-09-01T11:57:00.772986,0.2,11.332607999999999,11.332607999999999,120,79,MED  / 100ms,0.0
2026-09-01T11:57:00.777259,0.2,11.332607999999999,11.332607999999999,120,79,MED  / 100ms,0.0
2026-09-01T11:57:00.781531,0.2,11.332607999999999,11.332607999999999,120,79,MED  / 100ms,0.0
2026-09-01T11:57:00.785805,0.2,11.332607999999999,11.332607999999999,120,79,MED  / 100ms,0.0
2026-09-01T11:57:00.790098,0.2,11.332607999999999,11.332607999999999,120,79,MED  / 100ms,0.0
2026-09-01T11:57:00.794379,0.2,11.332607999999999,11.332607999999999,120,79,MED  / 100ms,0.0
2026-09-01T11:57:00.798663,0.2,11.332607999999999,11.332607999999999,120,79,MED  / 100ms,0.0
2026-09-01T11:57:00.803108,0.2,11.332607999999999,11.332607999999999,120,79,MED  / 100ms,0.0
2026-09-01T11:57:00.807386,0.2,11.332607999999999,11.332607999999999,120,79,MED  / 100ms,0.0
2026-09-01T11:57:00.811681,0.2,11.332607999999999,11.332607999999999,120,79,MED  / 100ms,0.0
2026-09-01T11:57:00.815970,0.2,11.332607999999999,11.332607999999999,120,79,MED  / 100ms,0.0
2026-09-01T11:57:00.820256,0.2,11.332607999999999,11.332607999999999,120,79,MED  / 100ms,0.0
2026-09-01T11:57:00.824539,0.2,11.332607999999999,11.332607999999999,120,79,MED  / 100ms,0.0
2026-09-01T11:57:00.828834,0.2,11.495807999999998,11.495807999999998,121,79,MED  / 100ms,0.0
2026-09-01T11:57:00.833123,0.2,11.495807999999998,11.495807999999998,121,79,MED  / 100ms,0.0
2026-09-01T11:57:00.837421,0.2,11.495807999999998,11.495807999999998,121,79,MED  / 100ms,0.0
2026-09-01T11:57:00.841692,0.2,11.495807999999998,11.495807999999998,121,79,MED  / 100ms,0.0
2026-09-01T11:57:00.845974,0.2,11.495807999999998,11.495807999999998,121,79,MED  / 100ms,0.0
2026-09-01T11:57:00.850260,0.2,11.495807999999998,11.495807999999998,121,79,MED  / 100ms,0.0
2026-09-01T11:57:00.854559,0.2,11.495807999999998,11.495807999999998,121,79,MED  / 100ms,0.0
2026-09-01T11:57:00.858851,0.2,11.495807999999998,11.495807999999998,121,79,MED  / 100ms,0.0
2026-09-01T11:57:00.863154,0.2,11.495807999999998,11.495807999999998,121,79,MED  / 100ms,0.0
2026-09-01T11:57:00.867438,0.2,11.495807999999998,11.495807999999998,121,79,MED  / 100ms,0.0
2026-09-01T11:57:00.871726,0.2,11.495807999999998,11.495807999999998,121,79,MED  / 100ms,0.0
2026-09-01T11:57:00.876028,0.2,11.495807999999998,11.495807999999998,121,79,MED  / 100ms,0.0
2026-09-01T11:57:00.880317,0.2,11.495807999999998,11.495807999999998,121,79,MED  / 100ms,0.0
2026-09-01T11:57:00.884613,0.2,11.495807999999998,11.495807999999998,121,79,MED  / 100ms,0.0
2026-09-01T11:57:00.888890,0.2,11.495807999999998,11.495807999999998,121,79,MED  / 100ms,0.0
2026-09-01T11:57:00.893185,0.2,11.495807999999998,11.495807999999998,121,79,MED  / 100ms,0.0
2026-09-01T11:57:00.897468,0.2,11.495807999999998,11.495807999999998,121,79,MED  / 100ms,0.0
2026-09-01T11:57:00.901737,0.2,11.495807999999998,11.495807999999998,121,79,MED  / 100ms,0.0
2026-09-01T11:57:00.906170,0.2,11.495807999999998,11.495807999999998,121,79,MED  / 100ms,0.0
2026-09-01T11:57:00.910473,0.2,11.495807999999998,11.495807999999998,121,79,MED  / 100ms,0.0
2026-09-01T11:57:00.914764,0.2,11.495807999999998,11.495807999999998,121,79,MED  / 100ms,0.0
2026-09-01T11:57:00.919056,0.2,11.495807999999998,11.495807999999998,121,79,MED  / 100ms,0.0
2026-09-01T11:57:00.923343,0.2,11.495807999999998,11.495807999999998,121,79,MED  / 100ms,0.0
2026-09-01T11:57:00.927643,0.2,11.495807999999998,11.495807999999998,121,79,MED  / 100ms,0.0
2026-09-01T11:57:00.931938,0.2,11.495807999999998,11.495807999999998,121,79,MED  / 100ms,0.0
2026-09-01T11:57:00.936221,0.2,11.495807999999998,11.495807999999998,121,79,MED  / 100ms,0.0
2026-09-01T11:57:00.940498,0.2,11.495807999999998,11.495807999999998,121,79,MED  / 100ms,0.0
2026-09-01T11:57:00.944776,0.2,11.495807999999998,11.495807999999998,121,79,MED  / 100ms,0.0
2026-09-01T11:57:00.949055,0.2,11.495807999999998,11.495807999999998,121,79,MED  / 100ms,0.0
2026-09-01T11:57:00.953333,0.2,11.495807999999998,11.495807999999998,121,79,MED  / 100ms,0.0
2026-09-01T11:57:00.957607,0.2,11.495807999999998,11.495807999999998,121,79,MED  / 100ms,0.0
2026-09-01T11:57:00.961885,0.2,11.495807999999998,11.495807999999998,121,79,MED  / 100ms,0.0
2026-09-01T11:57:00.966158,0.2,11.495807999999998,11.495807999999998,121,79,MED  / 100ms,0.0
2026-09-01T11:57:00.970446,0.2,11.495807999999998,11.495807999999998,121,79,MED  / 100ms,0.0
2026-09-01T11:57:00.974720,0.2,11.495807999999998,11.495807999999998,121,79,MED  / 100ms,0.0
2026-09-01T11:57:00.979020,0.2,11.495807999999998,11.495807999999998,121,79,MED  / 100ms,0.0
2026-09-01T11:57:00.983294,0.2,11.495807999999998,11.495807999999998,121,79,MED  / 100ms,0.0
2026-09-01T11:57:00.987577,0.2,11.495807999999998,11.495807999999998,121,79,MED  / 100ms,0.0
2026-09-01T11:57:00.991849,0.2,11.495807999999998,11.495807999999998,121,79,MED  / 100ms,0.0
2026-09-01T11:57:00.996134,0.2,11.495807999999998,11.495807999999998,121,79,MED  / 100ms,0.0
2026-09-01T11:57:01.000419,0.2,11.495807999999998,11.495807999999998,121,79,MED  / 100ms,0.0
2026-09-01T11:57:01.004711,0.2,11.495807999999998,11.495807999999998,121,79,MED  / 100ms,0.0
2026-09-01T11:57:01.009147,0.2,11.495807999999998,11.495807999999998,121,79,MED  / 100ms,0.0
2026-09-01T11:57:01.013435,0.2,11.495807999999998,11.495807999999998,121,79,MED  / 100ms,0.0
2026-09-01T11:57:01.017706,0.2,11.495807999999998,11.495807999999998,121,79,MED  / 100ms,0.0
2026-09-01T11:57:01.021985,0.2,11.495807999999998,11.495807999999998,121,79,MED  / 100ms,0.0
2026-09-01T11:57:01.026284,0.2,11.495807999999998,11.495807999999998,121,79,MED  / 100ms,0.0
2026-09-01T11:57:01.030617,0.2,11.495807999999998,11.495807999999998,121,79,MED  / 100ms,0.0
2026-09-01T11:57:01.034921,0.2,11.495807999999998,11.495807999999998,121,80,MED  / 100ms,0.0
2026-09-01T11:57:01.039196,0.2,11.55456,11.55456,122,80,MED  / 100ms,0.0
2026-09-01T11:57:01.043471,0.2,11.55456,11.55456,122,80,MED  / 100ms,0.0
2026-09-01T11:57:01.047762,0.2,11.55456,11.55456,122,80,MED  / 100ms,0.0
2026-09-01T11:57:01.052043,0.2,11.55456,11.55456,122,80,MED  / 100ms,0.0
2026-09-01T11:57:01.056317,0.2,11.55456,11.55456,122,80,MED  / 100ms,0.0
2026-09-01T11:57:01.060612,0.2,11.55456,11.55456,122,80,MED  / 100ms,0.0
2026-09-01T11:57:01.064898,0.2,11.55456,11.55456,122,80,MED  / 100ms,0.0
2026-09-01T11:57:01.069178,0.2,11.55456,11.55456,122,80,MED  / 100ms,0.0
2026-09-01T11:57:01.073457,0.2,11.55456,11.55456,122,80,MED  / 100ms,0.0
2026-09-01T11:57:01.077731,0.2,11.55456,11.55456,122,80,MED  / 100ms,0.0
2026-09-01T11:57:01.082011,0.2,11.55456,11.55456,122,80,MED  / 100ms,0.0
2026-09-01T11:57:01.086281,0.2,11.55456,11.55456,122,80,MED  / 100ms,0.0
2026-09-01T11:57:01.090552,0.2,11.55456,11.55456,122,80,MED  / 100ms,0.0
2026-09-01T11:57:01.094857,0.2,11.55456,11.55456,122,80,MED  / 100ms,0.0
2026-09-01T11:57:01.099142,0.2,11.55456,11.55456,122,80,MED  / 100ms,0.0
2026-09-01T11:57:01.103419,0.2,11.55456,11.55456,122,80,MED  / 100ms,0.0
2026-09-01T11:57:01.107697,0.2,11.55456,11.55456,122,80,MED  / 100ms,0.0
2026-09-01T11:57:01.111992,0.2,11.55456,11.55456,122,80,MED  / 100ms,0.0
2026-09-01T11:57:01.116446,0.2,11.55456,11.55456,122,80,MED  / 100ms,0.0
2026-09-01T11:57:01.120732,0.2,11.55456,11.55456,122,80,MED  / 100ms,0.0
2026-09-01T11:57:01.125010,0.2,11.55456,11.55456,122,80,MED  / 100ms,0.0
2026-09-01T11:57:01.129288,0.2,11.55456,11.55456,122,80,MED  / 100ms,0.0
2026-09-01T11:57:01.133557,0.2,11.55456,11.55456,122,80,MED  / 100ms,0.0
2026-09-01T11:57:01.137825,0.2,11.55456,11.55456,122,80,MED  / 100ms,0.0
2026-09-01T11:57:01.142091,0.2,11.776511999999999,11.776511999999999,124,81,MED  / 100ms,0.0
2026-09-01T11:57:01.146368,0.2,11.776511999999999,11.776511999999999,124,81,MED  / 100ms,0.0
2026-09-01T11:57:01.150648,0.2,11.776511999999999,11.776511999999999,124,81,MED  / 100ms,0.0
2026-09-01T11:57:01.154932,0.2,11.776511999999999,11.776511999999999,124,81,MED  / 100ms,0.0
2026-09-01T11:57:01.159221,0.2,11.776511999999999,11.776511999999999,124,81,MED  / 100ms,0.0
2026-09-01T11:57:01.163505,0.2,11.776511999999999,11.776511999999999,124,81,MED  / 100ms,0.0
2026-09-01T11:57:01.167778,0.2,11.776511999999999,11.776511999999999,124,81,MED  / 100ms,0.0
2026-09-01T11:57:01.172056,0.2,11.776511999999999,11.776511999999999,124,81,MED  / 100ms,0.0
2026-09-01T11:57:01.176339,0.2,11.776511999999999,11.776511999999999,124,81,MED  / 100ms,0.0
2026-09-01T11:57:01.180629,0.2,11.776511999999999,11.776511999999999,124,81,MED  / 100ms,0.0
2026-09-01T11:57:01.184935,0.2,11.776511999999999,11.776511999999999,124,81,MED  / 100ms,0.0
2026-09-01T11:57:01.189213,0.2,11.776511999999999,11.776511999999999,124,81,MED  / 100ms,0.0
2026-09-01T11:57:01.193490,0.2,11.776511999999999,11.776511999999999,124,81,MED  / 100ms,0.0
2026-09-01T11:57:01.197776,0.2,11.776511999999999,11.776511999999999,124,81,MED  / 100ms,0.0
2026-09-01T11:57:01.202056,0.2,11.776511999999999,11.776511999999999,124,81,MED  / 100ms,0.0
2026-09-01T11:57:01.206326,0.2,11.776511999999999,11.776511999999999,124,81,MED  / 100ms,0.0
2026-09-01T11:57:01.210619,0.2,11.776511999999999,11.776511999999999,124,81,MED  / 100ms,0.0
2026-09-01T11:57:01.214911,0.2,11.776511999999999,11.776511999999999,124,81,MED  / 100ms,0.0
2026-09-01T11:57:01.219356,0.2,11.776511999999999,11.776511999999999,124,81,MED  / 100ms,0.0
2026-09-01T11:57:01.223658,0.2,11.776511999999999,11.776511999999999,124,81,MED  / 100ms,0.0
2026-09-01T11:57:01.227944,0.2,11.776511999999999,11.776511999999999,124,81,MED  / 100ms,0.0
2026-09-01T11:57:01.232234,0.2,11.776511999999999,11.776511999999999,124,81,MED  / 100ms,0.0
2026-09-01T11:57:01.236519,0.2,11.776511999999999,11.776511999999999,124,81,MED  / 100ms,0.0
2026-09-01T11:57:01.240806,0.2,11.776511999999999,11.776511999999999,124,81,MED  / 100ms,0.0
2026-09-01T11:57:01.245099,0.2,11.776511999999999,11.776511999999999,124,81,MED  / 100ms,0.0
2026-09-01T11:57:01.249377,0.2,11.776511999999999,11.776511999999999,124,81,MED  / 100ms,0.0
2026-09-01T11:57:01.253658,0.2,11.776511999999999,11.776511999999999,124,81,MED  / 100ms,0.0
2026-09-01T11:57:01.257928,0.2,11.776511999999999,11.776511999999999,124,81,MED  / 100ms,0.0
2026-09-01T11:57:01.262211,0.2,11.776511999999999,11.776511999999999,124,81,MED  / 100ms,0.0
2026-09-01T11:57:01.266487,0.2,11.776511999999999,11.776511999999999,124,81,MED  / 100ms,0.0
2026-09-01T11:57:01.270760,0.2,11.776511999999999,11.776511999999999,124,81,MED  / 100ms,0.0
2026-09-01T11:57:01.275033,0.2,11.776511999999999,11.776511999999999,124,81,MED  / 100ms,0.0
2026-09-01T11:57:01.279328,0.2,11.776511999999999,11.776511999999999,124,81,MED  / 100ms,0.0
2026-09-01T11:57:01.283603,0.2,11.776511999999999,11.776511999999999,124,81,MED  / 100ms,0.0
2026-09-01T11:57:01.287876,0.2,11.776511999999999,11.776511999999999,124,81,MED  / 100ms,0.0
2026-09-01T11:57:01.292146,0.2,11.776511999999999,11.776511999999999,124,81,MED  / 100ms,0.0
2026-09-01T11:57:01.296422,0.2,11.776511999999999,11.776511999999999,124,81,MED  / 100ms,0.0
2026-09-01T11:57:01.300698,0.2,11.776511999999999,11.776511999999999,124,81,MED  / 100ms,0.0
2026-09-01T11:57:01.304972,0.2,11.776511999999999,11.776511999999999,124,81,MED  / 100ms,0.0
2026-09-01T11:57:01.309270,0.2,11.776511999999999,11.776511999999999,124,81,MED  / 100ms,0.0
2026-09-01T11:57:01.313574,0.2,11.776511999999999,11.776511999999999,124,81,MED  / 100ms,0.0
2026-09-01T11:57:01.317850,0.2,11.776511999999999,11.776511999999999,124,81,MED  / 100ms,0.0
2026-09-01T11:57:01.322287,0.2,11.776511999999999,11.776511999999999,124,81,MED  / 100ms,0.0
2026-09-01T11:57:01.326562,0.2,11.776511999999999,11.776511999999999,124,81,MED  / 100ms,0.0
2026-09-01T11:57:01.330835,0.2,11.776511999999999,11.776511999999999,124,81,MED  / 100ms,0.0
2026-09-01T11:57:01.335114,0.2,11.776511999999999,11.776511999999999,124,81,MED  / 100ms,0.0
2026-09-01T11:57:01.339388,0.2,11.776511999999999,11.776511999999999,124,81,MED  / 100ms,0.0
2026-09-01T11:57:01.343660,0.2,11.776511999999999,11.776511999999999,124,81,MED  / 100ms,0.0
2026-09-01T11:57:01.347946,0.2,11.776511999999999,11.776511999999999,124,81,MED  / 100ms,0.0
2026-09-01T11:57:01.352227,0.2,11.939711999999998,11.939711999999998,125,81,MED  / 100ms,0.0
2026-09-01T11:57:01.356505,0.2,11.939711999999998,11.939711999999998,125,81,MED  / 100ms,0.0
2026-09-01T11:57:01.360785,0.2,11.939711999999998,11.939711999999998,125,81,MED  / 100ms,0.0
2026-09-01T11:57:01.365067,0.2,11.939711999999998,11.939711999999998,125,81,MED  / 100ms,0.0
2026-09-01T11:57:01.369343,0.2,11.939711999999998,11.939711999999998,125,81,MED  / 100ms,0.0
2026-09-01T11:57:01.373620,0.2,11.939711999999998,11.939711999999998,125,81,MED  / 100ms,0.0
2026-09-01T11:57:01.377895,0.2,11.939711999999998,11.939711999999998,125,81,MED  / 100ms,0.0
2026-09-01T11:57:01.382173,0.2,11.939711999999998,11.939711999999998,125,81,MED  / 100ms,0.0
2026-09-01T11:57:01.386442,0.2,11.939711999999998,11.939711999999998,125,81,MED  / 100ms,0.0
2026-09-01T11:57:01.390717,0.2,11.939711999999998,11.939711999999998,125,81,MED  / 100ms,0.0
2026-09-01T11:57:01.395000,0.2,11.939711999999998,11.939711999999998,125,81,MED  / 100ms,0.0
2026-09-01T11:57:01.399278,0.2,11.939711999999998,11.939711999999998,125,81,MED  / 100ms,0.0
2026-09-01T11:57:01.403551,0.2,11.939711999999998,11.939711999999998,125,81,MED  / 100ms,0.0
2026-09-01T11:57:01.407828,0.2,11.939711999999998,11.939711999999998,125,81,MED  / 100ms,0.0
2026-09-01T11:57:01.412113,0.2,11.939711999999998,11.939711999999998,125,81,MED  / 100ms,0.0
2026-09-01T11:57:01.416389,0.2,11.939711999999998,11.939711999999998,125,81,MED  / 100ms,0.0
2026-09-01T11:57:01.420656,0.2,11.939711999999998,11.939711999999998,125,81,MED  / 100ms,0.0
2026-09-01T11:57:01.425087,0.2,11.939711999999998,11.939711999999998,125,81,MED  / 100ms,0.0
2026-09-01T11:57:01.429384,0.2,11.939711999999998,11.939711999999998,125,81,MED  / 100ms,0.0
2026-09-01T11:57:01.433679,0.2,11.939711999999998,11.939711999999998,125,81,MED  / 100ms,0.0
2026-09-01T11:57:01.437957,0.2,11.939711999999998,11.939711999999998,125,81,MED  / 100ms,0.0
2026-09-01T11:57:01.442229,0.2,11.939711999999998,11.939711999999998,125,81,MED  / 100ms,0.0
2026-09-01T11:57:01.446509,0.2,11.939711999999998,11.939711999999998,125,81,MED  / 100ms,0.0
2026-09-01T11:57:01.450787,0.2,11.939711999999998,11.939711999999998,125,81,MED  / 100ms,0.0
2026-09-01T11:57:01.455084,0.2,11.776511999999999,11.776511999999999,124,81,MED  / 100ms,0.0
2026-09-01T11:57:01.459369,0.2,11.776511999999999,11.776511999999999,124,81,MED  / 100ms,0.0
2026-09-01T11:57:01.463648,0.2,11.776511999999999,11.776511999999999,124,81,MED  / 100ms,0.0
2026-09-01T11:57:01.467918,0.2,11.776511999999999,11.776511999999999,124,81,MED  / 100ms,0.0
2026-09-01T11:57:01.472194,0.2,11.776511999999999,11.776511999999999,124,81,MED  / 100ms,0.0
2026-09-01T11:57:01.476489,0.2,11.776511999999999,11.776511999999999,124,81,MED  / 100ms,0.0
2026-09-01T11:57:01.480782,0.2,11.776511999999999,11.776511999999999,124,81,MED  / 100ms,0.0
2026-09-01T11:57:01.485069,0.2,11.776511999999999,11.776511999999999,124,81,MED  / 100ms,0.0
2026-09-01T11:57:01.489355,0.2,11.776511999999999,11.776511999999999,124,81,MED  / 100ms,0.0
2026-09-01T11:57:01.493630,0.2,11.776511999999999,11.776511999999999,124,81,MED  / 100ms,0.0
2026-09-01T11:57:01.497905,0.2,11.776511999999999,11.776511999999999,124,81,MED  / 100ms,0.0
2026-09-01T11:57:01.502175,0.2,11.776511999999999,11.776511999999999,124,81,MED  / 100ms,0.0
2026-09-01T11:57:01.506445,0.2,11.776511999999999,11.776511999999999,124,81,MED  / 100ms,0.0
2026-09-01T11:57:01.510728,0.2,11.776511999999999,11.776511999999999,124,81,MED  / 100ms,0.0
2026-09-01T11:57:01.515017,0.2,11.776511999999999,11.776511999999999,124,81,MED  / 100ms,0.0
2026-09-01T11:57:01.519308,0.2,11.776511999999999,11.776511999999999,124,81,MED  / 100ms,0.0
2026-09-01T11:57:01.523587,0.2,11.776511999999999,11.776511999999999,124,81,MED  / 100ms,0.0
2026-09-01T11:57:01.527882,0.2,11.776511999999999,11.776511999999999,124,81,MED  / 100ms,0.0
2026-09-01T11:57:01.532349,0.2,11.776511999999999,11.776511999999999,124,81,MED  / 100ms,0.0
2026-09-01T11:57:01.536633,0.2,11.776511999999999,11.776511999999999,124,81,MED  / 100ms,0.0
2026-09-01T11:57:01.540903,0.2,11.776511999999999,11.776511999999999,124,81,MED  / 100ms,0.0
2026-09-01T11:57:01.545177,0.2,11.776511999999999,11.776511999999999,124,81,MED  / 100ms,0.0
2026-09-01T11:57:01.549458,0.2,11.776511999999999,11.776511999999999,124,81,MED  / 100ms,0.0
2026-09-01T11:57:01.553767,0.2,11.776511999999999,11.776511999999999,124,81,MED  / 100ms,0.0
2026-09-01T11:57:01.558042,0.2,11.776511999999999,11.776511999999999,124,81,MED  / 100ms,0.0
2026-09-01T11:57:01.562325,0.2,11.939711999999998,11.939711999999998,125,81,MED  / 100ms,0.0
2026-09-01T11:57:01.566599,0.2,11.939711999999998,11.939711999999998,125,81,MED  / 100ms,0.0
2026-09-01T11:57:01.570882,0.2,11.939711999999998,11.939711999999998,125,81,MED  / 100ms,0.0
2026-09-01T11:57:01.575186,0.2,11.939711999999998,11.939711999999998,125,81,MED  / 100ms,0.0
2026-09-01T11:57:01.579469,0.2,11.939711999999998,11.939711999999998,125,81,MED  / 100ms,0.0
2026-09-01T11:57:01.583745,0.2,11.939711999999998,11.939711999999998,125,81,MED  / 100ms,0.0
2026-09-01T11:57:01.588023,0.2,11.939711999999998,11.939711999999998,125,81,MED  / 100ms,0.0
2026-09-01T11:57:01.592302,0.2,11.939711999999998,11.939711999999998,125,81,MED  / 100ms,0.0
2026-09-01T11:57:01.596593,0.2,11.939711999999998,11.939711999999998,125,81,MED  / 100ms,0.0
2026-09-01T11:57:01.600888,0.2,11.939711999999998,11.939711999999998,125,81,MED  / 100ms,0.0
2026-09-01T11:57:01.605186,0.2,11.939711999999998,11.939711999999998,125,81,MED  / 100ms,0.0
2026-09-01T11:57:01.609463,0.2,11.939711999999998,11.939711999999998,125,81,MED  / 100ms,0.0
2026-09-01T11:57:01.613740,0.2,11.939711999999998,11.939711999999998,125,81,MED  / 100ms,0.0
2026-09-01T11:57:01.618009,0.2,11.939711999999998,11.939711999999998,125,81,MED  / 100ms,0.0
2026-09-01T11:57:01.622281,0.2,11.939711999999998,11.939711999999998,125,81,MED  / 100ms,0.0
2026-09-01T11:57:01.626554,0.2,11.939711999999998,11.939711999999998,125,81,MED  / 100ms,0.0
2026-09-01T11:57:01.630838,0.2,11.939711999999998,11.939711999999998,125,81,MED  / 100ms,0.0
2026-09-01T11:57:01.635295,0.2,11.939711999999998,11.939711999999998,125,81,MED  / 100ms,0.0
2026-09-01T11:57:01.639577,0.2,11.939711999999998,11.939711999999998,125,81,MED  / 100ms,0.0
2026-09-01T11:57:01.643859,0.2,11.939711999999998,11.939711999999998,125,81,MED  / 100ms,0.0
2026-09-01T11:57:01.648159,0.2,11.939711999999998,11.939711999999998,125,81,MED  / 100ms,0.0
2026-09-01T11:57:01.652442,0.2,11.939711999999998,11.939711999999998,125,81,MED  / 100ms,0.0
2026-09-01T11:57:01.656723,0.2,11.939711999999998,11.939711999999998,125,81,MED  / 100ms,0.0
2026-09-01T11:57:01.661010,0.2,11.939711999999998,11.939711999999998,125,81,MED  / 100ms,0.0
2026-09-01T11:57:01.665287,0.2,11.939711999999998,11.939711999999998,125,81,MED  / 100ms,0.0
2026-09-01T11:57:01.669563,0.2,11.939711999999998,11.939711999999998,125,81,MED  / 100ms,0.0
2026-09-01T11:57:01.673841,0.2,11.939711999999998,11.939711999999998,125,81,MED  / 100ms,0.0
2026-09-01T11:57:01.678127,0.2,11.939711999999998,11.939711999999998,125,81,MED  / 100ms,0.0
2026-09-01T11:57:01.682398,0.2,11.939711999999998,11.939711999999998,125,81,MED  / 100ms,0.0
2026-09-01T11:57:01.686669,0.2,11.939711999999998,11.939711999999998,125,81,MED  / 100ms,0.0
2026-09-01T11:57:01.690962,0.2,11.939711999999998,11.939711999999998,125,81,MED  / 100ms,0.0
2026-09-01T11:57:01.695242,0.2,11.939711999999998,11.939711999999998,125,81,MED  / 100ms,0.0
2026-09-01T11:57:01.699520,0.2,11.939711999999998,11.939711999999998,125,81,MED  / 100ms,0.0
2026-09-01T11:57:01.703795,0.2,11.939711999999998,11.939711999999998,125,81,MED  / 100ms,0.0
2026-09-01T11:57:01.708091,0.2,11.939711999999998,11.939711999999998,125,81,MED  / 100ms,0.0
2026-09-01T11:57:01.712379,0.2,11.939711999999998,11.939711999999998,125,81,MED  / 100ms,0.0
2026-09-01T11:57:01.716653,0.2,11.939711999999998,11.939711999999998,125,81,MED  / 100ms,0.0
2026-09-01T11:57:01.720924,0.2,11.939711999999998,11.939711999999998,125,81,MED  / 100ms,0.0
2026-09-01T11:57:01.725194,0.2,11.939711999999998,11.939711999999998,125,81,MED  / 100ms,0.0
2026-09-01T11:57:01.729491,0.2,11.939711999999998,11.939711999999998,125,81,MED  / 100ms,0.0
2026-09-01T11:57:01.733776,0.2,11.939711999999998,11.939711999999998,125,81,MED  / 100ms,0.0
2026-09-01T11:57:01.738219,0.2,11.939711999999998,11.939711999999998,125,81,MED  / 100ms,0.0
2026-09-01T11:57:01.742520,0.2,11.939711999999998,11.939711999999998,125,81,MED  / 100ms,0.0
2026-09-01T11:57:01.746814,0.2,11.939711999999998,11.939711999999998,125,81,MED  / 100ms,0.0
2026-09-01T11:57:01.751148,0.2,11.939711999999998,11.939711999999998,125,81,MED  / 100ms,0.0
2026-09-01T11:57:01.755437,0.2,11.939711999999998,11.939711999999998,125,81,MED  / 100ms,0.0
2026-09-01T11:57:01.759726,0.2,11.939711999999998,11.939711999999998,125,81,MED  / 100ms,0.0
2026-09-01T11:57:01.764006,0.2,11.939711999999998,11.939711999999998,125,81,MED  / 100ms,0.0
2026-09-01T11:57:01.768304,0.2,11.939711999999998,11.939711999999998,125,81,MED  / 100ms,0.0
2026-09-01T11:57:01.772606,0.2,11.939711999999998,11.939711999999998,125,81,MED  / 100ms,0.0
2026-09-01T11:57:01.776886,0.2,11.939711999999998,11.939711999999998,125,81,MED  / 100ms,0.0
2026-09-01T11:57:01.781189,0.2,11.939711999999998,11.939711999999998,125,81,MED  / 100ms,0.0
2026-09-01T11:57:01.785465,0.2,11.939711999999998,11.939711999999998,125,81,MED  / 100ms,0.0
2026-09-01T11:57:01.789737,0.2,11.939711999999998,11.939711999999998,125,81,MED  / 100ms,0.0
2026-09-01T11:57:01.794016,0.2,11.939711999999998,11.939711999999998,125,81,MED  / 100ms,0.0
2026-09-01T11:57:01.798296,0.2,11.939711999999998,11.939711999999998,125,81,MED  / 100ms,0.0
2026-09-01T11:57:01.802573,0.2,11.939711999999998,11.939711999999998,125,81,MED  / 100ms,0.0
2026-09-01T11:57:01.806846,0.2,11.939711999999998,11.939711999999998,125,81,MED  / 100ms,0.0
2026-09-01T11:57:01.811165,0.2,11.939711999999998,11.939711999999998,125,81,MED  / 100ms,0.0
2026-09-01T11:57:01.815461,0.2,11.939711999999998,11.939711999999998,125,81,MED  / 100ms,0.0
2026-09-01T11:57:01.819768,0.2,11.939711999999998,11.939711999999998,125,81,MED  / 100ms,0.0
2026-09-01T11:57:01.824060,0.2,11.939711999999998,11.939711999999998,125,81,MED  / 100ms,0.0
2026-09-01T11:57:01.828378,0.2,11.939711999999998,11.939711999999998,125,81,MED  / 100ms,0.0
2026-09-01T11:57:01.832690,0.2,11.939711999999998,11.939711999999998,125,81,MED  / 100ms,0.0
2026-09-01T11:57:01.837000,0.2,11.939711999999998,11.939711999999998,125,81,MED  / 100ms,0.0
2026-09-01T11:57:01.841441,0.2,11.939711999999998,11.939711999999998,125,81,MED  / 100ms,0.0
2026-09-01T11:57:01.845742,0.2,11.939711999999998,11.939711999999998,125,81,MED  / 100ms,0.0
2026-09-01T11:57:01.850030,0.2,11.939711999999998,11.939711999999998,125,81,MED  / 100ms,0.0
2026-09-01T11:57:01.854329,0.2,11.939711999999998,11.939711999999998,125,81,MED  / 100ms,0.0
2026-09-01T11:57:01.858622,0.2,11.939711999999998,11.939711999999998,125,81,MED  / 100ms,0.0
2026-09-01T11:57:01.862912,0.2,11.939711999999998,11.939711999999998,125,81,MED  / 100ms,0.0
2026-09-01T11:57:01.867189,0.2,11.939711999999998,11.939711999999998,125,81,MED  / 100ms,0.0
2026-09-01T11:57:01.871496,0.2,11.939711999999998,11.939711999999998,125,82,MED  / 100ms,0.0
2026-09-01T11:57:01.875781,0.2,11.835264,11.835264,125,82,MED  / 100ms,0.0
2026-09-01T11:57:01.880096,0.2,11.835264,11.835264,125,82,MED  / 100ms,0.0
2026-09-01T11:57:01.884379,0.2,11.835264,11.835264,125,82,MED  / 100ms,0.0
2026-09-01T11:57:01.888694,0.2,11.835264,11.835264,125,82,MED  / 100ms,0.0
2026-09-01T11:57:01.892974,0.2,11.835264,11.835264,125,82,MED  / 100ms,0.0
2026-09-01T11:57:01.897254,0.2,11.835264,11.835264,125,82,MED  / 100ms,0.0
2026-09-01T11:57:01.901526,0.2,11.835264,11.835264,125,82,MED  / 100ms,0.0
2026-09-01T11:57:01.905802,0.2,11.835264,11.835264,125,82,MED  / 100ms,0.0
2026-09-01T11:57:01.910091,0.2,11.835264,11.835264,125,82,MED  / 100ms,0.0
2026-09-01T11:57:01.914380,0.2,11.835264,11.835264,125,82,MED  / 100ms,0.0
2026-09-01T11:57:01.918651,0.2,11.835264,11.835264,125,82,MED  / 100ms,0.0
2026-09-01T11:57:01.922922,0.2,11.835264,11.835264,125,82,MED  / 100ms,0.0
2026-09-01T11:57:01.927210,0.2,11.835264,11.835264,125,82,MED  / 100ms,0.0
2026-09-01T11:57:01.931531,0.2,11.835264,11.835264,125,82,MED  / 100ms,0.0
2026-09-01T11:57:01.935808,0.2,11.835264,11.835264,125,82,MED  / 100ms,0.0
2026-09-01T11:57:01.940108,0.2,11.835264,11.835264,125,82,MED  / 100ms,0.0
2026-09-01T11:57:01.944414,0.2,11.835264,11.835264,125,82,MED  / 100ms,0.0
2026-09-01T11:57:01.948890,0.2,11.835264,11.835264,125,82,MED  / 100ms,0.0
2026-09-01T11:57:01.953177,0.2,11.835264,11.835264,125,82,MED  / 100ms,0.0
2026-09-01T11:57:01.957452,0.2,11.835264,11.835264,125,82,MED  / 100ms,0.0
2026-09-01T11:57:01.961750,0.2,11.835264,11.835264,125,82,MED  / 100ms,0.0
2026-09-01T11:57:01.966034,0.2,11.835264,11.835264,125,82,MED  / 100ms,0.0
2026-09-01T11:57:01.970316,0.2,11.835264,11.835264,125,82,MED  / 100ms,0.0
2026-09-01T11:57:01.974594,0.2,11.835264,11.835264,125,82,MED  / 100ms,0.0
2026-09-01T11:57:01.978868,0.2,11.998464,11.998464,126,82,MED  / 100ms,0.0
2026-09-01T11:57:01.983142,0.2,11.998464,11.998464,126,82,MED  / 100ms,0.0
2026-09-01T11:57:01.987427,0.2,11.998464,11.998464,126,82,MED  / 100ms,0.0
2026-09-01T11:57:01.991712,0.2,11.998464,11.998464,126,82,MED  / 100ms,0.0
2026-09-01T11:57:01.995998,0.2,11.998464,11.998464,126,82,MED  / 100ms,0.0
2026-09-01T11:57:02.000273,0.2,11.998464,11.998464,126,82,MED  / 100ms,0.0
2026-09-01T11:57:02.004548,0.2,11.998464,11.998464,126,82,MED  / 100ms,0.0
2026-09-01T11:57:02.008826,0.2,11.998464,11.998464,126,82,MED  / 100ms,0.0
2026-09-01T11:57:02.013105,0.2,11.998464,11.998464,126,82,MED  / 100ms,0.0
2026-09-01T11:57:02.017375,0.2,11.998464,11.998464,126,82,MED  / 100ms,0.0
2026-09-01T11:57:02.021640,0.2,11.998464,11.998464,126,82,MED  / 100ms,0.0
2026-09-01T11:57:02.025914,0.2,11.998464,11.998464,126,82,MED  / 100ms,0.0
2026-09-01T11:57:02.030203,0.2,11.998464,11.998464,126,82,MED  / 100ms,0.0
2026-09-01T11:57:02.034477,0.2,11.998464,11.998464,126,82,MED  / 100ms,0.0
2026-09-01T11:57:02.038749,0.2,11.998464,11.998464,126,82,MED  / 100ms,0.0
2026-09-01T11:57:02.043023,0.2,11.998464,11.998464,126,82,MED  / 100ms,0.0
2026-09-01T11:57:02.047305,0.2,11.998464,11.998464,126,82,MED  / 100ms,0.0
2026-09-01T11:57:02.051757,0.2,11.998464,11.998464,126,82,MED  / 100ms,0.0
2026-09-01T11:57:02.056048,0.2,11.998464,11.998464,126,82,MED  / 100ms,0.0
2026-09-01T11:57:02.060325,0.2,11.998464,11.998464,126,82,MED  / 100ms,0.0
2026-09-01T11:57:02.064607,0.2,11.998464,11.998464,126,82,MED  / 100ms,0.0
2026-09-01T11:57:02.068880,0.2,11.998464,11.998464,126,82,MED  / 100ms,0.0
2026-09-01T11:57:02.073157,0.2,11.998464,11.998464,126,82,MED  / 100ms,0.0
2026-09-01T11:57:02.077436,0.2,11.998464,11.998464,126,82,MED  / 100ms,0.0
2026-09-01T11:57:02.081741,0.2,11.998464,11.998464,124,82,MED  / 100ms,0.0
2026-09-01T11:57:02.086021,0.2,11.672064,11.672064,124,82,MED  / 100ms,0.0
2026-09-01T11:57:02.090298,0.2,11.672064,11.672064,124,82,MED  / 100ms,0.0
2026-09-01T11:57:02.094579,0.2,11.672064,11.672064,124,82,MED  / 100ms,0.0
2026-09-01T11:57:02.098851,0.2,11.672064,11.672064,124,82,MED  / 100ms,0.0
2026-09-01T11:57:02.103121,0.2,11.672064,11.672064,124,82,MED  / 100ms,0.0
2026-09-01T11:57:02.107410,0.2,11.672064,11.672064,124,82,MED  / 100ms,0.0
2026-09-01T11:57:02.111693,0.2,11.672064,11.672064,124,82,MED  / 100ms,0.0
2026-09-01T11:57:02.115967,0.2,11.672064,11.672064,124,82,MED  / 100ms,0.0
2026-09-01T11:57:02.120257,0.2,11.672064,11.672064,124,82,MED  / 100ms,0.0
2026-09-01T11:57:02.124530,0.2,11.672064,11.672064,124,82,MED  / 100ms,0.0
2026-09-01T11:57:02.128808,0.2,11.672064,11.672064,124,82,MED  / 100ms,0.0
2026-09-01T11:57:02.133078,0.2,11.672064,11.672064,124,82,MED  / 100ms,0.0
2026-09-01T11:57:02.137371,0.2,11.672064,11.672064,124,82,MED  / 100ms,0.0
2026-09-01T11:57:02.141644,0.2,11.672064,11.672064,124,82,MED  / 100ms,0.0
2026-09-01T11:57:02.145951,0.2,11.672064,11.672064,124,82,MED  / 100ms,0.0
2026-09-01T11:57:02.150244,0.2,11.672064,11.672064,124,82,MED  / 100ms,0.0
2026-09-01T11:57:02.154676,0.2,11.672064,11.672064,124,82,MED  / 100ms,0.0
2026-09-01T11:57:02.158949,0.2,11.672064,11.672064,124,82,MED  / 100ms,0.0
2026-09-01T11:57:02.163226,0.2,11.672064,11.672064,124,82,MED  / 100ms,0.0
2026-09-01T11:57:02.167496,0.2,11.672064,11.672064,124,82,MED  / 100ms,0.0
2026-09-01T11:57:02.171773,0.2,11.672064,11.672064,124,82,MED  / 100ms,0.0
2026-09-01T11:57:02.176054,0.2,11.672064,11.672064,124,82,MED  / 100ms,0.0
2026-09-01T11:57:02.180350,0.2,11.672064,11.672064,124,82,MED  / 100ms,0.0
2026-09-01T11:57:02.184632,0.2,11.672064,11.672064,124,82,MED  / 100ms,0.0
2026-09-01T11:57:02.188903,0.2,12.044160000000002,12.044160000000002,125,80,MED  / 100ms,0.0
2026-09-01T11:57:02.193172,0.2,12.044160000000002,12.044160000000002,125,80,MED  / 100ms,0.0
2026-09-01T11:57:02.197455,0.2,12.044160000000002,12.044160000000002,125,80,MED  / 100ms,0.0
2026-09-01T11:57:02.201751,0.2,12.044160000000002,12.044160000000002,125,80,MED  / 100ms,0.0
2026-09-01T11:57:02.206039,0.2,12.044160000000002,12.044160000000002,125,80,MED  / 100ms,0.0
2026-09-01T11:57:02.210324,0.2,12.044160000000002,12.044160000000002,125,80,MED  / 100ms,0.0
2026-09-01T11:57:02.214604,0.2,12.044160000000002,12.044160000000002,125,80,MED  / 100ms,0.0
2026-09-01T11:57:02.218873,0.2,12.044160000000002,12.044160000000002,125,80,MED  / 100ms,0.0
2026-09-01T11:57:02.223146,0.2,12.044160000000002,12.044160000000002,125,80,MED  / 100ms,0.0
2026-09-01T11:57:02.227430,0.2,12.044160000000002,12.044160000000002,125,80,MED  / 100ms,0.0
2026-09-01T11:57:02.232023,0.2,12.044160000000002,12.044160000000002,125,80,MED  / 100ms,0.0
2026-09-01T11:57:02.236323,0.2,12.044160000000002,12.044160000000002,125,80,MED  / 100ms,0.0
2026-09-01T11:57:02.240616,0.2,12.044160000000002,12.044160000000002,125,80,MED  / 100ms,0.0
2026-09-01T11:57:02.244910,0.2,12.044160000000002,12.044160000000002,125,80,MED  / 100ms,0.0
2026-09-01T11:57:02.249215,0.2,12.044160000000002,12.044160000000002,125,80,MED  / 100ms,0.0
2026-09-01T11:57:02.253500,0.2,12.044160000000002,12.044160000000002,125,80,MED  / 100ms,0.0
2026-09-01T11:57:02.257959,0.2,12.044160000000002,12.044160000000002,125,80,MED  / 100ms,0.0
2026-09-01T11:57:02.262252,0.2,12.044160000000002,12.044160000000002,125,80,MED  / 100ms,0.0
2026-09-01T11:57:02.266553,0.2,12.044160000000002,12.044160000000002,125,80,MED  / 100ms,0.0
2026-09-01T11:57:02.270836,0.2,12.044160000000002,12.044160000000002,125,80,MED  / 100ms,0.0
2026-09-01T11:57:02.275119,0.2,12.044160000000002,12.044160000000002,125,80,MED  / 100ms,0.0
2026-09-01T11:57:02.279400,0.2,12.044160000000002,12.044160000000002,125,80,MED  / 100ms,0.0
2026-09-01T11:57:02.283677,0.2,12.044160000000002,12.044160000000002,125,80,MED  / 100ms,0.0
2026-09-01T11:57:02.287953,0.2,12.044160000000002,12.044160000000002,125,80,MED  / 100ms,0.0
2026-09-01T11:57:02.292261,0.2,11.495807999999998,11.495807999999998,121,79,MED  / 100ms,0.0
2026-09-01T11:57:02.296544,0.2,11.495807999999998,11.495807999999998,121,79,MED  / 100ms,0.0
2026-09-01T11:57:02.300815,0.2,11.495807999999998,11.495807999999998,121,79,MED  / 100ms,0.0
2026-09-01T11:57:02.305101,0.2,11.495807999999998,11.495807999999998,121,79,MED  / 100ms,0.0
2026-09-01T11:57:02.309388,0.2,11.495807999999998,11.495807999999998,121,79,MED  / 100ms,0.0
2026-09-01T11:57:02.313679,0.2,11.495807999999998,11.495807999999998,121,79,MED  / 100ms,0.0
2026-09-01T11:57:02.317973,0.2,11.495807999999998,11.495807999999998,121,79,MED  / 100ms,0.0
2026-09-01T11:57:02.322262,0.2,11.495807999999998,11.495807999999998,121,79,MED  / 100ms,0.0
2026-09-01T11:57:02.326546,0.2,11.495807999999998,11.495807999999998,121,79,MED  / 100ms,0.0
2026-09-01T11:57:02.330829,0.2,11.495807999999998,11.495807999999998,121,79,MED  / 100ms,0.0
2026-09-01T11:57:02.335128,0.2,11.495807999999998,11.495807999999998,121,79,MED  / 100ms,0.0
2026-09-01T11:57:02.339400,0.2,11.495807999999998,11.495807999999998,121,79,MED  / 100ms,0.0
2026-09-01T11:57:02.343671,0.2,11.495807999999998,11.495807999999998,121,79,MED  / 100ms,0.0
2026-09-01T11:57:02.347955,0.2,11.495807999999998,11.495807999999998,121,79,MED  / 100ms,0.0
2026-09-01T11:57:02.352253,0.2,11.495807999999998,11.495807999999998,121,79,MED  / 100ms,0.0
2026-09-01T11:57:02.356533,0.2,11.495807999999998,11.495807999999998,121,79,MED  / 100ms,0.0
2026-09-01T11:57:02.360824,0.2,11.495807999999998,11.495807999999998,121,79,MED  / 100ms,0.0
2026-09-01T11:57:02.365260,0.2,11.495807999999998,11.495807999999998,121,79,MED  / 100ms,0.0
2026-09-01T11:57:02.369557,0.2,11.495807999999998,11.495807999999998,121,79,MED  / 100ms,0.0
2026-09-01T11:57:02.373839,0.2,11.495807999999998,11.495807999999998,121,79,MED  / 100ms,0.0
2026-09-01T11:57:02.378130,0.2,11.495807999999998,11.495807999999998,121,79,MED  / 100ms,0.0
2026-09-01T11:57:02.382397,0.2,11.495807999999998,11.495807999999998,121,79,MED  / 100ms,0.0
2026-09-01T11:57:02.386662,0.2,11.495807999999998,11.495807999999998,121,79,MED  / 100ms,0.0
2026-09-01T11:57:02.390935,0.2,11.495807999999998,11.495807999999998,121,79,MED  / 100ms,0.0
2026-09-01T11:57:02.395212,0.2,11.495807999999998,11.495807999999998,121,75,MED  / 100ms,0.0
2026-09-01T11:57:02.399476,0.2,11.587200000000001,11.587200000000001,119,75,MED  / 100ms,0.0
2026-09-01T11:57:02.403743,0.2,11.587200000000001,11.587200000000001,119,75,MED  / 100ms,0.0
2026-09-01T11:57:02.408006,0.2,11.587200000000001,11.587200000000001,119,75,MED  / 100ms,0.0
2026-09-01T11:57:02.412275,0.2,11.587200000000001,11.587200000000001,119,75,MED  / 100ms,0.0
2026-09-01T11:57:02.416538,0.2,11.587200000000001,11.587200000000001,119,75,MED  / 100ms,0.0
2026-09-01T11:57:02.420826,0.2,11.587200000000001,11.587200000000001,119,75,MED  / 100ms,0.0
2026-09-01T11:57:02.425095,0.2,11.587200000000001,11.587200000000001,119,75,MED  / 100ms,0.0
2026-09-01T11:57:02.429395,0.2,11.587200000000001,11.587200000000001,119,75,MED  / 100ms,0.0
2026-09-01T11:57:02.433698,0.2,11.587200000000001,11.587200000000001,119,75,MED  / 100ms,0.0
2026-09-01T11:57:02.437981,0.2,11.587200000000001,11.587200000000001,119,75,MED  / 100ms,0.0
2026-09-01T11:57:02.442273,0.2,11.587200000000001,11.587200000000001,119,75,MED  / 100ms,0.0
2026-09-01T11:57:02.446545,0.2,11.587200000000001,11.587200000000001,119,75,MED  / 100ms,0.0
2026-09-01T11:57:02.450840,0.2,11.587200000000001,11.587200000000001,119,75,MED  / 100ms,0.0
2026-09-01T11:57:02.455120,0.2,11.587200000000001,11.587200000000001,119,75,MED  / 100ms,0.0
2026-09-01T11:57:02.459387,0.2,11.587200000000001,11.587200000000001,119,75,MED  / 100ms,0.0
2026-09-01T11:57:02.463659,0.2,11.587200000000001,11.587200000000001,119,75,MED  / 100ms,0.0
2026-09-01T11:57:02.468095,0.2,11.587200000000001,11.587200000000001,119,75,MED  / 100ms,0.0
2026-09-01T11:57:02.472364,0.2,11.587200000000001,11.587200000000001,119,75,MED  / 100ms,0.0
2026-09-01T11:57:02.476629,0.2,11.587200000000001,11.587200000000001,119,75,MED  / 100ms,0.0
2026-09-01T11:57:02.480909,0.2,11.587200000000001,11.587200000000001,119,75,MED  / 100ms,0.0
2026-09-01T11:57:02.485177,0.2,11.587200000000001,11.587200000000001,119,75,MED  / 100ms,0.0
2026-09-01T11:57:02.489451,0.2,11.587200000000001,11.587200000000001,119,75,MED  / 100ms,0.0
2026-09-01T11:57:02.493726,0.2,11.587200000000001,11.587200000000001,119,75,MED  / 100ms,0.0
2026-09-01T11:57:02.498014,0.2,11.587200000000001,11.587200000000001,119,75,MED  / 100ms,0.0
2026-09-01T11:57:02.502291,0.2,272.38732799999997,272.38732799999997,2078,639,MED  / 100ms,0.0
2026-09-01T11:57:02.506559,0.2,272.38732799999997,272.38732799999997,2078,639,MED  / 100ms,0.0
2026-09-01T11:57:02.510850,0.2,272.38732799999997,272.38732799999997,2078,639,MED  / 100ms,0.0
2026-09-01T11:57:02.515140,0.2,272.38732799999997,272.38732799999997,2078,639,MED  / 100ms,0.0
2026-09-01T11:57:02.519406,0.2,272.38732799999997,272.38732799999997,2078,639,MED  / 100ms,0.0
2026-09-01T11:57:02.523674,0.2,272.38732799999997,272.38732799999997,2078,639,MED  / 100ms,0.0
2026-09-01T11:57:02.527948,0.2,272.38732799999997,272.38732799999997,2078,639,MED  / 100ms,0.0
2026-09-01T11:57:02.532221,0.2,272.38732799999997,272.38732799999997,2078,639,MED  / 100ms,0.0
2026-09-01T11:57:02.536500,0.2,272.38732799999997,272.38732799999997,2078,639,MED  / 100ms,0.0
2026-09-01T11:57:02.540772,0.2,272.38732799999997,272.38732799999997,2078,639,MED  / 100ms,0.0
2026-09-01T11:57:02.545044,0.2,272.38732799999997,272.38732799999997,2078,639,MED  / 100ms,0.0
2026-09-01T11:57:02.549312,0.2,272.38732799999997,272.38732799999997,2078,639,MED  / 100ms,0.0
2026-09-01T11:57:02.553582,0.2,272.38732799999997,272.38732799999997,2078,639,MED  / 100ms,0.0
2026-09-01T11:57:02.557868,0.2,272.38732799999997,272.38732799999997,2078,639,MED  / 100ms,0.0
2026-09-01T11:57:02.562143,0.2,272.38732799999997,272.38732799999997,2078,639,MED  / 100ms,0.0
2026-09-01T11:57:02.566408,0.2,272.38732799999997,272.38732799999997,2078,639,MED  / 100ms,0.0
2026-09-01T11:57:02.570853,0.2,272.38732799999997,272.38732799999997,2078,639,MED  / 100ms,0.0
2026-09-01T11:57:02.575128,0.2,272.38732799999997,272.38732799999997,2078,639,MED  / 100ms,0.0
2026-09-01T11:57:02.579394,0.2,272.38732799999997,272.38732799999997,2078,639,MED  / 100ms,0.0
2026-09-01T11:57:02.583659,0.2,272.38732799999997,272.38732799999997,2078,639,MED  / 100ms,0.0
2026-09-01T11:57:02.587928,0.2,272.38732799999997,272.38732799999997,2078,639,MED  / 100ms,0.0
2026-09-01T11:57:02.592200,0.2,272.38732799999997,272.38732799999997,2078,639,MED  / 100ms,0.0
2026-09-01T11:57:02.596487,0.2,272.38732799999997,272.38732799999997,2078,639,MED  / 100ms,0.0
2026-09-01T11:57:02.600762,0.2,272.38732799999997,272.38732799999997,2078,639,MED  / 100ms,0.0
2026-09-01T11:57:02.605032,0.2,272.38732799999997,272.38732799999997,2965,841,MED  / 100ms,0.0
2026-09-01T11:57:02.609323,0.2,396.047232,396.047232,2965,841,MED  / 100ms,0.0
2026-09-01T11:57:02.613600,0.2,396.047232,396.047232,2965,841,MED  / 100ms,0.0
2026-09-01T11:57:02.617865,0.2,396.047232,396.047232,2965,841,MED  / 100ms,0.0
2026-09-01T11:57:02.622131,0.2,396.047232,396.047232,2965,841,MED  / 100ms,0.0
2026-09-01T11:57:02.626395,0.2,396.047232,396.047232,2965,841,MED  / 100ms,0.0
2026-09-01T11:57:02.630688,0.2,396.047232,396.047232,2965,841,MED  / 100ms,0.0
2026-09-01T11:57:02.634993,0.2,396.047232,396.047232,2965,841,MED  / 100ms,0.0
2026-09-01T11:57:02.639267,0.2,396.047232,396.047232,2965,841,MED  / 100ms,0.0
2026-09-01T11:57:02.643540,0.2,396.047232,396.047232,2965,841,MED  / 100ms,0.0
2026-09-01T11:57:02.647824,0.2,396.047232,396.047232,2965,841,MED  / 100ms,0.0
2026-09-01T11:57:02.652102,0.2,396.047232,396.047232,2965,841,MED  / 100ms,0.0
2026-09-01T11:57:02.656376,0.2,396.047232,396.047232,2965,841,MED  / 100ms,0.0
2026-09-01T11:57:02.660680,0.2,396.047232,396.047232,2965,841,MED  / 100ms,0.0
2026-09-01T11:57:02.664954,0.2,396.047232,396.047232,2965,841,MED  / 100ms,0.0
2026-09-01T11:57:02.669227,0.2,396.047232,396.047232,2965,841,MED  / 100ms,0.0
2026-09-01T11:57:02.673678,0.2,396.047232,396.047232,2965,841,MED  / 100ms,0.0
2026-09-01T11:57:02.678016,0.2,396.047232,396.047232,2965,841,MED  / 100ms,0.0
2026-09-01T11:57:02.682305,0.2,396.047232,396.047232,2965,841,MED  / 100ms,0.0
2026-09-01T11:57:02.686580,0.2,396.047232,396.047232,2965,841,MED  / 100ms,0.0
2026-09-01T11:57:02.690857,0.2,396.047232,396.047232,2965,841,MED  / 100ms,0.0
2026-09-01T11:57:02.695132,0.2,396.047232,396.047232,2965,841,MED  / 100ms,0.0
2026-09-01T11:57:02.699398,0.2,396.047232,396.047232,2965,841,MED  / 100ms,0.0
2026-09-01T11:57:02.703669,0.2,396.047232,396.047232,2965,841,MED  / 100ms,0.0
2026-09-01T11:57:02.707938,0.2,396.047232,396.047232,2965,841,MED  / 100ms,0.0
2026-09-01T11:57:02.712219,0.2,401.06726399999997,401.06726399999997,3006,857,MED  / 100ms,0.0
2026-09-01T11:57:02.716496,0.2,401.06726399999997,401.06726399999997,3006,857,MED  / 100ms,0.0
2026-09-01T11:57:02.720789,0.2,401.06726399999997,401.06726399999997,3006,857,MED  / 100ms,0.0
2026-09-01T11:57:02.725061,0.2,401.06726399999997,401.06726399999997,3006,857,MED  / 100ms,0.0
2026-09-01T11:57:02.729360,0.2,401.06726399999997,401.06726399999997,3006,857,MED  / 100ms,0.0
2026-09-01T11:57:02.733635,0.2,401.06726399999997,401.06726399999997,3006,857,MED  / 100ms,0.0
2026-09-01T11:57:02.737903,0.2,401.06726399999997,401.06726399999997,3006,857,MED  / 100ms,0.0
2026-09-01T11:57:02.742179,0.2,401.06726399999997,401.06726399999997,3006,857,MED  / 100ms,0.0
2026-09-01T11:57:02.746451,0.2,401.06726399999997,401.06726399999997,3006,857,MED  / 100ms,0.0
2026-09-01T11:57:02.750733,0.2,401.06726399999997,401.06726399999997,3006,857,MED  / 100ms,0.0
2026-09-01T11:57:02.755021,0.2,401.06726399999997,401.06726399999997,3006,857,MED  / 100ms,0.0
2026-09-01T11:57:02.759294,0.2,401.06726399999997,401.06726399999997,3006,857,MED  / 100ms,0.0
2026-09-01T11:57:02.763570,0.2,401.06726399999997,401.06726399999997,3006,857,MED  / 100ms,0.0
2026-09-01T11:57:02.767840,0.2,401.06726399999997,401.06726399999997,3006,857,MED  / 100ms,0.0
2026-09-01T11:57:02.772115,0.2,401.06726399999997,401.06726399999997,3006,857,MED  / 100ms,0.0
2026-09-01T11:57:02.776409,0.2,401.06726399999997,401.06726399999997,3006,857,MED  / 100ms,0.0
2026-09-01T11:57:02.780853,0.2,401.06726399999997,401.06726399999997,3006,857,MED  / 100ms,0.0
2026-09-01T11:57:02.785126,0.2,401.06726399999997,401.06726399999997,3006,857,MED  / 100ms,0.0
2026-09-01T11:57:02.789397,0.2,401.06726399999997,401.06726399999997,3006,857,MED  / 100ms,0.0
2026-09-01T11:57:02.793688,0.2,401.06726399999997,401.06726399999997,3006,857,MED  / 100ms,0.0
2026-09-01T11:57:02.797974,0.2,401.06726399999997,401.06726399999997,3006,857,MED  / 100ms,0.0
2026-09-01T11:57:02.802271,0.2,401.06726399999997,401.06726399999997,3006,857,MED  / 100ms,0.0
2026-09-01T11:57:02.806547,0.2,401.06726399999997,401.06726399999997,3006,857,MED  / 100ms,0.0
2026-09-01T11:57:02.810829,0.2,401.06726399999997,401.06726399999997,3006,857,MED  / 100ms,0.0
2026-09-01T11:57:02.815097,0.2,401.06726399999997,401.06726399999997,2996,857,MED  / 100ms,0.0
2026-09-01T11:57:02.819374,0.2,399.43526399999996,399.43526399999996,2996,857,MED  / 100ms,0.0
2026-09-01T11:57:02.823648,0.2,399.43526399999996,399.43526399999996,2996,857,MED  / 100ms,0.0
2026-09-01T11:57:02.827923,0.2,399.43526399999996,399.43526399999996,2996,857,MED  / 100ms,0.0
2026-09-01T11:57:02.832193,0.2,399.43526399999996,399.43526399999996,2996,857,MED  / 100ms,0.0
2026-09-01T11:57:02.836479,0.2,399.43526399999996,399.43526399999996,2996,857,MED  / 100ms,0.0
2026-09-01T11:57:02.840755,0.2,399.43526399999996,399.43526399999996,2996,857,MED  / 100ms,0.0
2026-09-01T11:57:02.845028,0.2,399.43526399999996,399.43526399999996,2996,857,MED  / 100ms,0.0
2026-09-01T11:57:02.849302,0.2,399.43526399999996,399.43526399999996,2996,857,MED  / 100ms,0.0
2026-09-01T11:57:02.853583,0.2,399.43526399999996,399.43526399999996,2996,857,MED  / 100ms,0.0
2026-09-01T11:57:02.857855,0.2,399.43526399999996,399.43526399999996,2996,857,MED  / 100ms,0.0
2026-09-01T11:57:02.862151,0.2,399.43526399999996,399.43526399999996,2996,857,MED  / 100ms,0.0
2026-09-01T11:57:02.866421,0.2,399.43526399999996,399.43526399999996,2996,857,MED  / 100ms,0.0
2026-09-01T11:57:02.870700,0.2,399.43526399999996,399.43526399999996,2996,857,MED  / 100ms,0.0
2026-09-01T11:57:02.874971,0.2,399.43526399999996,399.43526399999996,2996,857,MED  / 100ms,0.0
2026-09-01T11:57:02.879240,0.2,399.43526399999996,399.43526399999996,2996,857,MED  / 100ms,0.0
2026-09-01T11:57:02.883693,0.2,399.43526399999996,399.43526399999996,2996,857,MED  / 100ms,0.0
2026-09-01T11:57:02.887966,0.2,399.43526399999996,399.43526399999996,2996,857,MED  / 100ms,0.0
2026-09-01T11:57:02.892253,0.2,399.43526399999996,399.43526399999996,2996,857,MED  / 100ms,0.0
2026-09-01T11:57:02.896533,0.2,399.43526399999996,399.43526399999996,2996,857,MED  / 100ms,0.0
2026-09-01T11:57:02.900813,0.2,399.43526399999996,399.43526399999996,2996,857,MED  / 100ms,0.0
2026-09-01T11:57:02.905083,0.2,399.43526399999996,399.43526399999996,2996,857,MED  / 100ms,0.0
2026-09-01T11:57:02.909359,0.2,399.43526399999996,399.43526399999996,2996,857,MED  / 100ms,0.0
2026-09-01T11:57:02.913641,0.2,399.43526399999996,399.43526399999996,2996,857,MED  / 100ms,0.0
2026-09-01T11:57:02.917907,0.2,399.43526399999996,399.43526399999996,2996,857,MED  / 100ms,0.0
2026-09-01T11:57:02.922184,0.2,398.45606399999997,398.45606399999997,2990,857,MED  / 100ms,0.0
2026-09-01T11:57:02.926461,0.2,398.45606399999997,398.45606399999997,2990,857,MED  / 100ms,0.0
2026-09-01T11:57:02.930765,0.2,398.45606399999997,398.45606399999997,2990,857,MED  / 100ms,0.0
2026-09-01T11:57:02.935047,0.2,398.45606399999997,398.45606399999997,2990,857,MED  / 100ms,0.0
2026-09-01T11:57:02.939313,0.2,398.45606399999997,398.45606399999997,2990,857,MED  / 100ms,0.0
2026-09-01T11:57:02.943612,0.2,398.45606399999997,398.45606399999997,2990,857,MED  / 100ms,0.0
2026-09-01T11:57:02.947885,0.2,398.45606399999997,398.45606399999997,2990,857,MED  / 100ms,0.0
2026-09-01T11:57:02.952154,0.2,398.45606399999997,398.45606399999997,2990,857,MED  / 100ms,0.0
2026-09-01T11:57:02.956447,0.2,398.45606399999997,398.45606399999997,2990,857,MED  / 100ms,0.0
2026-09-01T11:57:02.960722,0.2,398.45606399999997,398.45606399999997,2990,857,MED  / 100ms,0.0
2026-09-01T11:57:02.965007,0.2,398.45606399999997,398.45606399999997,2990,857,MED  / 100ms,0.0
2026-09-01T11:57:02.969288,0.2,398.45606399999997,398.45606399999997,2990,857,MED  / 100ms,0.0
2026-09-01T11:57:02.973572,0.2,398.45606399999997,398.45606399999997,2990,857,MED  / 100ms,0.0
2026-09-01T11:57:02.977870,0.2,398.45606399999997,398.45606399999997,2990,857,MED  / 100ms,0.0
2026-09-01T11:57:02.982150,0.2,398.45606399999997,398.45606399999997,2990,857,MED  / 100ms,0.0
2026-09-01T11:57:02.986589,0.2,398.45606399999997,398.45606399999997,2990,857,MED  / 100ms,0.0
2026-09-01T11:57:02.990872,0.2,398.45606399999997,398.45606399999997,2990,857,MED  / 100ms,0.0
2026-09-01T11:57:02.995239,0.2,398.45606399999997,398.45606399999997,2990,857,MED  / 100ms,0.0
2026-09-01T11:57:02.999559,0.2,398.45606399999997,398.45606399999997,2990,857,MED  / 100ms,0.0
2026-09-01T11:57:03.003838,0.2,398.45606399999997,398.45606399999997,2990,857,MED  / 100ms,0.0
2026-09-01T11:57:03.008142,0.2,398.45606399999997,398.45606399999997,2990,857,MED  / 100ms,0.0
2026-09-01T11:57:03.012446,0.2,398.45606399999997,398.45606399999997,2990,857,MED  / 100ms,0.0
2026-09-01T11:57:03.016748,0.2,398.45606399999997,398.45606399999997,2990,857,MED  / 100ms,0.0
2026-09-01T11:57:03.021026,0.2,398.45606399999997,398.45606399999997,2990,857,MED  / 100ms,0.0
2026-09-01T11:57:03.025324,0.2,398.66496,398.66496,2990,855,MED  / 100ms,0.0
2026-09-01T11:57:03.029632,0.2,398.66496,398.66496,2990,855,MED  / 100ms,0.0
2026-09-01T11:57:03.033918,0.2,398.66496,398.66496,2990,855,MED  / 100ms,0.0
2026-09-01T11:57:03.038207,0.2,398.66496,398.66496,2990,855,MED  / 100ms,0.0
2026-09-01T11:57:03.042481,0.2,398.66496,398.66496,2990,855,MED  / 100ms,0.0
2026-09-01T11:57:03.046771,0.2,398.66496,398.66496,2990,855,MED  / 100ms,0.0
2026-09-01T11:57:03.051075,0.2,398.66496,398.66496,2990,855,MED  / 100ms,0.0
2026-09-01T11:57:03.055344,0.2,398.66496,398.66496,2990,855,MED  / 100ms,0.0
2026-09-01T11:57:03.059642,0.2,398.66496,398.66496,2990,855,MED  / 100ms,0.0
2026-09-01T11:57:03.063963,0.2,398.66496,398.66496,2990,855,MED  / 100ms,0.0
2026-09-01T11:57:03.068236,0.2,398.66496,398.66496,2990,855,MED  / 100ms,0.0
2026-09-01T11:57:03.072539,0.2,398.66496,398.66496,2990,855,MED  / 100ms,0.0
2026-09-01T11:57:03.076839,0.2,398.66496,398.66496,2990,855,MED  / 100ms,0.0
2026-09-01T11:57:03.081133,0.2,398.66496,398.66496,2990,855,MED  / 100ms,0.0
2026-09-01T11:57:03.085404,0.2,398.66496,398.66496,2990,855,MED  / 100ms,0.0
2026-09-01T11:57:03.089890,0.2,398.66496,398.66496,2990,855,MED  / 100ms,0.0
2026-09-01T11:57:03.094180,0.2,398.66496,398.66496,2990,855,MED  / 100ms,0.0
2026-09-01T11:57:03.098485,0.2,398.66496,398.66496,2990,855,MED  / 100ms,0.0
2026-09-01T11:57:03.102765,0.2,398.66496,398.66496,2990,855,MED  / 100ms,0.0
2026-09-01T11:57:03.107060,0.2,398.66496,398.66496,2990,855,MED  / 100ms,0.0
2026-09-01T11:57:03.111387,0.2,398.66496,398.66496,2990,855,MED  / 100ms,0.0
2026-09-01T11:57:03.115669,0.2,398.66496,398.66496,2990,855,MED  / 100ms,0.0
2026-09-01T11:57:03.119940,0.2,398.66496,398.66496,2990,855,MED  / 100ms,0.0
2026-09-01T11:57:03.124211,0.2,398.66496,398.66496,2990,855,MED  / 100ms,0.0
2026-09-01T11:57:03.128486,0.2,398.66496,398.66496,3003,856,MED  / 100ms,0.0
2026-09-01T11:57:03.132756,0.2,400.68211199999996,400.68211199999996,3003,856,MED  / 100ms,0.0
2026-09-01T11:57:03.137035,0.2,400.68211199999996,400.68211199999996,3003,856,MED  / 100ms,0.0
2026-09-01T11:57:03.141326,0.2,400.68211199999996,400.68211199999996,3003,856,MED  / 100ms,0.0
2026-09-01T11:57:03.145623,0.2,400.68211199999996,400.68211199999996,3003,856,MED  / 100ms,0.0
2026-09-01T11:57:03.149923,0.2,400.68211199999996,400.68211199999996,3003,856,MED  / 100ms,0.0
2026-09-01T11:57:03.154211,0.2,400.68211199999996,400.68211199999996,3003,856,MED  / 100ms,0.0
2026-09-01T11:57:03.158508,0.2,400.68211199999996,400.68211199999996,3003,856,MED  / 100ms,0.0
2026-09-01T11:57:03.162792,0.2,400.68211199999996,400.68211199999996,3003,856,MED  / 100ms,0.0
2026-09-01T11:57:03.167059,0.2,400.68211199999996,400.68211199999996,3003,856,MED  / 100ms,0.0
2026-09-01T11:57:03.171341,0.2,400.68211199999996,400.68211199999996,3003,856,MED  / 100ms,0.0
2026-09-01T11:57:03.175624,0.2,400.68211199999996,400.68211199999996,3003,856,MED  / 100ms,0.0
2026-09-01T11:57:03.179905,0.2,400.68211199999996,400.68211199999996,3003,856,MED  / 100ms,0.0
2026-09-01T11:57:03.184184,0.2,400.68211199999996,400.68211199999996,3003,856,MED  / 100ms,0.0
2026-09-01T11:57:03.188456,0.2,400.68211199999996,400.68211199999996,3003,856,MED  / 100ms,0.0
2026-09-01T11:57:03.192732,0.2,400.68211199999996,400.68211199999996,3003,856,MED  / 100ms,0.0
2026-09-01T11:57:03.197183,0.2,400.68211199999996,400.68211199999996,3003,856,MED  / 100ms,0.0
2026-09-01T11:57:03.201478,0.2,400.68211199999996,400.68211199999996,3003,856,MED  / 100ms,0.0
2026-09-01T11:57:03.205782,0.2,400.68211199999996,400.68211199999996,3003,856,MED  / 100ms,0.0
2026-09-01T11:57:03.210071,0.2,400.68211199999996,400.68211199999996,3003,856,MED  / 100ms,0.0
2026-09-01T11:57:03.214363,0.2,400.68211199999996,400.68211199999996,3003,856,MED  / 100ms,0.0
2026-09-01T11:57:03.218637,0.2,400.68211199999996,400.68211199999996,3003,856,MED  / 100ms,0.0
2026-09-01T11:57:03.222906,0.2,400.68211199999996,400.68211199999996,3003,856,MED  / 100ms,0.0
2026-09-01T11:57:03.227190,0.2,400.68211199999996,400.68211199999996,3003,856,MED  / 100ms,0.0
2026-09-01T11:57:03.231478,0.2,400.68211199999996,400.68211199999996,3003,856,MED  / 100ms,0.0
2026-09-01T11:57:03.235759,0.2,404.16153599999996,404.16153599999996,3032,868,MED  / 100ms,0.0
2026-09-01T11:57:03.240029,0.2,404.16153599999996,404.16153599999996,3032,868,MED  / 100ms,0.0
2026-09-01T11:57:03.244305,0.2,404.16153599999996,404.16153599999996,3032,868,MED  / 100ms,0.0
2026-09-01T11:57:03.248581,0.2,404.16153599999996,404.16153599999996,3032,868,MED  / 100ms,0.0
2026-09-01T11:57:03.252871,0.2,404.16153599999996,404.16153599999996,3032,868,MED  / 100ms,0.0
2026-09-01T11:57:03.257164,0.2,404.16153599999996,404.16153599999996,3032,868,MED  / 100ms,0.0
2026-09-01T11:57:03.261442,0.2,404.16153599999996,404.16153599999996,3032,868,MED  / 100ms,0.0
2026-09-01T11:57:03.265720,0.2,404.16153599999996,404.16153599999996,3032,868,MED  / 100ms,0.0
2026-09-01T11:57:03.270023,0.2,404.16153599999996,404.16153599999996,3032,868,MED  / 100ms,0.0
2026-09-01T11:57:03.274294,0.2,404.16153599999996,404.16153599999996,3032,868,MED  / 100ms,0.0
2026-09-01T11:57:03.278584,0.2,404.16153599999996,404.16153599999996,3032,868,MED  / 100ms,0.0
2026-09-01T11:57:03.282866,0.2,404.16153599999996,404.16153599999996,3032,868,MED  / 100ms,0.0
2026-09-01T11:57:03.287160,0.2,404.16153599999996,404.16153599999996,3032,868,MED  / 100ms,0.0
2026-09-01T11:57:03.291449,0.2,404.16153599999996,404.16153599999996,3032,868,MED  / 100ms,0.0
2026-09-01T11:57:03.295725,0.2,404.16153599999996,404.16153599999996,3032,868,MED  / 100ms,0.0
2026-09-01T11:57:03.300158,0.2,404.16153599999996,404.16153599999996,3032,868,MED  / 100ms,0.0
2026-09-01T11:57:03.304431,0.2,404.16153599999996,404.16153599999996,3032,868,MED  / 100ms,0.0
2026-09-01T11:57:03.308706,0.2,404.16153599999996,404.16153599999996,3032,868,MED  / 100ms,0.0
2026-09-01T11:57:03.312990,0.2,404.16153599999996,404.16153599999996,3032,868,MED  / 100ms,0.0
2026-09-01T11:57:03.317263,0.2,404.16153599999996,404.16153599999996,3032,868,MED  / 100ms,0.0
2026-09-01T11:57:03.321534,0.2,404.16153599999996,404.16153599999996,3032,868,MED  / 100ms,0.0
2026-09-01T11:57:03.325802,0.2,404.16153599999996,404.16153599999996,3032,868,MED  / 100ms,0.0
2026-09-01T11:57:03.330113,0.2,404.16153599999996,404.16153599999996,3032,868,MED  / 100ms,0.0
2026-09-01T11:57:03.334410,0.2,404.16153599999996,404.16153599999996,3032,868,MED  / 100ms,0.0
2026-09-01T11:57:03.338713,0.2,404.174592,404.174592,3034,871,MED  / 100ms,0.0
2026-09-01T11:57:03.342991,0.2,404.174592,404.174592,3034,871,MED  / 100ms,0.0
2026-09-01T11:57:03.347277,0.2,404.174592,404.174592,3034,871,MED  / 100ms,0.0
2026-09-01T11:57:03.351581,0.2,404.174592,404.174592,3034,871,MED  / 100ms,0.0
2026-09-01T11:57:03.355877,0.2,404.174592,404.174592,3034,871,MED  / 100ms,0.0
2026-09-01T11:57:03.360158,0.2,404.174592,404.174592,3034,871,MED  / 100ms,0.0
2026-09-01T11:57:03.364432,0.2,404.174592,404.174592,3034,871,MED  / 100ms,0.0
2026-09-01T11:57:03.368700,0.2,404.174592,404.174592,3034,871,MED  / 100ms,0.0
2026-09-01T11:57:03.372974,0.2,404.174592,404.174592,3034,871,MED  / 100ms,0.0
2026-09-01T11:57:03.377247,0.2,404.174592,404.174592,3034,871,MED  / 100ms,0.0
2026-09-01T11:57:03.381540,0.2,404.174592,404.174592,3034,871,MED  / 100ms,0.0
2026-09-01T11:57:03.385811,0.2,404.174592,404.174592,3034,871,MED  / 100ms,0.0
2026-09-01T11:57:03.390088,0.2,404.174592,404.174592,3034,871,MED  / 100ms,0.0
2026-09-01T11:57:03.394372,0.2,404.174592,404.174592,3034,871,MED  / 100ms,0.0
2026-09-01T11:57:03.398641,0.2,404.174592,404.174592,3034,871,MED  / 100ms,0.0
2026-09-01T11:57:03.403079,0.2,404.174592,404.174592,3034,871,MED  / 100ms,0.0
2026-09-01T11:57:03.407346,0.2,404.174592,404.174592,3034,871,MED  / 100ms,0.0
2026-09-01T11:57:03.411632,0.2,404.174592,404.174592,3034,871,MED  / 100ms,0.0
2026-09-01T11:57:03.415904,0.2,404.174592,404.174592,3034,871,MED  / 100ms,0.0
2026-09-01T11:57:03.420167,0.2,404.174592,404.174592,3034,871,MED  / 100ms,0.0
2026-09-01T11:57:03.424433,0.2,404.174592,404.174592,3034,871,MED  / 100ms,0.0
2026-09-01T11:57:03.428712,0.2,404.174592,404.174592,3034,871,MED  / 100ms,0.0
2026-09-01T11:57:03.432985,0.2,404.174592,404.174592,3034,871,MED  / 100ms,0.0
2026-09-01T11:57:03.437261,0.2,404.174592,404.174592,3034,871,MED  / 100ms,0.0
2026-09-01T11:57:03.441536,0.2,404.174592,404.174592,3034,878,MED  / 100ms,0.0
2026-09-01T11:57:03.445821,0.2,412.582656,412.582656,3090,878,MED  / 100ms,0.0
2026-09-01T11:57:03.450111,0.2,412.582656,412.582656,3090,878,MED  / 100ms,0.0
2026-09-01T11:57:03.454385,0.2,412.582656,412.582656,3090,878,MED  / 100ms,0.0
2026-09-01T11:57:03.458657,0.2,412.582656,412.582656,3090,878,MED  / 100ms,0.0
2026-09-01T11:57:03.462931,0.2,412.582656,412.582656,3090,878,MED  / 100ms,0.0
2026-09-01T11:57:03.467215,0.2,412.582656,412.582656,3090,878,MED  / 100ms,0.0
2026-09-01T11:57:03.471489,0.2,412.582656,412.582656,3090,878,MED  / 100ms,0.0
2026-09-01T11:57:03.475758,0.2,412.582656,412.582656,3090,878,MED  / 100ms,0.0
2026-09-01T11:57:03.480028,0.2,412.582656,412.582656,3090,878,MED  / 100ms,0.0
2026-09-01T11:57:03.484292,0.2,412.582656,412.582656,3090,878,MED  / 100ms,0.0
2026-09-01T11:57:03.488560,0.2,412.582656,412.582656,3090,878,MED  / 100ms,0.0
2026-09-01T11:57:03.492836,0.2,412.582656,412.582656,3090,878,MED  / 100ms,0.0
2026-09-01T11:57:03.497125,0.2,412.582656,412.582656,3090,878,MED  / 100ms,0.0
2026-09-01T11:57:03.501399,0.2,412.582656,412.582656,3090,878,MED  / 100ms,0.0
2026-09-01T11:57:03.505838,0.2,412.582656,412.582656,3090,878,MED  / 100ms,0.0
2026-09-01T11:57:03.510122,0.2,412.582656,412.582656,3090,878,MED  / 100ms,0.0
2026-09-01T11:57:03.514393,0.2,412.582656,412.582656,3090,878,MED  / 100ms,0.0
2026-09-01T11:57:03.518685,0.2,412.582656,412.582656,3090,878,MED  / 100ms,0.0
2026-09-01T11:57:03.522973,0.2,412.582656,412.582656,3090,878,MED  / 100ms,0.0
2026-09-01T11:57:03.527255,0.2,412.582656,412.582656,3090,878,MED  / 100ms,0.0
2026-09-01T11:57:03.531548,0.2,412.582656,412.582656,3090,878,MED  / 100ms,0.0
2026-09-01T11:57:03.535820,0.2,412.582656,412.582656,3090,878,MED  / 100ms,0.0
2026-09-01T11:57:03.540089,0.2,412.582656,412.582656,3090,878,MED  / 100ms,0.0
2026-09-01T11:57:03.544373,0.2,412.582656,412.582656,3090,878,MED  / 100ms,0.0
2026-09-01T11:57:03.548640,0.2,388.47475199999997,388.47475199999997,2925,851,MED  / 100ms,0.0
2026-09-01T11:57:03.552908,0.2,388.47475199999997,388.47475199999997,2925,851,MED  / 100ms,0.0
2026-09-01T11:57:03.557186,0.2,388.47475199999997,388.47475199999997,2925,851,MED  / 100ms,0.0
2026-09-01T11:57:03.561464,0.2,388.47475199999997,388.47475199999997,2925,851,MED  / 100ms,0.0
2026-09-01T11:57:03.565728,0.2,388.47475199999997,388.47475199999997,2925,851,MED  / 100ms,0.0
2026-09-01T11:57:03.569998,0.2,388.47475199999997,388.47475199999997,2925,851,MED  / 100ms,0.0
2026-09-01T11:57:03.574291,0.2,388.47475199999997,388.47475199999997,2925,851,MED  / 100ms,0.0
2026-09-01T11:57:03.578565,0.2,388.47475199999997,388.47475199999997,2925,851,MED  / 100ms,0.0
2026-09-01T11:57:03.582842,0.2,388.47475199999997,388.47475199999997,2925,851,MED  / 100ms,0.0
2026-09-01T11:57:03.587113,0.2,388.47475199999997,388.47475199999997,2925,851,MED  / 100ms,0.0
2026-09-01T11:57:03.591384,0.2,388.47475199999997,388.47475199999997,2925,851,MED  / 100ms,0.0
2026-09-01T11:57:03.595656,0.2,388.47475199999997,388.47475199999997,2925,851,MED  / 100ms,0.0
2026-09-01T11:57:03.599921,0.2,388.47475199999997,388.47475199999997,2925,851,MED  / 100ms,0.0
2026-09-01T11:57:03.604185,0.2,388.47475199999997,388.47475199999997,2925,851,MED  / 100ms,0.0
2026-09-01T11:57:03.608479,0.2,388.47475199999997,388.47475199999997,2925,851,MED  / 100ms,0.0
2026-09-01T11:57:03.612923,0.2,388.47475199999997,388.47475199999997,2925,851,MED  / 100ms,0.0
2026-09-01T11:57:03.617221,0.2,388.47475199999997,388.47475199999997,2925,851,MED  / 100ms,0.0
2026-09-01T11:57:03.621497,0.2,388.47475199999997,388.47475199999997,2925,851,MED  / 100ms,0.0
2026-09-01T11:57:03.625802,0.2,388.47475199999997,388.47475199999997,2925,851,MED  / 100ms,0.0
2026-09-01T11:57:03.630097,0.2,388.47475199999997,388.47475199999997,2925,851,MED  / 100ms,0.0
2026-09-01T11:57:03.634374,0.2,388.47475199999997,388.47475199999997,2925,851,MED  / 100ms,0.0
2026-09-01T11:57:03.638651,0.2,388.47475199999997,388.47475199999997,2925,851,MED  / 100ms,0.0
2026-09-01T11:57:03.642937,0.2,388.47475199999997,388.47475199999997,2925,851,MED  / 100ms,0.0
2026-09-01T11:57:03.647214,0.2,388.47475199999997,388.47475199999997,2925,851,MED  / 100ms,0.0
2026-09-01T11:57:03.651484,0.2,388.47475199999997,388.47475199999997,2694,804,MED  / 100ms,0.0
2026-09-01T11:57:03.655778,0.2,355.68460799999997,355.68460799999997,2694,804,MED  / 100ms,0.0
2026-09-01T11:57:03.660061,0.2,355.68460799999997,355.68460799999997,2694,804,MED  / 100ms,0.0
2026-09-01T11:57:03.664361,0.2,355.68460799999997,355.68460799999997,2694,804,MED  / 100ms,0.0
2026-09-01T11:57:03.668648,0.2,355.68460799999997,355.68460799999997,2694,804,MED  / 100ms,0.0
2026-09-01T11:57:03.672922,0.2,355.68460799999997,355.68460799999997,2694,804,MED  / 100ms,0.0
2026-09-01T11:57:03.677195,0.2,355.68460799999997,355.68460799999997,2694,804,MED  / 100ms,0.0
2026-09-01T11:57:03.681460,0.2,355.68460799999997,355.68460799999997,2694,804,MED  / 100ms,0.0
2026-09-01T11:57:03.685721,0.2,355.68460799999997,355.68460799999997,2694,804,MED  / 100ms,0.0
2026-09-01T11:57:03.689990,0.2,355.68460799999997,355.68460799999997,2694,804,MED  / 100ms,0.0
2026-09-01T11:57:03.694270,0.2,355.68460799999997,355.68460799999997,2694,804,MED  / 100ms,0.0
2026-09-01T11:57:03.698543,0.2,355.68460799999997,355.68460799999997,2694,804,MED  / 100ms,0.0
2026-09-01T11:57:03.702820,0.2,355.68460799999997,355.68460799999997,2694,804,MED  / 100ms,0.0
2026-09-01T11:57:03.707088,0.2,355.68460799999997,355.68460799999997,2694,804,MED  / 100ms,0.0
2026-09-01T11:57:03.711361,0.2,355.68460799999997,355.68460799999997,2694,804,MED  / 100ms,0.0
2026-09-01T11:57:03.715795,0.2,355.68460799999997,355.68460799999997,2694,804,MED  / 100ms,0.0
2026-09-01T11:57:03.720064,0.2,355.68460799999997,355.68460799999997,2694,804,MED  / 100ms,0.0
2026-09-01T11:57:03.724330,0.2,355.68460799999997,355.68460799999997,2694,804,MED  / 100ms,0.0
2026-09-01T11:57:03.728620,0.2,355.68460799999997,355.68460799999997,2694,804,MED  / 100ms,0.0
2026-09-01T11:57:03.732891,0.2,355.68460799999997,355.68460799999997,2694,804,MED  / 100ms,0.0
2026-09-01T11:57:03.737191,0.2,355.68460799999997,355.68460799999997,2694,804,MED  / 100ms,0.0
2026-09-01T11:57:03.741465,0.2,355.68460799999997,355.68460799999997,2694,804,MED  / 100ms,0.0
2026-09-01T11:57:03.745748,0.2,355.68460799999997,355.68460799999997,2694,804,MED  / 100ms,0.0
2026-09-01T11:57:03.750023,0.2,355.68460799999997,355.68460799999997,2694,804,MED  / 100ms,0.0
2026-09-01T11:57:03.754331,0.2,355.68460799999997,355.68460799999997,2694,804,MED  / 100ms,0.0
2026-09-01T11:57:03.758614,0.2,327.87532799999997,327.87532799999997,2482,739,MED  / 100ms,0.0
2026-09-01T11:57:03.762892,0.2,327.87532799999997,327.87532799999997,2482,739,MED  / 100ms,0.0
2026-09-01T11:57:03.767167,0.2,327.87532799999997,327.87532799999997,2482,739,MED  / 100ms,0.0
2026-09-01T11:57:03.771447,0.2,327.87532799999997,327.87532799999997,2482,739,MED  / 100ms,0.0
2026-09-01T11:57:03.775715,0.2,327.87532799999997,327.87532799999997,2482,739,MED  / 100ms,0.0
2026-09-01T11:57:03.779985,0.2,327.87532799999997,327.87532799999997,2482,739,MED  / 100ms,0.0
2026-09-01T11:57:03.784251,0.2,327.87532799999997,327.87532799999997,2482,739,MED  / 100ms,0.0
2026-09-01T11:57:03.788518,0.2,327.87532799999997,327.87532799999997,2482,739,MED  / 100ms,0.0
2026-09-01T11:57:03.792792,0.2,327.87532799999997,327.87532799999997,2482,739,MED  / 100ms,0.0
2026-09-01T11:57:03.797081,0.2,327.87532799999997,327.87532799999997,2482,739,MED  / 100ms,0.0
2026-09-01T11:57:03.801363,0.2,327.87532799999997,327.87532799999997,2482,739,MED  / 100ms,0.0
2026-09-01T11:57:03.805637,0.2,327.87532799999997,327.87532799999997,2482,739,MED  / 100ms,0.0
2026-09-01T11:57:03.809928,0.2,327.87532799999997,327.87532799999997,2482,739,MED  / 100ms,0.0
2026-09-01T11:57:03.814228,0.2,327.87532799999997,327.87532799999997,2482,739,MED  / 100ms,0.0
2026-09-01T11:57:03.818681,0.2,327.87532799999997,327.87532799999997,2482,739,MED  / 100ms,0.0
2026-09-01T11:57:03.822958,0.2,327.87532799999997,327.87532799999997,2482,739,MED  / 100ms,0.0
2026-09-01T11:57:03.827240,0.2,327.87532799999997,327.87532799999997,2482,739,MED  / 100ms,0.0
2026-09-01T11:57:03.831522,0.2,327.87532799999997,327.87532799999997,2482,739,MED  / 100ms,0.0
2026-09-01T11:57:03.835792,0.2,327.87532799999997,327.87532799999997,2482,739,MED  / 100ms,0.0
2026-09-01T11:57:03.840086,0.2,327.87532799999997,327.87532799999997,2482,739,MED  / 100ms,0.0
2026-09-01T11:57:03.844381,0.2,327.87532799999997,327.87532799999997,2482,739,MED  / 100ms,0.0
2026-09-01T11:57:03.848654,0.2,327.87532799999997,327.87532799999997,2482,739,MED  / 100ms,0.0
2026-09-01T11:57:03.852933,0.2,327.87532799999997,327.87532799999997,2482,739,MED  / 100ms,0.0
2026-09-01T11:57:03.857221,0.2,327.87532799999997,327.87532799999997,2482,739,MED  / 100ms,0.0
2026-09-01T11:57:03.861522,0.2,327.87532799999997,327.87532799999997,2267,656,MED  / 100ms,0.0
2026-09-01T11:57:03.865793,0.2,301.456512,301.456512,2267,656,MED  / 100ms,0.0
2026-09-01T11:57:03.870069,0.2,301.456512,301.456512,2267,656,MED  / 100ms,0.0
2026-09-01T11:57:03.874337,0.2,301.456512,301.456512,2267,656,MED  / 100ms,0.0
2026-09-01T11:57:03.878608,0.2,301.456512,301.456512,2267,656,MED  / 100ms,0.0
2026-09-01T11:57:03.882887,0.2,301.456512,301.456512,2267,656,MED  / 100ms,0.0
2026-09-01T11:57:03.887164,0.2,301.456512,301.456512,2267,656,MED  / 100ms,0.0
2026-09-01T11:57:03.891443,0.2,301.456512,301.456512,2267,656,MED  / 100ms,0.0
2026-09-01T11:57:03.895724,0.2,301.456512,301.456512,2267,656,MED  / 100ms,0.0
2026-09-01T11:57:03.899988,0.2,301.456512,301.456512,2267,656,MED  / 100ms,0.0
2026-09-01T11:57:03.904254,0.2,301.456512,301.456512,2267,656,MED  / 100ms,0.0
2026-09-01T11:57:03.908525,0.2,301.456512,301.456512,2267,656,MED  / 100ms,0.0
2026-09-01T11:57:03.912800,0.2,301.456512,301.456512,2267,656,MED  / 100ms,0.0
2026-09-01T11:57:03.917069,0.2,301.456512,301.456512,2267,656,MED  / 100ms,0.0
2026-09-01T11:57:03.921505,0.2,301.456512,301.456512,2267,656,MED  / 100ms,0.0
2026-09-01T11:57:03.925777,0.2,301.456512,301.456512,2267,656,MED  / 100ms,0.0
2026-09-01T11:57:03.930075,0.2,301.456512,301.456512,2267,656,MED  / 100ms,0.0
2026-09-01T11:57:03.934364,0.2,301.456512,301.456512,2267,656,MED  / 100ms,0.0
2026-09-01T11:57:03.938639,0.2,301.456512,301.456512,2267,656,MED  / 100ms,0.0
2026-09-01T11:57:03.942914,0.2,301.456512,301.456512,2267,656,MED  / 100ms,0.0
2026-09-01T11:57:03.947189,0.2,301.456512,301.456512,2267,656,MED  / 100ms,0.0
2026-09-01T11:57:03.951473,0.2,301.456512,301.456512,2267,656,MED  / 100ms,0.0
2026-09-01T11:57:03.955741,0.2,301.456512,301.456512,2267,656,MED  / 100ms,0.0
2026-09-01T11:57:03.960011,0.2,301.456512,301.456512,2267,656,MED  / 100ms,0.0
2026-09-01T11:57:03.964277,0.2,301.456512,301.456512,2267,656,MED  / 100ms,0.0
2026-09-01T11:57:03.968557,0.2,265.12819199999996,265.12819199999996,2006,596,MED  / 100ms,0.0
2026-09-01T11:57:03.972845,0.2,265.12819199999996,265.12819199999996,2006,596,MED  / 100ms,0.0
2026-09-01T11:57:03.977126,0.2,265.12819199999996,265.12819199999996,2006,596,MED  / 100ms,0.0
2026-09-01T11:57:03.981397,0.2,265.12819199999996,265.12819199999996,2006,596,MED  / 100ms,0.0
2026-09-01T11:57:03.985672,0.2,265.12819199999996,265.12819199999996,2006,596,MED  / 100ms,0.0
2026-09-01T11:57:03.989952,0.2,265.12819199999996,265.12819199999996,2006,596,MED  / 100ms,0.0
2026-09-01T11:57:03.994235,0.2,265.12819199999996,265.12819199999996,2006,596,MED  / 100ms,0.0
2026-09-01T11:57:03.998520,0.2,265.12819199999996,265.12819199999996,2006,596,MED  / 100ms,0.0
2026-09-01T11:57:04.002793,0.2,265.12819199999996,265.12819199999996,2006,596,MED  / 100ms,0.0
2026-09-01T11:57:04.007064,0.2,265.12819199999996,265.12819199999996,2006,596,MED  / 100ms,0.0
2026-09-01T11:57:04.011363,0.2,265.12819199999996,265.12819199999996,2006,596,MED  / 100ms,0.0
2026-09-01T11:57:04.015644,0.2,265.12819199999996,265.12819199999996,2006,596,MED  / 100ms,0.0
2026-09-01T11:57:04.019909,0.2,265.12819199999996,265.12819199999996,2006,596,MED  / 100ms,0.0
2026-09-01T11:57:04.024183,0.2,265.12819199999996,265.12819199999996,2006,596,MED  / 100ms,0.0
2026-09-01T11:57:04.028626,0.2,265.12819199999996,265.12819199999996,2006,596,MED  / 100ms,0.0
2026-09-01T11:57:04.032898,0.2,265.12819199999996,265.12819199999996,2006,596,MED  / 100ms,0.0
2026-09-01T11:57:04.037187,0.2,265.12819199999996,265.12819199999996,2006,596,MED  / 100ms,0.0
2026-09-01T11:57:04.041461,0.2,265.12819199999996,265.12819199999996,2006,596,MED  / 100ms,0.0
2026-09-01T11:57:04.045733,0.2,265.12819199999996,265.12819199999996,2006,596,MED  / 100ms,0.0
2026-09-01T11:57:04.050014,0.2,265.12819199999996,265.12819199999996,2006,596,MED  / 100ms,0.0
2026-09-01T11:57:04.054287,0.2,265.12819199999996,265.12819199999996,2006,596,MED  / 100ms,0.0
2026-09-01T11:57:04.058568,0.2,265.12819199999996,265.12819199999996,2006,596,MED  / 100ms,0.0
2026-09-01T11:57:04.062851,0.2,265.12819199999996,265.12819199999996,2006,596,MED  / 100ms,0.0
2026-09-01T11:57:04.067129,0.2,265.12819199999996,265.12819199999996,2006,596,MED  / 100ms,0.0
2026-09-01T11:57:04.071405,0.2,353.771904,353.771904,2649,752,MED  / 100ms,0.0
2026-09-01T11:57:04.075672,0.2,353.771904,353.771904,2649,752,MED  / 100ms,0.0
2026-09-01T11:57:04.079940,0.2,353.771904,353.771904,2649,752,MED  / 100ms,0.0
2026-09-01T11:57:04.084205,0.2,353.771904,353.771904,2649,752,MED  / 100ms,0.0
2026-09-01T11:57:04.088480,0.2,353.771904,353.771904,2649,752,MED  / 100ms,0.0
2026-09-01T11:57:04.092756,0.2,353.771904,353.771904,2649,752,MED  / 100ms,0.0
2026-09-01T11:57:04.097051,0.2,353.771904,353.771904,2649,752,MED  / 100ms,0.0
2026-09-01T11:57:04.101321,0.2,353.771904,353.771904,2649,752,MED  / 100ms,0.0
2026-09-01T11:57:04.105604,0.2,353.771904,353.771904,2649,752,MED  / 100ms,0.0
2026-09-01T11:57:04.109887,0.2,353.771904,353.771904,2649,752,MED  / 100ms,0.0
2026-09-01T11:57:04.114163,0.2,353.771904,353.771904,2649,752,MED  / 100ms,0.0
2026-09-01T11:57:04.118445,0.2,353.771904,353.771904,2649,752,MED  / 100ms,0.0
2026-09-01T11:57:04.122712,0.2,353.771904,353.771904,2649,752,MED  / 100ms,0.0
2026-09-01T11:57:04.126999,0.2,353.771904,353.771904,2649,752,MED  / 100ms,0.0
2026-09-01T11:57:04.131452,0.2,353.771904,353.771904,2649,752,MED  / 100ms,0.0
2026-09-01T11:57:04.135722,0.2,353.771904,353.771904,2649,752,MED  / 100ms,0.0
2026-09-01T11:57:04.139984,0.2,353.771904,353.771904,2649,752,MED  / 100ms,0.0
2026-09-01T11:57:04.144260,0.2,353.771904,353.771904,2649,752,MED  / 100ms,0.0
2026-09-01T11:57:04.148538,0.2,353.771904,353.771904,2649,752,MED  / 100ms,0.0
2026-09-01T11:57:04.152817,0.2,353.771904,353.771904,2649,752,MED  / 100ms,0.0
2026-09-01T11:57:04.157091,0.2,353.771904,353.771904,2649,752,MED  / 100ms,0.0
2026-09-01T11:57:04.161389,0.2,353.771904,353.771904,2649,752,MED  / 100ms,0.0
2026-09-01T11:57:04.165669,0.2,353.771904,353.771904,2649,752,MED  / 100ms,0.0
2026-09-01T11:57:04.169949,0.2,353.771904,353.771904,2649,752,MED  / 100ms,0.0
2026-09-01T11:57:04.174227,0.2,353.771904,353.771904,2649,909,MED  / 100ms,0.0
2026-09-01T11:57:04.178517,0.2,435.94636799999995,435.94636799999995,3253,909,MED  / 100ms,0.0
2026-09-01T11:57:04.182789,0.2,435.94636799999995,435.94636799999995,3253,909,MED  / 100ms,0.0
2026-09-01T11:57:04.187058,0.2,435.94636799999995,435.94636799999995,3253,909,MED  / 100ms,0.0
2026-09-01T11:57:04.191337,0.2,435.94636799999995,435.94636799999995,3253,909,MED  / 100ms,0.0
2026-09-01T11:57:04.195646,0.2,435.94636799999995,435.94636799999995,3253,909,MED  / 100ms,0.0
2026-09-01T11:57:04.199927,0.2,435.94636799999995,435.94636799999995,3253,909,MED  / 100ms,0.0
2026-09-01T11:57:04.204220,0.2,435.94636799999995,435.94636799999995,3253,909,MED  / 100ms,0.0
2026-09-01T11:57:04.208502,0.2,435.94636799999995,435.94636799999995,3253,909,MED  / 100ms,0.0
2026-09-01T11:57:04.212791,0.2,435.94636799999995,435.94636799999995,3253,909,MED  / 100ms,0.0
2026-09-01T11:57:04.217068,0.2,435.94636799999995,435.94636799999995,3253,909,MED  / 100ms,0.0
2026-09-01T11:57:04.221345,0.2,435.94636799999995,435.94636799999995,3253,909,MED  / 100ms,0.0
2026-09-01T11:57:04.225621,0.2,435.94636799999995,435.94636799999995,3253,909,MED  / 100ms,0.0
2026-09-01T11:57:04.229897,0.2,435.94636799999995,435.94636799999995,3253,909,MED  / 100ms,0.0
2026-09-01T11:57:04.234332,0.2,435.94636799999995,435.94636799999995,3253,909,MED  / 100ms,0.0
2026-09-01T11:57:04.238621,0.2,435.94636799999995,435.94636799999995,3253,909,MED  / 100ms,0.0
2026-09-01T11:57:04.242896,0.2,435.94636799999995,435.94636799999995,3253,909,MED  / 100ms,0.0
2026-09-01T11:57:04.247185,0.2,435.94636799999995,435.94636799999995,3253,909,MED  / 100ms,0.0
2026-09-01T11:57:04.251463,0.2,435.94636799999995,435.94636799999995,3253,909,MED  / 100ms,0.0
2026-09-01T11:57:04.255740,0.2,435.94636799999995,435.94636799999995,3253,909,MED  / 100ms,0.0
2026-09-01T11:57:04.260020,0.2,435.94636799999995,435.94636799999995,3253,909,MED  / 100ms,0.0
2026-09-01T11:57:04.264303,0.2,435.94636799999995,435.94636799999995,3253,909,MED  / 100ms,0.0
2026-09-01T11:57:04.268586,0.2,435.94636799999995,435.94636799999995,3253,909,MED  / 100ms,0.0
2026-09-01T11:57:04.272884,0.2,435.94636799999995,435.94636799999995,3253,909,MED  / 100ms,0.0
2026-09-01T11:57:04.277173,0.2,435.94636799999995,435.94636799999995,3253,909,MED  / 100ms,0.0
2026-09-01T11:57:04.281441,0.2,452.7168,452.7168,3382,950,MED  / 100ms,0.0
2026-09-01T11:57:04.285716,0.2,452.7168,452.7168,3382,950,MED  / 100ms,0.0
2026-09-01T11:57:04.289994,0.2,452.7168,452.7168,3382,950,MED  / 100ms,0.0
2026-09-01T11:57:04.294271,0.2,452.7168,452.7168,3382,950,MED  / 100ms,0.0
2026-09-01T11:57:04.298543,0.2,452.7168,452.7168,3382,950,MED  / 100ms,0.0
2026-09-01T11:57:04.302813,0.2,452.7168,452.7168,3382,950,MED  / 100ms,0.0
2026-09-01T11:57:04.307074,0.2,452.7168,452.7168,3382,950,MED  / 100ms,0.0
2026-09-01T11:57:04.311343,0.2,452.7168,452.7168,3382,950,MED  / 100ms,0.0
2026-09-01T11:57:04.315613,0.2,452.7168,452.7168,3382,950,MED  / 100ms,0.0
2026-09-01T11:57:04.319880,0.2,452.7168,452.7168,3382,950,MED  / 100ms,0.0
2026-09-01T11:57:04.324146,0.2,452.7168,452.7168,3382,950,MED  / 100ms,0.0
2026-09-01T11:57:04.328415,0.2,452.7168,452.7168,3382,950,MED  / 100ms,0.0
2026-09-01T11:57:04.332689,0.2,452.7168,452.7168,3382,950,MED  / 100ms,0.0
2026-09-01T11:57:04.337114,0.2,452.7168,452.7168,3382,950,MED  / 100ms,0.0
2026-09-01T11:57:04.341393,0.2,452.7168,452.7168,3382,950,MED  / 100ms,0.0
2026-09-01T11:57:04.345688,0.2,452.7168,452.7168,3382,950,MED  / 100ms,0.0
2026-09-01T11:57:04.349981,0.2,452.7168,452.7168,3382,950,MED  / 100ms,0.0
2026-09-01T11:57:04.354258,0.2,452.7168,452.7168,3382,950,MED  / 100ms,0.0
2026-09-01T11:57:04.358550,0.2,452.7168,452.7168,3382,950,MED  / 100ms,0.0
2026-09-01T11:57:04.362852,0.2,452.7168,452.7168,3382,950,MED  / 100ms,0.0
2026-09-01T11:57:04.367127,0.2,452.7168,452.7168,3382,950,MED  / 100ms,0.0
2026-09-01T11:57:04.371408,0.2,452.7168,452.7168,3382,950,MED  / 100ms,0.0
2026-09-01T11:57:04.375679,0.2,452.7168,452.7168,3382,950,MED  / 100ms,0.0
2026-09-01T11:57:04.379956,0.2,452.7168,452.7168,3382,950,MED  / 100ms,0.0
2026-09-01T11:57:04.384220,0.2,452.7168,452.7168,3390,953,MED  / 100ms,0.0
2026-09-01T11:57:04.388491,0.2,453.709056,453.709056,3390,953,MED  / 100ms,0.0
2026-09-01T11:57:04.392767,0.2,453.709056,453.709056,3390,953,MED  / 100ms,0.0
2026-09-01T11:57:04.397055,0.2,453.709056,453.709056,3390,953,MED  / 100ms,0.0
2026-09-01T11:57:04.401326,0.2,453.709056,453.709056,3390,953,MED  / 100ms,0.0
2026-09-01T11:57:04.405596,0.2,453.709056,453.709056,3390,953,MED  / 100ms,0.0
2026-09-01T11:57:04.409880,0.2,453.709056,453.709056,3390,953,MED  / 100ms,0.0
2026-09-01T11:57:04.414170,0.2,453.709056,453.709056,3390,953,MED  / 100ms,0.0
2026-09-01T11:57:04.418455,0.2,453.709056,453.709056,3390,953,MED  / 100ms,0.0
2026-09-01T11:57:04.422735,0.2,453.709056,453.709056,3390,953,MED  / 100ms,0.0
2026-09-01T11:57:04.427022,0.2,453.709056,453.709056,3390,953,MED  / 100ms,0.0
2026-09-01T11:57:04.431315,0.2,453.709056,453.709056,3390,953,MED  / 100ms,0.0
2026-09-01T11:57:04.435600,0.2,453.709056,453.709056,3390,953,MED  / 100ms,0.0
2026-09-01T11:57:04.439877,0.2,453.709056,453.709056,3390,953,MED  / 100ms,0.0
2026-09-01T11:57:04.444313,0.2,453.709056,453.709056,3390,953,MED  / 100ms,0.0
2026-09-01T11:57:04.448578,0.2,453.709056,453.709056,3390,953,MED  / 100ms,0.0
2026-09-01T11:57:04.452862,0.2,453.709056,453.709056,3390,953,MED  / 100ms,0.0
2026-09-01T11:57:04.457166,0.2,453.709056,453.709056,3390,953,MED  / 100ms,0.0
2026-09-01T11:57:04.461458,0.2,453.709056,453.709056,3390,953,MED  / 100ms,0.0
2026-09-01T11:57:04.465736,0.2,453.709056,453.709056,3390,953,MED  / 100ms,0.0
2026-09-01T11:57:04.470007,0.2,453.709056,453.709056,3390,953,MED  / 100ms,0.0
2026-09-01T11:57:04.474277,0.2,453.709056,453.709056,3390,953,MED  / 100ms,0.0
2026-09-01T11:57:04.478565,0.2,453.709056,453.709056,3390,953,MED  / 100ms,0.0
2026-09-01T11:57:04.482843,0.2,453.709056,453.709056,3390,953,MED  / 100ms,0.0
2026-09-01T11:57:04.487116,0.2,453.709056,453.709056,3390,953,MED  / 100ms,0.0
2026-09-01T11:57:04.491400,0.2,454.96896,454.96896,3399,955,MED  / 100ms,0.0
2026-09-01T11:57:04.495681,0.2,454.96896,454.96896,3399,955,MED  / 100ms,0.0
2026-09-01T11:57:04.499952,0.2,454.96896,454.96896,3399,955,MED  / 100ms,0.0
2026-09-01T11:57:04.504233,0.2,454.96896,454.96896,3399,955,MED  / 100ms,0.0
2026-09-01T11:57:04.508508,0.2,454.96896,454.96896,3399,955,MED  / 100ms,0.0
2026-09-01T11:57:04.512783,0.2,454.96896,454.96896,3399,955,MED  / 100ms,0.0
2026-09-01T11:57:04.517051,0.2,454.96896,454.96896,3399,955,MED  / 100ms,0.0
2026-09-01T11:57:04.521326,0.2,454.96896,454.96896,3399,955,MED  / 100ms,0.0
2026-09-01T11:57:04.525609,0.2,454.96896,454.96896,3399,955,MED  / 100ms,0.0
2026-09-01T11:57:04.529896,0.2,454.96896,454.96896,3399,955,MED  / 100ms,0.0
2026-09-01T11:57:04.534171,0.2,454.96896,454.96896,3399,955,MED  / 100ms,0.0
2026-09-01T11:57:04.538441,0.2,454.96896,454.96896,3399,955,MED  / 100ms,0.0
2026-09-01T11:57:04.542729,0.2,454.96896,454.96896,3399,955,MED  / 100ms,0.0
2026-09-01T11:57:04.547166,0.2,454.96896,454.96896,3399,955,MED  / 100ms,0.0
2026-09-01T11:57:04.551442,0.2,454.96896,454.96896,3399,955,MED  / 100ms,0.0
2026-09-01T11:57:04.555712,0.2,454.96896,454.96896,3399,955,MED  / 100ms,0.0
2026-09-01T11:57:04.559983,0.2,454.96896,454.96896,3399,955,MED  / 100ms,0.0
2026-09-01T11:57:04.564253,0.2,454.96896,454.96896,3399,955,MED  / 100ms,0.0
2026-09-01T11:57:04.568518,0.2,454.96896,454.96896,3399,955,MED  / 100ms,0.0
2026-09-01T11:57:04.572800,0.2,454.96896,454.96896,3399,955,MED  / 100ms,0.0
2026-09-01T11:57:04.577081,0.2,454.96896,454.96896,3399,955,MED  / 100ms,0.0
2026-09-01T11:57:04.581352,0.2,454.96896,454.96896,3399,955,MED  / 100ms,0.0
2026-09-01T11:57:04.585631,0.2,454.96896,454.96896,3399,955,MED  / 100ms,0.0
2026-09-01T11:57:04.589898,0.2,454.96896,454.96896,3399,955,MED  / 100ms,0.0
2026-09-01T11:57:04.594174,0.2,454.96896,454.96896,3445,967,MED  / 100ms,0.0
2026-09-01T11:57:04.598459,0.2,461.22278399999993,461.22278399999993,3445,967,MED  / 100ms,0.0
2026-09-01T11:57:04.602744,0.2,461.22278399999993,461.22278399999993,3445,967,MED  / 100ms,0.0
2026-09-01T11:57:04.607031,0.2,461.22278399999993,461.22278399999993,3445,967,MED  / 100ms,0.0
2026-09-01T11:57:04.611315,0.2,461.22278399999993,461.22278399999993,3445,967,MED  / 100ms,0.0
2026-09-01T11:57:04.615588,0.2,461.22278399999993,461.22278399999993,3445,967,MED  / 100ms,0.0
2026-09-01T11:57:04.619864,0.2,461.22278399999993,461.22278399999993,3445,967,MED  / 100ms,0.0
2026-09-01T11:57:04.624149,0.2,461.22278399999993,461.22278399999993,3445,967,MED  / 100ms,0.0
2026-09-01T11:57:04.628424,0.2,461.22278399999993,461.22278399999993,3445,967,MED  / 100ms,0.0
2026-09-01T11:57:04.632701,0.2,461.22278399999993,461.22278399999993,3445,967,MED  / 100ms,0.0
2026-09-01T11:57:04.636981,0.2,461.22278399999993,461.22278399999993,3445,967,MED  / 100ms,0.0
2026-09-01T11:57:04.641259,0.2,461.22278399999993,461.22278399999993,3445,967,MED  / 100ms,0.0
2026-09-01T11:57:04.645571,0.2,461.22278399999993,461.22278399999993,3445,967,MED  / 100ms,0.0
2026-09-01T11:57:04.650016,0.2,461.22278399999993,461.22278399999993,3445,967,MED  / 100ms,0.0
2026-09-01T11:57:04.654300,0.2,461.22278399999993,461.22278399999993,3445,967,MED  / 100ms,0.0
2026-09-01T11:57:04.658598,0.2,461.22278399999993,461.22278399999993,3445,967,MED  / 100ms,0.0
2026-09-01T11:57:04.662871,0.2,461.22278399999993,461.22278399999993,3445,967,MED  / 100ms,0.0
2026-09-01T11:57:04.667135,0.2,461.22278399999993,461.22278399999993,3445,967,MED  / 100ms,0.0
2026-09-01T11:57:04.671427,0.2,461.22278399999993,461.22278399999993,3445,967,MED  / 100ms,0.0
2026-09-01T11:57:04.675704,0.2,461.22278399999993,461.22278399999993,3445,967,MED  / 100ms,0.0
2026-09-01T11:57:04.679974,0.2,461.22278399999993,461.22278399999993,3445,967,MED  / 100ms,0.0
2026-09-01T11:57:04.684240,0.2,461.22278399999993,461.22278399999993,3445,967,MED  / 100ms,0.0
2026-09-01T11:57:04.688514,0.2,461.22278399999993,461.22278399999993,3445,967,MED  / 100ms,0.0
2026-09-01T11:57:04.692800,0.2,461.22278399999993,461.22278399999993,3445,967,MED  / 100ms,0.0
2026-09-01T11:57:04.697081,0.2,461.22278399999993,461.22278399999993,3445,988,MED  / 100ms,0.0
2026-09-01T11:57:04.701351,0.2,470.616576,470.616576,3516,988,MED  / 100ms,0.0
2026-09-01T11:57:04.705640,0.2,470.616576,470.616576,3516,988,MED  / 100ms,0.0
2026-09-01T11:57:04.709917,0.2,470.616576,470.616576,3516,988,MED  / 100ms,0.0
2026-09-01T11:57:04.714209,0.2,470.616576,470.616576,3516,988,MED  / 100ms,0.0
2026-09-01T11:57:04.718498,0.2,470.616576,470.616576,3516,988,MED  / 100ms,0.0
2026-09-01T11:57:04.722774,0.2,470.616576,470.616576,3516,988,MED  / 100ms,0.0
2026-09-01T11:57:04.727044,0.2,470.616576,470.616576,3516,988,MED  / 100ms,0.0
2026-09-01T11:57:04.731321,0.2,470.616576,470.616576,3516,988,MED  / 100ms,0.0
2026-09-01T11:57:04.735589,0.2,470.616576,470.616576,3516,988,MED  / 100ms,0.0
2026-09-01T11:57:04.739867,0.2,470.616576,470.616576,3516,988,MED  / 100ms,0.0
2026-09-01T11:57:04.744158,0.2,470.616576,470.616576,3516,988,MED  / 100ms,0.0
2026-09-01T11:57:04.748435,0.2,470.616576,470.616576,3516,988,MED  / 100ms,0.0
2026-09-01T11:57:04.752869,0.2,470.616576,470.616576,3516,988,MED  / 100ms,0.0
2026-09-01T11:57:04.757146,0.2,470.616576,470.616576,3516,988,MED  / 100ms,0.0
2026-09-01T11:57:04.761463,0.2,470.616576,470.616576,3516,988,MED  / 100ms,0.0
2026-09-01T11:57:04.765735,0.2,470.616576,470.616576,3516,988,MED  / 100ms,0.0
2026-09-01T11:57:04.770026,0.2,470.616576,470.616576,3516,988,MED  / 100ms,0.0
2026-09-01T11:57:04.774299,0.2,470.616576,470.616576,3516,988,MED  / 100ms,0.0
2026-09-01T11:57:04.778595,0.2,470.616576,470.616576,3516,988,MED  / 100ms,0.0
2026-09-01T11:57:04.782870,0.2,470.616576,470.616576,3516,988,MED  / 100ms,0.0
2026-09-01T11:57:04.787134,0.2,470.616576,470.616576,3516,988,MED  / 100ms,0.0
2026-09-01T11:57:04.791421,0.2,470.616576,470.616576,3516,988,MED  / 100ms,0.0
2026-09-01T11:57:04.795699,0.2,470.616576,470.616576,3516,988,MED  / 100ms,0.0
2026-09-01T11:57:04.799968,0.2,470.616576,470.616576,3516,988,MED  / 100ms,0.0
2026-09-01T11:57:04.804232,0.2,479.07686400000006,479.07686400000006,3580,1007,MED  / 100ms,0.0
2026-09-01T11:57:04.808504,0.2,479.07686400000006,479.07686400000006,3580,1007,MED  / 100ms,0.0
2026-09-01T11:57:04.812781,0.2,479.07686400000006,479.07686400000006,3580,1007,MED  / 100ms,0.0
2026-09-01T11:57:04.817056,0.2,479.07686400000006,479.07686400000006,3580,1007,MED  / 100ms,0.0
2026-09-01T11:57:04.821332,0.2,479.07686400000006,479.07686400000006,3580,1007,MED  / 100ms,0.0
2026-09-01T11:57:04.825608,0.2,479.07686400000006,479.07686400000006,3580,1007,MED  / 100ms,0.0
2026-09-01T11:57:04.829886,0.2,479.07686400000006,479.07686400000006,3580,1007,MED  / 100ms,0.0
2026-09-01T11:57:04.834156,0.2,479.07686400000006,479.07686400000006,3580,1007,MED  / 100ms,0.0
2026-09-01T11:57:04.838421,0.2,479.07686400000006,479.07686400000006,3580,1007,MED  / 100ms,0.0
2026-09-01T11:57:04.842702,0.2,479.07686400000006,479.07686400000006,3580,1007,MED  / 100ms,0.0
2026-09-01T11:57:04.846992,0.2,479.07686400000006,479.07686400000006,3580,1007,MED  / 100ms,0.0
2026-09-01T11:57:04.851267,0.2,479.07686400000006,479.07686400000006,3580,1007,MED  / 100ms,0.0
2026-09-01T11:57:04.855574,0.2,479.07686400000006,479.07686400000006,3580,1007,MED  / 100ms,0.0
2026-09-01T11:57:04.860008,0.2,479.07686400000006,479.07686400000006,3580,1007,MED  / 100ms,0.0
2026-09-01T11:57:04.864276,0.2,479.07686400000006,479.07686400000006,3580,1007,MED  / 100ms,0.0
2026-09-01T11:57:04.868550,0.2,479.07686400000006,479.07686400000006,3580,1007,MED  / 100ms,0.0
2026-09-01T11:57:04.872826,0.2,479.07686400000006,479.07686400000006,3580,1007,MED  / 100ms,0.0
2026-09-01T11:57:04.877123,0.2,479.07686400000006,479.07686400000006,3580,1007,MED  / 100ms,0.0
2026-09-01T11:57:04.881395,0.2,479.07686400000006,479.07686400000006,3580,1007,MED  / 100ms,0.0
2026-09-01T11:57:04.885673,0.2,479.07686400000006,479.07686400000006,3580,1007,MED  / 100ms,0.0
2026-09-01T11:57:04.889967,0.2,479.07686400000006,479.07686400000006,3580,1007,MED  / 100ms,0.0
2026-09-01T11:57:04.894243,0.2,479.07686400000006,479.07686400000006,3580,1007,MED  / 100ms,0.0
2026-09-01T11:57:04.898509,0.2,479.07686400000006,479.07686400000006,3580,1007,MED  / 100ms,0.0
2026-09-01T11:57:04.902780,0.2,479.07686400000006,479.07686400000006,3580,1007,MED  / 100ms,0.0
2026-09-01T11:57:04.907058,0.2,479.07686400000006,479.07686400000006,3580,1021,MED  / 100ms,0.0
2026-09-01T11:57:04.911358,0.2,485.611392,485.611392,3629,1021,MED  / 100ms,0.0
2026-09-01T11:57:04.915664,0.2,485.611392,485.611392,3629,1021,MED  / 100ms,0.0
2026-09-01T11:57:04.919949,0.2,485.611392,485.611392,3629,1021,MED  / 100ms,0.0
2026-09-01T11:57:04.924216,0.2,485.611392,485.611392,3629,1021,MED  / 100ms,0.0
2026-09-01T11:57:04.928491,0.2,485.611392,485.611392,3629,1021,MED  / 100ms,0.0
2026-09-01T11:57:04.932761,0.2,485.611392,485.611392,3629,1021,MED  / 100ms,0.0
2026-09-01T11:57:04.937045,0.2,485.611392,485.611392,3629,1021,MED  / 100ms,0.0
2026-09-01T11:57:04.941318,0.2,485.611392,485.611392,3629,1021,MED  / 100ms,0.0
2026-09-01T11:57:04.945602,0.2,485.611392,485.611392,3629,1021,MED  / 100ms,0.0
2026-09-01T11:57:04.949879,0.2,485.611392,485.611392,3629,1021,MED  / 100ms,0.0
2026-09-01T11:57:04.954147,0.2,485.611392,485.611392,3629,1021,MED  / 100ms,0.0
2026-09-01T11:57:04.958426,0.2,485.611392,485.611392,3629,1021,MED  / 100ms,0.0
2026-09-01T11:57:04.962875,0.2,485.611392,485.611392,3629,1021,MED  / 100ms,0.0
2026-09-01T11:57:04.967147,0.2,485.611392,485.611392,3629,1021,MED  / 100ms,0.0
2026-09-01T11:57:04.971419,0.2,485.611392,485.611392,3629,1021,MED  / 100ms,0.0
2026-09-01T11:57:04.975704,0.2,485.611392,485.611392,3629,1021,MED  / 100ms,0.0
2026-09-01T11:57:04.979982,0.2,485.611392,485.611392,3629,1021,MED  / 100ms,0.0
2026-09-01T11:57:04.984252,0.2,485.611392,485.611392,3629,1021,MED  / 100ms,0.0
2026-09-01T11:57:04.988519,0.2,485.611392,485.611392,3629,1021,MED  / 100ms,0.0
2026-09-01T11:57:04.992801,0.2,485.611392,485.611392,3629,1021,MED  / 100ms,0.0
2026-09-01T11:57:04.997084,0.2,485.611392,485.611392,3629,1021,MED  / 100ms,0.0
2026-09-01T11:57:05.001352,0.2,485.611392,485.611392,3629,1021,MED  / 100ms,0.0
2026-09-01T11:57:05.005612,0.2,485.611392,485.611392,3629,1021,MED  / 100ms,0.0
2026-09-01T11:57:05.009899,0.2,485.611392,485.611392,3629,1021,MED  / 100ms,0.0
2026-09-01T11:57:05.014170,0.2,490.827264,490.827264,3668,1032,MED  / 100ms,0.0
2026-09-01T11:57:05.018439,0.2,490.827264,490.827264,3668,1032,MED  / 100ms,0.0
2026-09-01T11:57:05.022702,0.2,490.827264,490.827264,3668,1032,MED  / 100ms,0.0
2026-09-01T11:57:05.026989,0.2,490.827264,490.827264,3668,1032,MED  / 100ms,0.0
2026-09-01T11:57:05.031297,0.2,490.827264,490.827264,3668,1032,MED  / 100ms,0.0
2026-09-01T11:57:05.035600,0.2,490.827264,490.827264,3668,1032,MED  / 100ms,0.0
2026-09-01T11:57:05.039870,0.2,490.827264,490.827264,3668,1032,MED  / 100ms,0.0
2026-09-01T11:57:05.044143,0.2,490.827264,490.827264,3668,1032,MED  / 100ms,0.0
2026-09-01T11:57:05.048421,0.2,490.827264,490.827264,3668,1032,MED  / 100ms,0.0
2026-09-01T11:57:05.052688,0.2,490.827264,490.827264,3668,1032,MED  / 100ms,0.0
2026-09-01T11:57:05.056964,0.2,490.827264,490.827264,3668,1032,MED  / 100ms,0.0
2026-09-01T11:57:05.061237,0.2,490.827264,490.827264,3668,1032,MED  / 100ms,0.0
2026-09-01T11:57:05.065686,0.2,490.827264,490.827264,3668,1032,MED  / 100ms,0.0
2026-09-01T11:57:05.069980,0.2,490.827264,490.827264,3668,1032,MED  / 100ms,0.0
2026-09-01T11:57:05.074264,0.2,490.827264,490.827264,3668,1032,MED  / 100ms,0.0
2026-09-01T11:57:05.078557,0.2,490.827264,490.827264,3668,1032,MED  / 100ms,0.0
2026-09-01T11:57:05.082830,0.2,490.827264,490.827264,3668,1032,MED  / 100ms,0.0
2026-09-01T11:57:05.087110,0.2,490.827264,490.827264,3668,1032,MED  / 100ms,0.0
2026-09-01T11:57:05.091380,0.2,490.827264,490.827264,3668,1032,MED  / 100ms,0.0
2026-09-01T11:57:05.095664,0.2,490.827264,490.827264,3668,1032,MED  / 100ms,0.0
2026-09-01T11:57:05.099934,0.2,490.827264,490.827264,3668,1032,MED  / 100ms,0.0
2026-09-01T11:57:05.104199,0.2,490.827264,490.827264,3668,1032,MED  / 100ms,0.0
2026-09-01T11:57:05.108485,0.2,490.827264,490.827264,3668,1032,MED  / 100ms,0.0
2026-09-01T11:57:05.112763,0.2,490.827264,490.827264,3668,1032,MED  / 100ms,0.0
2026-09-01T11:57:05.117027,0.2,490.827264,490.827264,3695,1039,MED  / 100ms,0.0
2026-09-01T11:57:05.121305,0.2,494.502528,494.502528,3695,1039,MED  / 100ms,0.0
2026-09-01T11:57:05.125572,0.2,494.502528,494.502528,3695,1039,MED  / 100ms,0.0
2026-09-01T11:57:05.129845,0.2,494.502528,494.502528,3695,1039,MED  / 100ms,0.0
2026-09-01T11:57:05.134123,0.2,494.502528,494.502528,3695,1039,MED  / 100ms,0.0
2026-09-01T11:57:05.138404,0.2,494.502528,494.502528,3695,1039,MED  / 100ms,0.0
2026-09-01T11:57:05.142684,0.2,494.502528,494.502528,3695,1039,MED  / 100ms,0.0
2026-09-01T11:57:05.146959,0.2,494.502528,494.502528,3695,1039,MED  / 100ms,0.0
2026-09-01T11:57:05.151228,0.2,494.502528,494.502528,3695,1039,MED  / 100ms,0.0
2026-09-01T11:57:05.155501,0.2,494.502528,494.502528,3695,1039,MED  / 100ms,0.0
2026-09-01T11:57:05.159770,0.2,494.502528,494.502528,3695,1039,MED  / 100ms,0.0
2026-09-01T11:57:05.164039,0.2,494.502528,494.502528,3695,1039,MED  / 100ms,0.0
2026-09-01T11:57:05.168462,0.2,494.502528,494.502528,3695,1039,MED  / 100ms,0.0
2026-09-01T11:57:05.172732,0.2,494.502528,494.502528,3695,1039,MED  / 100ms,0.0
2026-09-01T11:57:05.177011,0.2,494.502528,494.502528,3695,1039,MED  / 100ms,0.0
2026-09-01T11:57:05.181281,0.2,494.502528,494.502528,3695,1039,MED  / 100ms,0.0
2026-09-01T11:57:05.185550,0.2,494.502528,494.502528,3695,1039,MED  / 100ms,0.0
2026-09-01T11:57:05.189825,0.2,494.502528,494.502528,3695,1039,MED  / 100ms,0.0
2026-09-01T11:57:05.194107,0.2,494.502528,494.502528,3695,1039,MED  / 100ms,0.0
2026-09-01T11:57:05.198384,0.2,494.502528,494.502528,3695,1039,MED  / 100ms,0.0
2026-09-01T11:57:05.202654,0.2,494.502528,494.502528,3695,1039,MED  / 100ms,0.0
2026-09-01T11:57:05.206933,0.2,494.502528,494.502528,3695,1039,MED  / 100ms,0.0
2026-09-01T11:57:05.211210,0.2,494.502528,494.502528,3695,1039,MED  / 100ms,0.0
2026-09-01T11:57:05.215478,0.2,494.502528,494.502528,3695,1039,MED  / 100ms,0.0
2026-09-01T11:57:05.219743,0.2,494.502528,494.502528,3695,1039,MED  / 100ms,0.0
2026-09-01T11:57:05.224009,0.2,496.369536,496.369536,3709,1043,MED  / 100ms,0.0
2026-09-01T11:57:05.228280,0.2,496.369536,496.369536,3709,1043,MED  / 100ms,0.0
2026-09-01T11:57:05.232559,0.2,496.369536,496.369536,3709,1043,MED  / 100ms,0.0
2026-09-01T11:57:05.236825,0.2,496.369536,496.369536,3709,1043,MED  / 100ms,0.0
2026-09-01T11:57:05.241106,0.2,496.369536,496.369536,3709,1043,MED  / 100ms,0.0
2026-09-01T11:57:05.245379,0.2,496.369536,496.369536,3709,1043,MED  / 100ms,0.0
2026-09-01T11:57:05.249672,0.2,496.369536,496.369536,3709,1043,MED  / 100ms,0.0
2026-09-01T11:57:05.253938,0.2,496.369536,496.369536,3709,1043,MED  / 100ms,0.0
2026-09-01T11:57:05.258207,0.2,496.369536,496.369536,3709,1043,MED  / 100ms,0.0
2026-09-01T11:57:05.262480,0.2,496.369536,496.369536,3709,1043,MED  / 100ms,0.0
2026-09-01T11:57:05.266746,0.2,496.369536,496.369536,3709,1043,MED  / 100ms,0.0
2026-09-01T11:57:05.271078,0.2,496.369536,496.369536,3709,1043,MED  / 100ms,0.0
2026-09-01T11:57:05.275556,0.2,496.369536,496.369536,3709,1043,MED  / 100ms,0.0
2026-09-01T11:57:05.279842,0.2,496.369536,496.369536,3709,1043,MED  / 100ms,0.0
2026-09-01T11:57:05.284110,0.2,496.369536,496.369536,3709,1043,MED  / 100ms,0.0
2026-09-01T11:57:05.288380,0.2,496.369536,496.369536,3709,1043,MED  / 100ms,0.0
2026-09-01T11:57:05.292677,0.2,496.369536,496.369536,3709,1043,MED  / 100ms,0.0
2026-09-01T11:57:05.296956,0.2,496.369536,496.369536,3709,1043,MED  / 100ms,0.0
2026-09-01T11:57:05.301262,0.2,496.369536,496.369536,3709,1043,MED  / 100ms,0.0
2026-09-01T11:57:05.305546,0.2,496.369536,496.369536,3709,1043,MED  / 100ms,0.0
2026-09-01T11:57:05.309825,0.2,496.369536,496.369536,3709,1043,MED  / 100ms,0.0
2026-09-01T11:57:05.314101,0.2,496.369536,496.369536,3709,1043,MED  / 100ms,0.0
2026-09-01T11:57:05.318381,0.2,496.369536,496.369536,3709,1043,MED  / 100ms,0.0
2026-09-01T11:57:05.323117,0.2,496.369536,496.369536,3709,1043,MED  / 100ms,0.0
2026-09-01T11:57:05.327469,0.2,497.4662399999999,497.4662399999999,3717,1045,MED  / 100ms,0.0
2026-09-01T11:57:05.331854,0.2,497.4662399999999,497.4662399999999,3717,1045,MED  / 100ms,0.0
2026-09-01T11:57:05.336188,0.2,497.4662399999999,497.4662399999999,3717,1045,MED  / 100ms,0.0
2026-09-01T11:57:05.340510,0.2,497.4662399999999,497.4662399999999,3717,1045,MED  / 100ms,0.0
2026-09-01T11:57:05.344803,0.2,497.4662399999999,497.4662399999999,3717,1045,MED  / 100ms,0.0
2026-09-01T11:57:05.349083,0.2,497.4662399999999,497.4662399999999,3717,1045,MED  / 100ms,0.0
2026-09-01T11:57:05.353360,0.2,497.4662399999999,497.4662399999999,3717,1045,MED  / 100ms,0.0
2026-09-01T11:57:05.357634,0.2,497.4662399999999,497.4662399999999,3717,1045,MED  / 100ms,0.0
2026-09-01T11:57:05.361919,0.2,497.4662399999999,497.4662399999999,3717,1045,MED  / 100ms,0.0
2026-09-01T11:57:05.366196,0.2,497.4662399999999,497.4662399999999,3717,1045,MED  / 100ms,0.0
2026-09-01T11:57:05.370478,0.2,497.4662399999999,497.4662399999999,3717,1045,MED  / 100ms,0.0
2026-09-01T11:57:05.374761,0.2,497.4662399999999,497.4662399999999,3717,1045,MED  / 100ms,0.0
2026-09-01T11:57:05.379307,0.2,497.4662399999999,497.4662399999999,3717,1045,MED  / 100ms,0.0
2026-09-01T11:57:05.383587,0.2,497.4662399999999,497.4662399999999,3717,1045,MED  / 100ms,0.0
2026-09-01T11:57:05.387854,0.2,497.4662399999999,497.4662399999999,3717,1045,MED  / 100ms,0.0
2026-09-01T11:57:05.392268,0.2,497.4662399999999,497.4662399999999,3717,1045,MED  / 100ms,0.0
2026-09-01T11:57:05.396599,0.2,497.4662399999999,497.4662399999999,3717,1045,MED  / 100ms,0.0
2026-09-01T11:57:05.400890,0.2,497.4662399999999,497.4662399999999,3717,1045,MED  / 100ms,0.0
2026-09-01T11:57:05.405204,0.2,497.4662399999999,497.4662399999999,3717,1045,MED  / 100ms,0.0
2026-09-01T11:57:05.409513,0.2,497.4662399999999,497.4662399999999,3717,1045,MED  / 100ms,0.0
2026-09-01T11:57:05.413821,0.2,497.4662399999999,497.4662399999999,3717,1045,MED  / 100ms,0.0
2026-09-01T11:57:05.418117,0.2,497.4662399999999,497.4662399999999,3717,1045,MED  / 100ms,0.0
2026-09-01T11:57:05.422384,0.2,497.4662399999999,497.4662399999999,3717,1045,MED  / 100ms,0.0
2026-09-01T11:57:05.426656,0.2,497.4662399999999,497.4662399999999,3717,1045,MED  / 100ms,0.0
2026-09-01T11:57:05.430935,0.2,497.4662399999999,497.4662399999999,3722,1047,MED  / 100ms,0.0
2026-09-01T11:57:05.435222,0.2,498.07334399999996,498.07334399999996,3722,1047,MED  / 100ms,0.0
2026-09-01T11:57:05.439493,0.2,498.07334399999996,498.07334399999996,3722,1047,MED  / 100ms,0.0
2026-09-01T11:57:05.443769,0.2,498.07334399999996,498.07334399999996,3722,1047,MED  / 100ms,0.0
2026-09-01T11:57:05.448061,0.2,498.07334399999996,498.07334399999996,3722,1047,MED  / 100ms,0.0
2026-09-01T11:57:05.452326,0.2,498.07334399999996,498.07334399999996,3722,1047,MED  / 100ms,0.0
2026-09-01T11:57:05.456596,0.2,498.07334399999996,498.07334399999996,3722,1047,MED  / 100ms,0.0
2026-09-01T11:57:05.460853,0.2,498.07334399999996,498.07334399999996,3722,1047,MED  / 100ms,0.0
2026-09-01T11:57:05.465134,0.2,498.07334399999996,498.07334399999996,3722,1047,MED  / 100ms,0.0
2026-09-01T11:57:05.469410,0.2,498.07334399999996,498.07334399999996,3722,1047,MED  / 100ms,0.0
2026-09-01T11:57:05.473682,0.2,498.07334399999996,498.07334399999996,3722,1047,MED  / 100ms,0.0
2026-09-01T11:57:05.477958,0.2,498.07334399999996,498.07334399999996,3722,1047,MED  / 100ms,0.0
2026-09-01T11:57:05.482405,0.2,498.07334399999996,498.07334399999996,3722,1047,MED  / 100ms,0.0
2026-09-01T11:57:05.486661,0.2,498.07334399999996,498.07334399999996,3722,1047,MED  / 100ms,0.0
2026-09-01T11:57:05.490943,0.2,498.07334399999996,498.07334399999996,3722,1047,MED  / 100ms,0.0
2026-09-01T11:57:05.495219,0.2,498.07334399999996,498.07334399999996,3722,1047,MED  / 100ms,0.0
2026-09-01T11:57:05.499479,0.2,498.07334399999996,498.07334399999996,3722,1047,MED  / 100ms,0.0
2026-09-01T11:57:05.503750,0.2,498.07334399999996,498.07334399999996,3722,1047,MED  / 100ms,0.0
2026-09-01T11:57:05.508026,0.2,498.07334399999996,498.07334399999996,3722,1047,MED  / 100ms,0.0
2026-09-01T11:57:05.512295,0.2,498.07334399999996,498.07334399999996,3722,1047,MED  / 100ms,0.0
2026-09-01T11:57:05.516558,0.2,498.07334399999996,498.07334399999996,3722,1047,MED  / 100ms,0.0
2026-09-01T11:57:05.520824,0.2,498.07334399999996,498.07334399999996,3722,1047,MED  / 100ms,0.0
2026-09-01T11:57:05.525090,0.2,498.07334399999996,498.07334399999996,3722,1047,MED  / 100ms,0.0
2026-09-01T11:57:05.529364,0.2,498.07334399999996,498.07334399999996,3722,1047,MED  / 100ms,0.0
2026-09-01T11:57:05.533645,0.2,498.07334399999996,498.07334399999996,3722,1047,MED  / 100ms,0.0
2026-09-01T11:57:05.537933,0.2,498.458496,498.458496,3725,1048,MED  / 100ms,0.0
2026-09-01T11:57:05.542238,0.2,498.458496,498.458496,3725,1048,MED  / 100ms,0.0
2026-09-01T11:57:05.546522,0.2,498.458496,498.458496,3725,1048,MED  / 100ms,0.0
2026-09-01T11:57:05.550796,0.2,498.458496,498.458496,3725,1048,MED  / 100ms,0.0
2026-09-01T11:57:05.555067,0.2,498.458496,498.458496,3725,1048,MED  / 100ms,0.0
2026-09-01T11:57:05.559367,0.2,498.458496,498.458496,3725,1048,MED  / 100ms,0.0
2026-09-01T11:57:05.563669,0.2,498.458496,498.458496,3725,1048,MED  / 100ms,0.0
2026-09-01T11:57:05.567948,0.2,498.458496,498.458496,3725,1048,MED  / 100ms,0.0
2026-09-01T11:57:05.572221,0.2,498.458496,498.458496,3725,1048,MED  / 100ms,0.0
2026-09-01T11:57:05.576522,0.2,498.458496,498.458496,3725,1048,MED  / 100ms,0.0
2026-09-01T11:57:05.580796,0.2,498.458496,498.458496,3725,1048,MED  / 100ms,0.0
2026-09-01T11:57:05.585231,0.2,498.458496,498.458496,3725,1048,MED  / 100ms,0.0
2026-09-01T11:57:05.589504,0.2,498.458496,498.458496,3725,1048,MED  / 100ms,0.0
2026-09-01T11:57:05.593777,0.2,498.458496,498.458496,3725,1048,MED  / 100ms,0.0
2026-09-01T11:57:05.598054,0.2,498.458496,498.458496,3725,1048,MED  / 100ms,0.0
2026-09-01T11:57:05.602324,0.2,498.458496,498.458496,3725,1048,MED  / 100ms,0.0
2026-09-01T11:57:05.606597,0.2,498.458496,498.458496,3725,1048,MED  / 100ms,0.0
2026-09-01T11:57:05.610877,0.2,498.458496,498.458496,3725,1048,MED  / 100ms,0.0
2026-09-01T11:57:05.615148,0.2,498.458496,498.458496,3725,1048,MED  / 100ms,0.0
2026-09-01T11:57:05.619417,0.2,498.458496,498.458496,3725,1048,MED  / 100ms,0.0
2026-09-01T11:57:05.623688,0.2,498.458496,498.458496,3725,1048,MED  / 100ms,0.0
2026-09-01T11:57:05.627989,0.2,498.458496,498.458496,3725,1048,MED  / 100ms,0.0
2026-09-01T11:57:05.632262,0.2,498.458496,498.458496,3725,1048,MED  / 100ms,0.0
2026-09-01T11:57:05.636532,0.2,498.458496,498.458496,3725,1048,MED  / 100ms,0.0
2026-09-01T11:57:05.640797,0.2,498.458496,498.458496,3726,1049,MED  / 100ms,0.0
2026-09-01T11:57:05.645067,0.2,498.517248,498.517248,3726,1049,MED  / 100ms,0.0
2026-09-01T11:57:05.649342,0.2,498.517248,498.517248,3726,1049,MED  / 100ms,0.0
2026-09-01T11:57:05.653618,0.2,498.517248,498.517248,3726,1049,MED  / 100ms,0.0
2026-09-01T11:57:05.657882,0.2,498.517248,498.517248,3726,1049,MED  / 100ms,0.0
2026-09-01T11:57:05.662167,0.2,498.517248,498.517248,3726,1049,MED  / 100ms,0.0
2026-09-01T11:57:05.666430,0.2,498.517248,498.517248,3726,1049,MED  / 100ms,0.0
2026-09-01T11:57:05.670725,0.2,498.517248,498.517248,3726,1049,MED  / 100ms,0.0
2026-09-01T11:57:05.675013,0.2,498.517248,498.517248,3726,1049,MED  / 100ms,0.0
2026-09-01T11:57:05.679292,0.2,498.517248,498.517248,3726,1049,MED  / 100ms,0.0
2026-09-01T11:57:05.683559,0.2,498.517248,498.517248,3726,1049,MED  / 100ms,0.0
2026-09-01T11:57:05.687830,0.2,498.517248,498.517248,3726,1049,MED  / 100ms,0.0
2026-09-01T11:57:05.692273,0.2,498.517248,498.517248,3726,1049,MED  / 100ms,0.0
2026-09-01T11:57:05.699095,0.2,498.517248,498.517248,3726,1049,MED  / 100ms,0.0
2026-09-01T11:57:05.703394,0.2,498.517248,498.517248,3726,1049,MED  / 100ms,0.0
2026-09-01T11:57:05.707669,0.2,498.517248,498.517248,3726,1049,MED  / 100ms,0.0
2026-09-01T11:57:05.711944,0.2,498.517248,498.517248,3726,1049,MED  / 100ms,0.0
2026-09-01T11:57:05.716213,0.2,498.517248,498.517248,3726,1049,MED  / 100ms,0.0
2026-09-01T11:57:05.720510,0.2,498.517248,498.517248,3726,1049,MED  / 100ms,0.0
2026-09-01T11:57:05.724826,0.2,498.517248,498.517248,3726,1049,MED  / 100ms,0.0
2026-09-01T11:57:05.729124,0.2,498.517248,498.517248,3726,1049,MED  / 100ms,0.0
2026-09-01T11:57:05.733398,0.2,498.517248,498.517248,3726,1049,MED  / 100ms,0.0
2026-09-01T11:57:05.737709,0.2,498.517248,498.517248,3726,1049,MED  / 100ms,0.0
2026-09-01T11:57:05.741987,0.2,498.517248,498.517248,3726,1049,MED  / 100ms,0.0
2026-09-01T11:57:05.746264,0.2,499.437696,499.437696,3731,1048,MED  / 100ms,0.0
2026-09-01T11:57:05.750551,0.2,499.437696,499.437696,3731,1048,MED  / 100ms,0.0
2026-09-01T11:57:05.754835,0.2,499.437696,499.437696,3731,1048,MED  / 100ms,0.0
2026-09-01T11:57:05.759105,0.2,499.437696,499.437696,3731,1048,MED  / 100ms,0.0
2026-09-01T11:57:05.763376,0.2,499.437696,499.437696,3731,1048,MED  / 100ms,0.0
2026-09-01T11:57:05.767648,0.2,499.437696,499.437696,3731,1048,MED  / 100ms,0.0
2026-09-01T11:57:05.771914,0.2,499.437696,499.437696,3731,1048,MED  / 100ms,0.0
2026-09-01T11:57:05.776186,0.2,499.437696,499.437696,3731,1048,MED  / 100ms,0.0
2026-09-01T11:57:05.780491,0.2,499.437696,499.437696,3731,1048,MED  / 100ms,0.0
2026-09-01T11:57:05.784780,0.2,499.437696,499.437696,3731,1048,MED  / 100ms,0.0
2026-09-01T11:57:05.789053,0.2,499.437696,499.437696,3731,1048,MED  / 100ms,0.0
2026-09-01T11:57:05.793334,0.2,499.437696,499.437696,3731,1048,MED  / 100ms,0.0
